iteration,Train/mean_reward,Skill/push,Skill/pick-lift,Skill/place-down,Episode/success
1900,12.853580474853516,0.3129691183567047,0.021413013339042664,0.08045893907546997,0.0019167580176144838
1901,18.99274444580078,0.9693703651428223,0.2231779545545578,0.27676159143447876,0.05725737288594246
1902,24.88717269897461,0.9987499713897705,0.4439084529876709,0.5257046818733215,0.19515669345855713
1903,26.330839157104492,0.9992377758026123,0.5693976879119873,0.693180501461029,0.28858867287635803
1904,28.39605712890625,0.9969618320465088,0.6641144752502441,0.7845396995544434,0.3613750636577606
1905,26.69135856628418,0.998641312122345,0.6640624403953552,0.7969558238983154,0.35088708996772766
1906,27.300443649291992,0.997880756855011,0.6740649938583374,0.7972477078437805,0.3576746881008148
1907,29.609649658203125,1.0,0.6666994094848633,0.8034954071044922,0.35574713349342346
1908,28.72099494934082,0.9973787069320679,0.6632995009422302,0.7936439514160156,0.35014408826828003
1909,28.396142959594727,0.9984375238418579,0.6671002507209778,0.7968350648880005,0.37140485644340515
1910,30.955289840698242,0.9973776340484619,0.6817042827606201,0.8004934787750244,0.36257806420326233
1911,27.367000579833984,0.997329592704773,0.6772724986076355,0.7993912696838379,0.35290762782096863
1912,30.523866653442383,0.9988839626312256,0.667328953742981,0.7963173985481262,0.35519126057624817
1913,29.50893211364746,0.9977650046348572,0.6669252514839172,0.7960340976715088,0.3627946376800537
1914,29.919702529907227,0.9965490102767944,0.6651681661605835,0.796990156173706,0.3601457476615906
1915,30.25982093811035,0.9985119104385376,0.6724065542221069,0.7955867052078247,0.3550143241882324
1916,29.779273986816406,1.0,0.6872648000717163,0.8174664974212646,0.35932591557502747
1917,28.59346580505371,0.9967483282089233,0.6608604192733765,0.7855141162872314,0.34437087178230286
1918,26.600658416748047,0.9990234375,0.6929023265838623,0.8054638504981995,0.366936594247818
1919,26.327152252197266,0.9943618774414062,0.6798434853553772,0.8141415119171143,0.3625565767288208
1920,28.0639591217041,1.0,0.672156810760498,0.8023693561553955,0.35143589973449707
1921,28.97023582458496,0.9989583492279053,0.6902635097503662,0.8233405947685242,0.3642651438713074
1922,27.840909957885742,0.9966734647750854,0.6692414283752441,0.8019970059394836,0.3451659381389618
1923,28.81720542907715,0.9987499713897705,0.6754578351974487,0.7911689281463623,0.3544900119304657
1924,29.849666595458984,1.0,0.6742499470710754,0.8134980797767639,0.34405234456062317
1925,30.59640884399414,0.9978660345077515,0.6745866537094116,0.8057495355606079,0.3692263960838318
1926,28.44021987915039,0.996749997138977,0.6660892367362976,0.7987110614776611,0.34950894117355347
1927,30.329626083374023,1.0,0.685516357421875,0.8108344078063965,0.3681272566318512
1928,28.32976531982422,0.9961099028587341,0.6800875663757324,0.7961212396621704,0.35680222511291504
1929,28.959346771240234,0.9950812458992004,0.6836447715759277,0.8007286787033081,0.36632242798805237
1930,29.005582809448242,0.9953258633613586,0.6871570348739624,0.8101794123649597,0.37296372652053833
1931,29.024003982543945,1.0,0.6875435709953308,0.8105556964874268,0.3723343014717102
1932,30.0513858795166,0.9986978769302368,0.6857997179031372,0.8055269718170166,0.3607471287250519
1933,27.600282669067383,0.9990808963775635,0.6761873960494995,0.8125461339950562,0.37266024947166443
1934,29.187820434570312,1.0,0.6884933710098267,0.7972339391708374,0.34967225790023804
1935,27.72074317932129,0.9972826242446899,0.6854265332221985,0.799573540687561,0.3712729215621948
1936,29.045072555541992,0.9987499713897705,0.6721960306167603,0.8064850568771362,0.3591671586036682
1937,30.05015754699707,0.9972826242446899,0.6857994198799133,0.8120830655097961,0.3671940267086029
1938,27.221248626708984,0.9972826242446899,0.6912422180175781,0.8171324729919434,0.36146631836891174
1939,28.75214195251465,0.9966044425964355,0.6835888624191284,0.8149175643920898,0.36981239914894104
1940,28.24933624267578,0.9987499713897705,0.6826522946357727,0.8023414015769958,0.3514367938041687
1941,27.210844039916992,0.9957175850868225,0.6858646273612976,0.8048557043075562,0.3528751730918884
1942,28.39263343811035,0.9983552694320679,0.6737147569656372,0.8173003196716309,0.353781521320343
1943,29.483882904052734,0.9980615377426147,0.6828725337982178,0.8062718510627747,0.3691868782043457
1944,28.410932540893555,0.9985119104385376,0.6987375020980835,0.8236279487609863,0.38077473640441895
1945,28.442026138305664,1.0,0.6836724877357483,0.8120392560958862,0.35903337597846985
1946,28.19694709777832,0.9956079721450806,0.687195897102356,0.8259943723678589,0.36736398935317993
1947,28.95684051513672,0.995730996131897,0.6899075508117676,0.8112661838531494,0.376407653093338
1948,31.683860778808594,0.9951744079589844,0.6828413605690002,0.7967922687530518,0.3673937916755676
1949,27.321517944335938,0.9980543851852417,0.6893755197525024,0.819360613822937,0.3636363446712494
1950,29.195186614990234,1.0,0.6855902671813965,0.8095253109931946,0.3670995533466339
1951,29.172927856445312,0.9988425970077515,0.6915881633758545,0.8249655961990356,0.3740987181663513
1952,27.539159774780273,0.9989224076271057,0.6872906684875488,0.8044846057891846,0.3603859543800354
1953,27.87050437927246,0.9985119104385376,0.6609004735946655,0.8007405996322632,0.35750851035118103
1954,29.27108383178711,1.0,0.6689081192016602,0.7965585589408875,0.3524165749549866
1955,31.015295028686523,1.0,0.6855748891830444,0.8105606436729431,0.3685978055000305
1956,29.02729034423828,0.998641312122345,0.6851377487182617,0.816196084022522,0.35532569885253906
1957,28.3687686920166,0.998641312122345,0.684545636177063,0.8148462772369385,0.3636886179447174
1958,30.394378662109375,0.9979838728904724,0.6886793971061707,0.821488618850708,0.3621979355812073
1959,29.695341110229492,1.0,0.6868984699249268,0.8202883005142212,0.3679353892803192
1960,29.1431827545166,0.9971354007720947,0.6938886642456055,0.8263435363769531,0.3725544810295105
1961,28.532032012939453,0.9949648380279541,0.6980317234992981,0.8182089924812317,0.3569222390651703
1962,29.753787994384766,0.9990530014038086,0.6881290078163147,0.8094577789306641,0.3629608452320099
1963,29.6649169921875,1.0,0.7075067162513733,0.8212450742721558,0.38069164752960205
1964,29.04975700378418,0.9989919662475586,0.6878294944763184,0.8221430778503418,0.36741766333580017
1965,29.849552154541016,0.9989919662475586,0.6717121601104736,0.8168127536773682,0.36573946475982666
1966,30.546096801757812,0.9970343708992004,0.6948021650314331,0.8172520399093628,0.3698512315750122
1967,30.141857147216797,0.9987980723381042,0.6805765628814697,0.8234882950782776,0.3713318407535553
1968,28.015296936035156,0.9989919662475586,0.7065098285675049,0.8201820850372314,0.38181817531585693
1969,30.082054138183594,1.0,0.7006384134292603,0.8261798620223999,0.38575416803359985
1970,29.92124366760254,0.9933844804763794,0.6887693405151367,0.813728928565979,0.3671809136867523
1971,32.10239028930664,0.9986978769302368,0.6863189935684204,0.8184058666229248,0.37045520544052124
1972,28.46491813659668,1.0,0.6907844543457031,0.8259726762771606,0.37270113825798035
1973,28.583681106567383,0.9989919662475586,0.6844697594642639,0.826924204826355,0.36238136887550354
1974,28.62649154663086,0.9979053735733032,0.7022315263748169,0.82795649766922,0.38255977630615234
1975,29.30489730834961,0.9990808963775635,0.6876392960548401,0.8175190091133118,0.3585858643054962
1976,28.79648208618164,0.9968373775482178,0.7055463194847107,0.8300940990447998,0.3799999952316284
1977,29.421714782714844,0.9984375238418579,0.6870423555374146,0.815489649772644,0.36731764674186707
1978,29.22735023498535,1.0,0.6934516429901123,0.8148393034934998,0.360381156206131
1979,28.565303802490234,0.9991071224212646,0.684978723526001,0.8163977861404419,0.36655592918395996
1980,27.88727378845215,1.0,0.6743687391281128,0.8187576532363892,0.36140450835227966
1981,30.483848571777344,0.9966230988502502,0.6968103647232056,0.8283514976501465,0.3755987584590912
1982,29.156553268432617,0.9979166984558105,0.6985530853271484,0.8338805437088013,0.39209461212158203
1983,28.62683868408203,0.9935685396194458,0.6994338035583496,0.832200288772583,0.36376363039016724
1984,29.195833206176758,0.9978448152542114,0.68491530418396,0.8188623189926147,0.3752809166908264
1985,29.93256187438965,0.9972504377365112,0.6944640278816223,0.8103109002113342,0.3681209087371826
1986,29.25303840637207,0.9963977336883545,0.6968473792076111,0.8307182192802429,0.3843272924423218
1987,30.784751892089844,0.9989224076271057,0.6843012571334839,0.8167480826377869,0.3676048219203949
1988,30.065906524658203,0.9947344064712524,0.6922060251235962,0.8147854804992676,0.3741953372955322
1989,32.45428466796875,0.9964861273765564,0.6965802311897278,0.8269767761230469,0.3752122223377228
1990,28.143510818481445,0.9989224076271057,0.6854667663574219,0.8161857724189758,0.3587265610694885
1991,31.239898681640625,0.9986978769302368,0.6892096996307373,0.8292321562767029,0.37201955914497375
1992,28.39519691467285,0.9984375238418579,0.6811675429344177,0.8067619800567627,0.3570810556411743
1993,29.020240783691406,1.0,0.6989109516143799,0.8398597836494446,0.3677811622619629
1994,30.965364456176758,0.9985119104385376,0.7109889388084412,0.8313436508178711,0.38998571038246155
1995,28.3720760345459,0.9940575361251831,0.6819698810577393,0.8013781309127808,0.3677256107330322
1996,29.316604614257812,0.9989224076271057,0.7003365755081177,0.8173509836196899,0.38909828662872314
1997,29.922344207763672,0.9966349005699158,0.690441370010376,0.8210026025772095,0.37210598587989807
1998,28.778337478637695,1.0,0.6894506216049194,0.8201225996017456,0.3731762170791626
1999,28.669204711914062,0.996688961982727,0.6994805932044983,0.8266157507896423,0.379827082157135
2000,26.862873077392578,0.9969308376312256,0.7035518884658813,0.8266527056694031,0.3762916028499603
2001,30.08123207092285,1.0,0.6894582509994507,0.822141170501709,0.3802575170993805
2002,29.289623260498047,0.9991554021835327,0.6824102401733398,0.8210930228233337,0.37472036480903625
2003,28.969524383544922,0.9960600137710571,0.7036765813827515,0.8309553861618042,0.3743254840373993
2004,29.485139846801758,0.9985119104385376,0.7041804194450378,0.828619122505188,0.36955904960632324
2005,30.265087127685547,0.9956493377685547,0.6900305151939392,0.8290004730224609,0.376997709274292
2006,28.213594436645508,0.9988425970077515,0.7034034729003906,0.8236565589904785,0.37789350748062134
2007,29.109712600708008,0.9975378513336182,0.6986056566238403,0.815824031829834,0.36403748393058777
2008,28.717941284179688,0.9963833093643188,0.6912529468536377,0.8243128061294556,0.35122787952423096
2009,29.953691482543945,0.9987499713897705,0.6798815727233887,0.8223360180854797,0.36484575271606445
2010,29.1864013671875,0.9990808963775635,0.6904044151306152,0.821933925151825,0.3595017194747925
2011,29.29808235168457,0.9975818395614624,0.6941349506378174,0.8211981654167175,0.3608247637748718
2012,29.32416534423828,0.9990234375,0.7013048529624939,0.8148629665374756,0.37251606583595276
2013,29.31634521484375,0.9977650046348572,0.6983895301818848,0.8246809244155884,0.3778482675552368
2014,31.870752334594727,1.0,0.6985881328582764,0.8283329606056213,0.3775158226490021
2015,29.501811981201172,0.9987499713897705,0.6999046802520752,0.8140137195587158,0.36499282717704773
2016,29.410053253173828,0.9985326528549194,0.6871722340583801,0.8207756876945496,0.37399056553840637
2017,29.25655746459961,0.9972873330116272,0.7037976980209351,0.8280624151229858,0.37684452533721924
2018,30.413040161132812,0.9968993067741394,0.688503086566925,0.8121708631515503,0.3801935017108917
2019,30.519840240478516,0.9989919662475586,0.7024813890457153,0.8273866176605225,0.3765750527381897
2020,28.784069061279297,0.9988425970077515,0.697258472442627,0.8226149082183838,0.36048877239227295
2021,30.83791160583496,0.9972826242446899,0.6813880205154419,0.8187129497528076,0.3659808039665222
2022,30.569915771484375,0.9985795617103577,0.6957178115844727,0.8153926134109497,0.376708447933197
2023,29.914276123046875,0.9970388412475586,0.7002246379852295,0.8226028680801392,0.3793984353542328
2024,29.557861328125,0.9949061274528503,0.6881981492042542,0.8209767937660217,0.36820924282073975
2025,27.800493240356445,0.9991071224212646,0.6971176862716675,0.8311323523521423,0.37079599499702454
2026,29.182878494262695,1.0,0.7151802778244019,0.8356484770774841,0.39966174960136414
2027,30.505041122436523,0.9986978769302368,0.7222111821174622,0.8260879516601562,0.38997694849967957
2028,29.521682739257812,1.0,0.7058233022689819,0.8282612562179565,0.37982282042503357
2029,27.931034088134766,0.9904249906539917,0.6834316849708557,0.825788140296936,0.3683299720287323
2030,29.050640106201172,0.9984809160232544,0.7018294334411621,0.82080078125,0.3732667863368988
2031,30.248987197875977,0.9978422522544861,0.6854846477508545,0.8102476596832275,0.3655426502227783
2032,28.730981826782227,0.9986978769302368,0.6991903185844421,0.8135436177253723,0.37460950016975403
2033,30.811857223510742,1.0,0.7103921175003052,0.837001383304596,0.3804597556591034
2034,29.196922302246094,0.9988425970077515,0.6805346012115479,0.8094823360443115,0.3684363067150116
2035,28.270008087158203,0.9977650046348572,0.7008941769599915,0.8409645557403564,0.38607075810432434
2036,30.73383903503418,0.997185230255127,0.6965526342391968,0.8215112090110779,0.37336739897727966
2037,30.226978302001953,0.9978955984115601,0.6919151544570923,0.8310314416885376,0.3819742798805237
2038,29.778451919555664,0.9977419376373291,0.6826560497283936,0.8109861612319946,0.36366239190101624
2039,28.825021743774414,1.0,0.7044597864151001,0.8258941173553467,0.380428671836853
2040,30.85107421875,0.9979503154754639,0.6928819417953491,0.824566125869751,0.3760179877281189
2041,29.619930267333984,0.9972208738327026,0.708946168422699,0.8233801126480103,0.3785878121852875
2042,29.539783477783203,0.9963464736938477,0.6986510157585144,0.8242032527923584,0.3810344934463501
2043,28.728260040283203,0.9986978769302368,0.6890710592269897,0.8231707215309143,0.3567940294742584
2044,31.24571418762207,0.9988839626312256,0.700302004814148,0.8298009037971497,0.3720543384552002
2045,29.705312728881836,0.9977678656578064,0.692152738571167,0.8244761228561401,0.37911465764045715
2046,28.124408721923828,0.9978030323982239,0.6916321516036987,0.8215652704238892,0.37620943784713745
2047,30.847911834716797,0.9977564215660095,0.6937745809555054,0.8283074498176575,0.3855421543121338
2048,29.729536056518555,0.9939467310905457,0.6979541182518005,0.8218085765838623,0.3684210479259491
2049,28.87752914428711,0.9980393648147583,0.6884587407112122,0.8285344839096069,0.3733588755130768
2050,29.506826400756836,0.9989919662475586,0.6952343583106995,0.8202784061431885,0.378935307264328
2051,28.84600257873535,0.9973958730697632,0.6958954334259033,0.8272849917411804,0.3664667308330536
2052,30.835350036621094,0.9985795617103577,0.7000671625137329,0.8259757161140442,0.3853421211242676
2053,29.158924102783203,0.9963977336883545,0.6917203068733215,0.8225645422935486,0.37328094244003296
2054,30.01378631591797,0.9972355365753174,0.7050809860229492,0.8262467980384827,0.3800281584262848
2055,30.9122314453125,0.9967317581176758,0.7057327628135681,0.8233717083930969,0.3683758080005646
2056,29.744815826416016,0.9972392320632935,0.7149121761322021,0.8352473974227905,0.3863179087638855
2057,27.857572555541992,0.9988839626312256,0.6916961073875427,0.8297512531280518,0.3788444995880127
2058,29.439250946044922,0.9984375238418579,0.6973552703857422,0.830602765083313,0.371191143989563
2059,29.776216506958008,0.9987980723381042,0.7065072059631348,0.8316844701766968,0.3855968117713928
2060,27.893468856811523,0.9934343695640564,0.7039176225662231,0.8316769599914551,0.38507717847824097
2061,30.07309341430664,1.0,0.7047563791275024,0.8290443420410156,0.37736934423446655
2062,29.830398559570312,0.9991987347602844,0.7036340236663818,0.8341447710990906,0.3859994411468506
2063,30.82430076599121,0.9988839626312256,0.7054789066314697,0.8240975737571716,0.3703496754169464
2064,28.274131774902344,0.9973958730697632,0.7146053314208984,0.835976243019104,0.38521066308021545
2065,31.36021614074707,0.998641312122345,0.7051575183868408,0.8279707431793213,0.37864911556243896
2066,28.198902130126953,0.9972208738327026,0.6941614151000977,0.8253293037414551,0.3862919211387634
2067,29.363651275634766,0.9964244365692139,0.6942288875579834,0.815518856048584,0.38444259762763977
2068,29.106586456298828,0.9971532225608826,0.6935807466506958,0.8271321654319763,0.39027151465415955
2069,29.863264083862305,1.0,0.6867089867591858,0.8197998404502869,0.36660051345825195
2070,28.5179443359375,0.9964330792427063,0.6928238272666931,0.8226282596588135,0.3744962811470032
2071,28.53251075744629,1.0,0.7021138668060303,0.8236691355705261,0.36772334575653076
2072,29.79191780090332,0.9994212985038757,0.7095078825950623,0.8262373208999634,0.38613036274909973
2073,28.076984405517578,0.9925994277000427,0.6889194250106812,0.823573887348175,0.3727945387363434
2074,30.628267288208008,1.0,0.7096068859100342,0.8340986967086792,0.3910820782184601
2075,28.571834564208984,1.0,0.698096513748169,0.8175816535949707,0.364003449678421
2076,26.985151290893555,1.0,0.6992672681808472,0.8312650918960571,0.3809390664100647
2077,28.556413650512695,0.9978189468383789,0.693402886390686,0.8305084705352783,0.3767872154712677
2078,26.81381607055664,0.9990808963775635,0.70585697889328,0.8320020437240601,0.38439470529556274
2079,30.556228637695312,0.9990808963775635,0.6988306045532227,0.8318361043930054,0.3815789222717285
2080,27.57926368713379,0.9960958957672119,0.7060928344726562,0.8432592153549194,0.387725830078125
2081,28.12587547302246,0.9936769604682922,0.7015887498855591,0.8242653608322144,0.3814721405506134
2082,29.79195213317871,0.9982638955116272,0.704542875289917,0.8229846358299255,0.37975043058395386
2083,29.39409637451172,0.9988839626312256,0.7100280523300171,0.8249050378799438,0.3758160471916199
2084,28.601381301879883,0.9973958134651184,0.6956272721290588,0.8245708346366882,0.3814433217048645
2085,29.238536834716797,0.9988839626312256,0.7012743949890137,0.8259514570236206,0.3810349702835083
2086,30.404340744018555,0.9947689175605774,0.6908882856369019,0.8288094997406006,0.37617987394332886
2087,29.576282501220703,0.9957057237625122,0.702590823173523,0.8265237808227539,0.37467995285987854
2088,28.935546875,0.9966771602630615,0.6923947334289551,0.8310628533363342,0.37489327788352966
2089,29.318050384521484,0.9968336820602417,0.6964341402053833,0.823789119720459,0.37148594856262207
2090,28.469013214111328,0.996599018573761,0.6987992525100708,0.827883243560791,0.38558611273765564
2091,29.336963653564453,1.0,0.70803302526474,0.8303260803222656,0.3811659514904022
2092,30.964309692382812,0.9939893484115601,0.7075514793395996,0.8278006911277771,0.3796745836734772
2093,29.178359985351562,0.9968953132629395,0.6921664476394653,0.8237935304641724,0.37916186451911926
2094,30.51287269592285,0.9975404739379883,0.695446252822876,0.8384178876876831,0.3668486177921295
2095,31.514711380004883,1.0,0.7010965347290039,0.8220039010047913,0.3791654706001282
2096,29.590686798095703,0.9940887689590454,0.6948456764221191,0.8109622001647949,0.3637387454509735
2097,30.315073013305664,0.99772047996521,0.6985357999801636,0.8255819082260132,0.37739628553390503
2098,30.580097198486328,0.9963804483413696,0.6965605616569519,0.8297781348228455,0.3818129599094391
2099,27.30576515197754,1.0,0.6851413249969482,0.809802770614624,0.3678293228149414
2100,28.88956642150879,0.994181752204895,0.714408278465271,0.8301643133163452,0.3856825828552246
2101,28.254276275634766,1.0,0.7062368392944336,0.8257222175598145,0.38444066047668457
2102,26.015167236328125,1.0,0.701690673828125,0.8305953741073608,0.37068718671798706
2103,29.43219757080078,0.998641312122345,0.7031757831573486,0.8285835981369019,0.38485801219940186
2104,28.576927185058594,0.9979754686355591,0.7136009335517883,0.8353849053382874,0.3898826241493225
2105,31.019363403320312,0.9962975978851318,0.7131266593933105,0.837704062461853,0.384766161441803
2106,28.665605545043945,0.9968805909156799,0.700043261051178,0.8323721885681152,0.3811710476875305
2107,29.876935958862305,0.9963128566741943,0.7002881169319153,0.8418461084365845,0.37313002347946167
2108,29.968564987182617,0.9988425970077515,0.7022478580474854,0.834375262260437,0.3773041367530823
2109,28.699499130249023,0.9959532022476196,0.6964085102081299,0.8105350136756897,0.3801006078720093
2110,29.1527042388916,0.9976819753646851,0.6976787447929382,0.8318741321563721,0.37408655881881714
2111,29.271968841552734,0.9989919662475586,0.7009785771369934,0.8288406133651733,0.3788873255252838
2112,29.28355598449707,0.9987980723381042,0.7007483243942261,0.8350614309310913,0.3636363446712494
2113,29.25457191467285,0.9972618818283081,0.6903565526008606,0.8345175981521606,0.3676767647266388
2114,30.385215759277344,1.0,0.7095008492469788,0.821155846118927,0.3773065209388733
2115,31.326431274414062,0.9984375238418579,0.7100092768669128,0.8298544883728027,0.3868383467197418
2116,28.970502853393555,0.9991554021835327,0.7020050883293152,0.8266863822937012,0.3727375864982605
2117,29.16535758972168,0.9989224076271057,0.6874633431434631,0.8167537450790405,0.37431618571281433
2118,29.368043899536133,0.9988425970077515,0.7067787647247314,0.8337371945381165,0.3778955936431885
2119,30.186603546142578,0.9961007833480835,0.6966442465782166,0.8259010314941406,0.3784087598323822
2120,29.79320526123047,1.0,0.6880139708518982,0.8200806379318237,0.3615560531616211
2121,29.39410400390625,0.996921956539154,0.7024688720703125,0.8256142139434814,0.3800748884677887
2122,28.856918334960938,0.9980764389038086,0.6905595660209656,0.8283994197845459,0.37568265199661255
2123,27.714183807373047,1.0,0.690133273601532,0.8267987370491028,0.37665262818336487
2124,29.8948974609375,0.9972774982452393,0.702652633190155,0.8273847103118896,0.3820224702358246
2125,31.87828254699707,0.9991554021835327,0.712640643119812,0.8335679769515991,0.3854047656059265
2126,27.778919219970703,0.9978063106536865,0.7018392086029053,0.8286040425300598,0.3743530809879303
2127,30.191781997680664,0.9961721301078796,0.7010520696640015,0.8370511531829834,0.3843046724796295
2128,29.66505241394043,0.9986978769302368,0.7082173824310303,0.833175778388977,0.3802544176578522
2129,29.753190994262695,1.0,0.7029150724411011,0.8332762718200684,0.38404345512390137
2130,31.929351806640625,0.9985795617103577,0.7094351053237915,0.8353748917579651,0.3896726965904236
2131,28.088871002197266,1.0,0.6994478702545166,0.8333343863487244,0.3814462721347809
2132,30.794830322265625,0.9957152605056763,0.707374095916748,0.8237490653991699,0.3835616409778595
2133,29.361764907836914,0.9973169565200806,0.7145149111747742,0.8433855772018433,0.38954466581344604
2134,30.374637603759766,0.9965170621871948,0.6970005631446838,0.8294181823730469,0.36690443754196167
2135,28.847347259521484,0.9990808963775635,0.6994433999061584,0.8256759643554688,0.37716761231422424
2136,32.82327651977539,1.0,0.6910687685012817,0.8287959098815918,0.3576558530330658
2137,28.469079971313477,0.9988425970077515,0.693402886390686,0.8203169107437134,0.37388142943382263
2138,31.036380767822266,0.9987980723381042,0.7057008743286133,0.834621250629425,0.36806342005729675
2139,28.302928924560547,0.9969139099121094,0.7087277173995972,0.8327696323394775,0.38903096318244934
2140,28.62022590637207,1.0,0.6970078945159912,0.8215674161911011,0.3790229856967926
2141,30.55166244506836,0.998641312122345,0.7002930641174316,0.8397082090377808,0.37640610337257385
2142,29.307178497314453,1.0,0.7036442756652832,0.8249337673187256,0.3734474182128906
2143,30.057992935180664,0.9969582557678223,0.6983683109283447,0.8360084295272827,0.3800515830516815
2144,28.98275375366211,1.0,0.7084389925003052,0.8421837091445923,0.38563382625579834
2145,29.76249122619629,0.9966552257537842,0.6943041086196899,0.8253064155578613,0.37945008277893066
2146,30.56743049621582,1.0,0.7125307321548462,0.8469486832618713,0.39235919713974
2147,30.633934020996094,0.9991071224212646,0.707485556602478,0.8382168412208557,0.3955642879009247
2148,28.456724166870117,1.0,0.7018221020698547,0.8299382925033569,0.3820483386516571
2149,30.77302360534668,0.9975818395614624,0.7004638314247131,0.8326327800750732,0.38346296548843384
2150,27.964981079101562,0.9975961446762085,0.705185055732727,0.842722475528717,0.3943380117416382
2151,29.825319290161133,0.9988839626312256,0.6965205073356628,0.823490560054779,0.36865589022636414
2152,29.99785804748535,0.9955415725708008,0.7185171842575073,0.8339260816574097,0.3891415596008301
2153,31.522743225097656,0.9990234375,0.7102369070053101,0.8299642205238342,0.3826037645339966
2154,28.817707061767578,0.9989583492279053,0.6921632289886475,0.8171459436416626,0.35591766238212585
2155,30.203872680664062,0.9978050589561462,0.693171501159668,0.8222959041595459,0.3701561689376831
2156,30.686328887939453,0.9965563416481018,0.7063374519348145,0.8304553031921387,0.3881705701351166
2157,28.234189987182617,0.9965013861656189,0.704566478729248,0.831510066986084,0.385121613740921
2158,29.708274841308594,0.9987499713897705,0.6972250938415527,0.8127687573432922,0.3776896893978119
2159,28.17574691772461,0.9954829216003418,0.6934540867805481,0.8300560116767883,0.3761600852012634
2160,29.267866134643555,0.9988425970077515,0.7061061263084412,0.8400035500526428,0.37917596101760864
2161,30.281614303588867,1.0,0.706925094127655,0.8257464170455933,0.38717806339263916
2162,30.186128616333008,0.9986978769302368,0.6970454454421997,0.8277220129966736,0.3784562349319458
2163,29.287532806396484,0.9976332187652588,0.7122576236724854,0.8488975167274475,0.38645532727241516
2164,31.876779556274414,0.9987980723381042,0.694640040397644,0.8273041248321533,0.3699023723602295
2165,30.929845809936523,0.9984375238418579,0.696571946144104,0.8250296711921692,0.3854919373989105
2166,30.471647262573242,0.9979074001312256,0.7020626068115234,0.8340755701065063,0.3811684548854828
2167,30.37652587890625,0.9986978769302368,0.7077315449714661,0.8387099504470825,0.38912612199783325
2168,30.653589248657227,0.9989224076271057,0.7162307500839233,0.829298198223114,0.3892078101634979
2169,28.043420791625977,1.0,0.7061917185783386,0.8282952904701233,0.3816593885421753
2170,29.005868911743164,0.9964752793312073,0.7254152297973633,0.8424800634384155,0.3850150406360626
2171,30.515657424926758,0.9989583492279053,0.6969738006591797,0.8198506832122803,0.3783167004585266
2172,29.010631561279297,0.9947174191474915,0.6990845203399658,0.8118516206741333,0.3792613446712494
2173,31.247594833374023,1.0,0.7106996774673462,0.8360220789909363,0.397988498210907
2174,29.24755096435547,0.9955230951309204,0.6961108446121216,0.8277232646942139,0.3865993618965149
2175,28.237916946411133,0.9988839626312256,0.7153379917144775,0.8342722058296204,0.3983694016933441
2176,30.53436851501465,1.0,0.7080381512641907,0.8375869989395142,0.3747119903564453
2177,29.81749153137207,0.9976339340209961,0.7050607204437256,0.8351171612739563,0.3826983571052551
2178,30.938716888427734,1.0,0.7076056003570557,0.8247119188308716,0.3848152458667755
2179,30.527639389038086,0.9985795617103577,0.7008339762687683,0.8209728598594666,0.38578540086746216
2180,27.97646141052246,1.0,0.6991978287696838,0.821718156337738,0.37280452251434326
2181,31.823287963867188,0.9989919662475586,0.7014602422714233,0.8337366580963135,0.3813583254814148
2182,28.93923568725586,0.9988839626312256,0.7116158604621887,0.8362336158752441,0.38804253935813904
2183,31.319154739379883,0.9977564215660095,0.7088979482650757,0.8331848382949829,0.38383248448371887
2184,30.14031982421875,1.0,0.707915186882019,0.8240708708763123,0.3858353793621063
2185,32.52833938598633,0.9969998002052307,0.7155561447143555,0.8347234725952148,0.3746446967124939
2186,30.633750915527344,0.9964603185653687,0.6949303150177002,0.8219424486160278,0.3799026906490326
2187,28.820602416992188,0.9976562261581421,0.6900244951248169,0.8332093954086304,0.38309454917907715
2188,29.16387939453125,0.9977564215660095,0.7027776837348938,0.8305037021636963,0.37830987572669983
2189,30.738317489624023,0.9970078468322754,0.6874635219573975,0.8155242800712585,0.37314268946647644
2190,28.58654022216797,0.9985119104385376,0.7103447914123535,0.8252952098846436,0.3812123239040375
2191,29.34369468688965,1.0,0.7041938304901123,0.8283178806304932,0.38847261667251587
2192,31.03089714050293,0.9971073865890503,0.7063413858413696,0.8314063549041748,0.3860304653644562
2193,28.808475494384766,0.9952927231788635,0.6994451880455017,0.8320772647857666,0.3771034777164459
2194,29.99562644958496,0.9991071224212646,0.7248876094818115,0.841518759727478,0.39710474014282227
2195,29.332839965820312,0.9974960088729858,0.697239100933075,0.823468804359436,0.3877492845058441
2196,28.898815155029297,0.9966044425964355,0.6935160756111145,0.8340039253234863,0.382538765668869
2197,31.021121978759766,0.9968390464782715,0.7013994455337524,0.8304042220115662,0.39455386996269226
2198,30.219696044921875,0.9944650530815125,0.6971811652183533,0.8338924646377563,0.38608458638191223
2199,30.12180519104004,0.9959703683853149,0.701791524887085,0.8239635229110718,0.37353530526161194
2200,29.986160278320312,0.9987499713897705,0.7125111818313599,0.842888593673706,0.39468419551849365
2201,30.106719970703125,0.9985795617103577,0.7021968960762024,0.822800874710083,0.3738532066345215
2202,29.637575149536133,0.9990530014038086,0.706035315990448,0.8327755928039551,0.39046281576156616
2203,30.589765548706055,0.9986978769302368,0.7035984992980957,0.8408199548721313,0.39105987548828125
2204,29.782642364501953,0.9979687929153442,0.6986837387084961,0.8272063732147217,0.372139573097229
2205,29.414051055908203,0.9987499713897705,0.7093445062637329,0.828458845615387,0.39032816886901855
2206,30.33330726623535,1.0,0.6958664059638977,0.8285512924194336,0.36948370933532715
2207,31.115497589111328,0.998641312122345,0.7140845060348511,0.8389394879341125,0.40093690156936646
2208,29.545326232910156,0.9952848553657532,0.6955050230026245,0.8229387998580933,0.3720930218696594
2209,30.16059112548828,0.9948978424072266,0.7183876037597656,0.8420153856277466,0.3932039141654968
2210,31.06549072265625,1.0,0.6993070840835571,0.8275814056396484,0.38428324460983276
2211,28.69327735900879,0.9986978769302368,0.705973744392395,0.8324522972106934,0.37697073817253113
2212,30.95772933959961,0.9977678656578064,0.7149267196655273,0.8375284671783447,0.38482990860939026
2213,30.507980346679688,0.9974634647369385,0.7051855325698853,0.828312873840332,0.38523414731025696
2214,29.886690139770508,0.9988839626312256,0.6997009515762329,0.8181440234184265,0.3704233169555664
2215,30.975582122802734,1.0,0.7081552147865295,0.8304042220115662,0.3824712634086609
2216,28.1983642578125,0.9988425970077515,0.7061010599136353,0.8287537097930908,0.38470157980918884
2217,30.286094665527344,0.9989919662475586,0.703697919845581,0.837749719619751,0.38954803347587585
2218,28.517620086669922,0.9968134164810181,0.6941028833389282,0.8283060193061829,0.3802098035812378
2219,29.67205238342285,0.9989583492279053,0.7099754214286804,0.8295272588729858,0.3845931887626648
2220,28.903316497802734,0.9991554021835327,0.698820948600769,0.8316032290458679,0.3734835088253021
2221,28.279586791992188,0.9971052408218384,0.7040971517562866,0.828667938709259,0.3774889409542084
2222,29.43415641784668,1.0,0.7053659558296204,0.8278063535690308,0.3862147629261017
2223,30.1368465423584,0.9967254400253296,0.7071785926818848,0.8437061309814453,0.3837638199329376
2224,27.94927406311035,0.9977509379386902,0.6943817138671875,0.8151988387107849,0.3724754750728607
2225,31.036598205566406,0.9964422583580017,0.7042348980903625,0.8404135704040527,0.3875665068626404
2226,32.42206954956055,0.9976604580879211,0.7099506855010986,0.8270262479782104,0.38083264231681824
2227,28.70536231994629,0.9990234375,0.6937825679779053,0.8362137675285339,0.3679516613483429
2228,30.05376434326172,0.9991554021835327,0.7031738758087158,0.8262895941734314,0.3786102533340454
2229,29.604475021362305,0.9989919662475586,0.6869423389434814,0.8165332078933716,0.36920860409736633
2230,30.12759017944336,0.9988839626312256,0.7079312801361084,0.833320140838623,0.38089919090270996
2231,30.50364875793457,0.9963518381118774,0.7084710597991943,0.8352735042572021,0.3789592981338501
2232,28.084482192993164,0.9975019693374634,0.7059727907180786,0.8383796215057373,0.37681159377098083
2233,30.03822135925293,0.9973958134651184,0.713609516620636,0.8199646472930908,0.38002294301986694
2234,31.3040714263916,0.9988425970077515,0.7143248915672302,0.8426643013954163,0.39043477177619934
2235,29.13990020751953,0.9957288503646851,0.7158384919166565,0.8381766080856323,0.404419869184494
2236,28.944042205810547,0.9985795617103577,0.6990516185760498,0.8301661014556885,0.38614991307258606
2237,28.891000747680664,0.9990234375,0.7016938328742981,0.8268621563911438,0.37688586115837097
2238,31.067779541015625,1.0,0.7195501923561096,0.8456950187683105,0.39804989099502563
2239,30.941791534423828,0.9963833093643188,0.6929078102111816,0.8290989995002747,0.38623595237731934
2240,31.698427200317383,0.9975378513336182,0.7028124928474426,0.8305701017379761,0.39128002524375916
2241,30.531639099121094,0.9975038766860962,0.70859295129776,0.8520020246505737,0.3963938057422638
2242,28.522485733032227,0.9972097873687744,0.7054644823074341,0.8354706168174744,0.3697647750377655
2243,29.63486099243164,0.998641312122345,0.699187695980072,0.8248287439346313,0.3876080811023712
2244,30.08881187438965,0.9967002868652344,0.7052599787712097,0.8380048871040344,0.385538786649704
2245,31.497201919555664,0.9979143142700195,0.6949177384376526,0.8213935494422913,0.3797076940536499
2246,30.422300338745117,0.9987499713897705,0.7100565433502197,0.8191704750061035,0.3944953978061676
2247,28.661354064941406,0.997672438621521,0.7051070332527161,0.8367570042610168,0.39024388790130615
2248,28.83280372619629,1.0,0.7131858468055725,0.8433047533035278,0.4007534384727478
2249,30.224834442138672,0.9967891573905945,0.7037419676780701,0.8434910178184509,0.3874172270298004
2250,31.65027618408203,1.0,0.7012245059013367,0.8363048434257507,0.3877667486667633
2251,30.370824813842773,0.9974960088729858,0.6965875625610352,0.8287107944488525,0.3752495050430298
2252,29.96915626525879,0.9955258369445801,0.6966976523399353,0.824022650718689,0.36728835105895996
2253,28.13775062561035,0.9962134957313538,0.7210702896118164,0.84502774477005,0.4029139578342438
2254,29.505096435546875,1.0,0.7209275364875793,0.8428459167480469,0.39307647943496704
2255,30.680429458618164,0.9984375238418579,0.6919113397598267,0.8172883987426758,0.37816092371940613
2256,29.7309627532959,0.9957910776138306,0.6980210542678833,0.8269071578979492,0.3778097927570343
2257,29.680246353149414,0.9978345632553101,0.7140056490898132,0.8283534049987793,0.3809111714363098
2258,28.552797317504883,1.0,0.7046592831611633,0.8280147910118103,0.3854950964450836
2259,28.927043914794922,0.9989919662475586,0.7105967402458191,0.8395156860351562,0.37826454639434814
2260,28.43189811706543,1.0,0.7143651247024536,0.8286747336387634,0.38880959153175354
2261,30.024860382080078,0.9988839626312256,0.7031528949737549,0.8361802101135254,0.3891128897666931
2262,28.351110458374023,0.996137261390686,0.7021202445030212,0.8357187509536743,0.37975049018859863
2263,29.936527252197266,0.9981305599212646,0.6942737102508545,0.837374210357666,0.3767480254173279
2264,28.9868221282959,0.9990234375,0.7170904874801636,0.8493502140045166,0.39110472798347473
2265,28.708213806152344,0.9989224076271057,0.692484974861145,0.8294259309768677,0.37665635347366333
2266,30.815664291381836,0.9989224076271057,0.6987593173980713,0.8437771797180176,0.37673211097717285
2267,30.71891212463379,0.9989583492279053,0.7017316222190857,0.8194172382354736,0.3888733685016632
2268,29.46074867248535,1.0,0.7093742489814758,0.837180495262146,0.37573549151420593
2269,29.369016647338867,1.0,0.6973055601119995,0.830651044845581,0.3963938057422638
2270,28.109272003173828,0.998641312122345,0.694568395614624,0.8290600776672363,0.38656672835350037
2271,30.574148178100586,0.9985119104385376,0.7163476943969727,0.84140944480896,0.3915420174598694
2272,30.816896438598633,1.0,0.7042019367218018,0.8387942314147949,0.37440225481987
2273,28.714679718017578,1.0,0.7120785713195801,0.8310804963111877,0.38754910230636597
2274,29.40496253967285,0.9953900575637817,0.7046313881874084,0.8338000178337097,0.3856489360332489
2275,30.1870174407959,1.0,0.7190226912498474,0.8473255634307861,0.38512349128723145
2276,28.27857208251953,0.9989919662475586,0.7036677598953247,0.8485555052757263,0.3818760812282562
2277,29.796680450439453,0.9956329464912415,0.7069289684295654,0.8241121768951416,0.38717666268348694
2278,30.833572387695312,0.9977571964263916,0.705248236656189,0.8311849236488342,0.3858695328235626
2279,31.036001205444336,0.9932193756103516,0.7134210467338562,0.8402811288833618,0.4056869447231293
2280,30.51555061340332,1.0,0.7009605169296265,0.8453909158706665,0.37933024764060974
2281,27.80928611755371,0.9971863031387329,0.7014477849006653,0.840843677520752,0.3720930218696594
2282,30.20598030090332,0.998641312122345,0.7084440588951111,0.825903058052063,0.3861663341522217
2283,28.86486053466797,0.9973776340484619,0.6978006362915039,0.8326966762542725,0.38112884759902954
2284,31.807432174682617,0.9990530014038086,0.7199122905731201,0.8359447717666626,0.3911662697792053
2285,30.393558502197266,0.9988839626312256,0.7024515867233276,0.8295719027519226,0.3906160295009613
2286,28.688955307006836,1.0,0.7087990045547485,0.8347654342651367,0.3797539174556732
2287,30.859094619750977,0.9989919662475586,0.7208406925201416,0.8426051139831543,0.40384072065353394
2288,29.506317138671875,0.9980202317237854,0.7073361873626709,0.8400465846061707,0.3864995539188385
2289,29.340559005737305,0.9965786933898926,0.6887341737747192,0.8267711400985718,0.36861732602119446
2290,27.661190032958984,0.9975481033325195,0.7012734413146973,0.8323062062263489,0.37901127338409424
2291,29.808238983154297,0.9984375238418579,0.6969305276870728,0.8348850011825562,0.38448843359947205
2292,30.50424575805664,0.997592568397522,0.713620662689209,0.8384934663772583,0.3967936038970947
2293,30.208677291870117,1.0,0.7028300762176514,0.8337728977203369,0.37879642844200134
2294,29.76744842529297,0.9968758821487427,0.7198949456214905,0.836234450340271,0.39192327857017517
2295,30.1970157623291,0.9987980723381042,0.7096065878868103,0.8393881916999817,0.3896176218986511
2296,30.525014877319336,0.9965171813964844,0.703464150428772,0.8448132872581482,0.37559470534324646
2297,29.09621238708496,0.997592568397522,0.7005071640014648,0.8264334201812744,0.3776687681674957
2298,31.238401412963867,0.9973545074462891,0.7243150472640991,0.8444544076919556,0.4001723825931549
2299,29.600692749023438,0.9989919662475586,0.7105284929275513,0.827386736869812,0.3850129246711731
2300,29.828903198242188,0.9957258105278015,0.6931507587432861,0.8313335180282593,0.3819599151611328
2301,28.07518768310547,0.9967339038848877,0.7110366225242615,0.8384591341018677,0.37684452533721924
2302,30.734437942504883,0.997592568397522,0.7039147615432739,0.8273990154266357,0.38190096616744995
2303,27.437576293945312,0.997830867767334,0.7043017148971558,0.8291229009628296,0.3813607692718506
2304,29.831787109375,0.9953286647796631,0.7137507796287537,0.8363404870033264,0.3929916024208069
2305,31.265146255493164,0.9987499713897705,0.7069367170333862,0.8281556367874146,0.3970911204814911
2306,30.108110427856445,0.9945752024650574,0.7030327320098877,0.8238941431045532,0.3772180676460266
2307,28.292997360229492,1.0,0.7103909254074097,0.8390846252441406,0.38069629669189453
2308,30.754777908325195,0.9972355365753174,0.6968339681625366,0.8237823247909546,0.37583503127098083
2309,30.46004295349121,1.0,0.7123002409934998,0.8356446027755737,0.3976038098335266
2310,29.42142105102539,0.9988425970077515,0.7013916969299316,0.8317051529884338,0.3854950964450836
2311,31.421504974365234,0.9976406693458557,0.7110176682472229,0.8399928212165833,0.39867204427719116
2312,31.146602630615234,0.9987499713897705,0.7095745205879211,0.8342124223709106,0.3799252212047577
2313,29.925697326660156,0.9985119104385376,0.7133135795593262,0.8385715484619141,0.38714325428009033
2314,30.148042678833008,0.9989224076271057,0.715897798538208,0.8398243188858032,0.37860310077667236
2315,29.455373764038086,0.9946988821029663,0.6854739189147949,0.8227337598800659,0.3765903115272522
2316,30.025217056274414,0.9979166984558105,0.7053961753845215,0.8432333469390869,0.3866552412509918
2317,27.511255264282227,0.9949109554290771,0.7190593481063843,0.8397488594055176,0.3899569511413574
2318,29.792943954467773,0.9980154037475586,0.7147377729415894,0.843218207359314,0.413441926240921
2319,32.102272033691406,0.9989583492279053,0.7060253620147705,0.8346859216690063,0.3884793817996979
2320,29.29689598083496,1.0,0.7228118777275085,0.8417818546295166,0.3910806179046631
2321,28.360280990600586,1.0,0.7092865705490112,0.843783438205719,0.3921680152416229
2322,29.828996658325195,0.997880756855011,0.7072267532348633,0.8323079347610474,0.38066375255584717
2323,29.72589874267578,0.9986978769302368,0.7004642486572266,0.8379812240600586,0.3937184810638428
2324,30.750444412231445,0.9988839626312256,0.7132920026779175,0.8396517038345337,0.3989361822605133
2325,29.01080894470215,1.0,0.6937991380691528,0.8298277854919434,0.3867243826389313
2326,29.527605056762695,0.9980728626251221,0.7070255279541016,0.8420632481575012,0.38054364919662476
2327,28.984689712524414,0.9972776770591736,0.7014064788818359,0.8245733976364136,0.3870687186717987
2328,31.074865341186523,1.0,0.7037701606750488,0.8324275016784668,0.37855759263038635
2329,30.049678802490234,0.995055079460144,0.7055642008781433,0.8418024778366089,0.38422390818595886
2330,30.87148094177246,0.997830867767334,0.7152912616729736,0.844511091709137,0.3955605924129486
2331,30.893909454345703,0.9987499713897705,0.7027204036712646,0.8317372798919678,0.38315609097480774
2332,30.14331817626953,0.9969618320465088,0.7034546136856079,0.8391396999359131,0.38848501443862915
2333,31.237091064453125,0.9980764389038086,0.7101662755012512,0.8424748778343201,0.38547638058662415
2334,30.9498348236084,1.0,0.6996839046478271,0.8310134410858154,0.37969282269477844
2335,31.062328338623047,0.9967734813690186,0.6964257955551147,0.8374602794647217,0.3763594627380371
2336,28.94947624206543,0.9974479079246521,0.7045717239379883,0.8339338898658752,0.3822937607765198
2337,31.828449249267578,0.9989224076271057,0.710040807723999,0.8424644470214844,0.398646742105484
2338,31.483306884765625,0.9958552718162537,0.7060894966125488,0.8262909650802612,0.3957577347755432
2339,29.352191925048828,0.9936336278915405,0.7028461694717407,0.8392444849014282,0.39104220271110535
2340,28.796289443969727,0.9977213144302368,0.7087936401367188,0.8304526209831238,0.37838616967201233
2341,30.350255966186523,1.0,0.704639732837677,0.8273507356643677,0.3871898353099823
2342,30.684368133544922,0.9967350363731384,0.7137740850448608,0.8484987020492554,0.38722115755081177
2343,31.376928329467773,0.9980449676513672,0.7148512601852417,0.8400136232376099,0.387708842754364
2344,30.86513900756836,0.9986978769302368,0.7141491770744324,0.836266040802002,0.3862147629261017
2345,30.917299270629883,0.9989583492279053,0.7162042260169983,0.8466273546218872,0.39281609654426575
2346,29.251781463623047,0.9968449473381042,0.7068841457366943,0.8378898501396179,0.3817812502384186
2347,30.004173278808594,1.0,0.7087497711181641,0.8310454487800598,0.3833560645580292
2348,28.52582359313965,0.9986978769302368,0.7105182409286499,0.8353952765464783,0.3850114345550537
2349,30.955825805664062,0.997592568397522,0.7271708846092224,0.8534125089645386,0.41354674100875854
2350,31.12531280517578,0.9985795617103577,0.704437792301178,0.8322234153747559,0.3960367739200592
2351,29.32682228088379,0.9972208738327026,0.7130119800567627,0.8363835215568542,0.37949439883232117
2352,28.878751754760742,0.9987980723381042,0.7166744470596313,0.8417355418205261,0.39372724294662476
2353,31.82151222229004,0.9979817867279053,0.7025626301765442,0.8322914838790894,0.38344788551330566
2354,31.794466018676758,1.0,0.7130771279335022,0.8418874740600586,0.39105337858200073
2355,29.038522720336914,0.9981788396835327,0.6927299499511719,0.8196308016777039,0.3761918544769287
2356,31.603702545166016,0.9967949390411377,0.7249845266342163,0.8452270030975342,0.3857378661632538
2357,30.560531616210938,0.9984375238418579,0.7109178304672241,0.8324009776115417,0.40221089124679565
2358,30.491260528564453,0.9977083206176758,0.7073665857315063,0.8466014266014099,0.3941730856895447
2359,29.090831756591797,0.9976339340209961,0.7068564891815186,0.8391155004501343,0.38306450843811035
2360,29.875938415527344,0.9953150749206543,0.7245441675186157,0.8480950593948364,0.397067129611969
2361,29.585968017578125,0.9976562261581421,0.7102738618850708,0.8263634443283081,0.3831802010536194
2362,29.301395416259766,0.9976898431777954,0.7075751423835754,0.8479893803596497,0.3864678740501404
2363,29.622844696044922,0.9952765703201294,0.7209488153457642,0.8271626234054565,0.3928571343421936
2364,28.213510513305664,0.9988425970077515,0.7198793888092041,0.8445734977722168,0.3956834375858307
2365,30.57828140258789,1.0,0.7186011075973511,0.8412348031997681,0.3980936110019684
2366,32.65192794799805,0.9980878829956055,0.7063281536102295,0.8354668617248535,0.3854402005672455
2367,28.852174758911133,0.9990808963775635,0.7142302989959717,0.842300295829773,0.3963172733783722
2368,28.790451049804688,0.9987980723381042,0.710648775100708,0.8370029926300049,0.3847932815551758
2369,28.7322940826416,1.0,0.7194082736968994,0.8379127383232117,0.3917942941188812
2370,30.99359893798828,0.9987980723381042,0.7121306657791138,0.8386160135269165,0.3970141112804413
2371,28.58024787902832,0.9989583492279053,0.7011996507644653,0.8333221673965454,0.3947068750858307
2372,28.72279167175293,0.9991071224212646,0.7146202325820923,0.8321312069892883,0.3787234127521515
2373,30.300006866455078,0.9990234375,0.7160050868988037,0.8399921655654907,0.39671090245246887
2374,29.502103805541992,1.0,0.7026466727256775,0.8210822343826294,0.36794835329055786
2375,29.60444450378418,0.9988425970077515,0.7047984004020691,0.8341703414916992,0.3843366801738739
2376,31.440914154052734,0.9978345632553101,0.7145233154296875,0.8299058079719543,0.38769054412841797
2377,29.37998390197754,0.9973598718643188,0.7084336280822754,0.8450188040733337,0.39891335368156433
2378,31.35899543762207,0.9990808963775635,0.7029891014099121,0.8294917941093445,0.3730868995189667
2379,30.459871292114258,1.0,0.713571310043335,0.8364355564117432,0.4028435945510864
2380,32.09630584716797,0.9990234375,0.7090670466423035,0.8285484313964844,0.3922511339187622
2381,28.66022491455078,0.9985119104385376,0.7188130617141724,0.8454325199127197,0.39534223079681396
2382,30.269346237182617,0.9975818395614624,0.7286815643310547,0.8441208600997925,0.3914417028427124
2383,30.299673080444336,0.9981553554534912,0.7173833847045898,0.8397119045257568,0.392276406288147
2384,30.189289093017578,0.9982279539108276,0.7231271862983704,0.8373913764953613,0.3948094844818115
2385,29.379234313964844,0.9988425970077515,0.7111430764198303,0.8420593738555908,0.3932744264602661
2386,29.936542510986328,0.9980902671813965,0.7051937580108643,0.840618371963501,0.38435280323028564
2387,28.9584903717041,0.9970284700393677,0.7092725038528442,0.8366796374320984,0.39942610263824463
2388,29.52469825744629,0.9989224076271057,0.6990980505943298,0.836255669593811,0.3729957938194275
2389,31.315486907958984,0.9987499713897705,0.7147386074066162,0.83678138256073,0.38176241517066956
2390,32.255615234375,0.9975038766860962,0.7030439376831055,0.8378326892852783,0.3895880877971649
2391,31.40972137451172,0.9986978769302368,0.7185513377189636,0.823866605758667,0.39426109194755554
2392,31.7650089263916,0.996522068977356,0.7191309332847595,0.8498532176017761,0.40294626355171204
2393,32.513832092285156,0.9959045648574829,0.7059370875358582,0.8364878296852112,0.38808465003967285
2394,31.679279327392578,1.0,0.7244202494621277,0.8398351669311523,0.3892485201358795
2395,28.771892547607422,1.0,0.7035835385322571,0.8428006172180176,0.38470351696014404
2396,29.458372116088867,0.9973598718643188,0.7049325704574585,0.840184211730957,0.39018088579177856
2397,30.023874282836914,0.9987499713897705,0.7134042978286743,0.8325825929641724,0.38909828662872314
2398,28.71053695678711,1.0,0.7066233158111572,0.8283488750457764,0.37889227271080017
2399,28.748287200927734,0.9976332187652588,0.7129952907562256,0.8411825299263,0.38842976093292236
2400,29.6072998046875,0.9963386058807373,0.7074156999588013,0.8311178088188171,0.3814403712749481
2401,29.96799659729004,0.9973958134651184,0.7054569721221924,0.8476415872573853,0.3900200426578522
2402,30.439029693603516,0.9964629411697388,0.7029215097427368,0.8426942825317383,0.38330063223838806
2403,29.96367073059082,0.99683678150177,0.7046645283699036,0.8269199132919312,0.38182833790779114
2404,28.501741409301758,0.998641312122345,0.7148363590240479,0.8303753137588501,0.3926927447319031
2405,31.09535026550293,0.9973958730697632,0.712348997592926,0.8431849479675293,0.3895616829395294
2406,31.728206634521484,0.996179461479187,0.7181479930877686,0.8306317329406738,0.39033564925193787
2407,31.254343032836914,0.9976339340209961,0.707125186920166,0.8411731719970703,0.3958275318145752
2408,31.235750198364258,0.9962053298950195,0.7062323093414307,0.8261469602584839,0.40112361311912537
2409,28.785921096801758,0.9990530014038086,0.707099199295044,0.8401554226875305,0.3882218301296234
2410,30.742616653442383,1.0,0.7216393947601318,0.8411643505096436,0.3928571343421936
2411,30.150096893310547,0.9978511333465576,0.7098503112792969,0.8372095227241516,0.4048723876476288
2412,30.92157745361328,1.0,0.7122241258621216,0.8392573595046997,0.3988471031188965
2413,29.650836944580078,0.997183620929718,0.7121278047561646,0.8428587317466736,0.38205790519714355
2414,29.5742244720459,0.9931200742721558,0.7152643203735352,0.8409223556518555,0.39075276255607605
2415,29.821367263793945,0.998641312122345,0.7164958715438843,0.8412014245986938,0.40080973505973816
2416,28.60858917236328,0.9986978769302368,0.7256566882133484,0.8497154116630554,0.40005582571029663
2417,29.714834213256836,0.9989583492279053,0.7073015570640564,0.8445982933044434,0.3812727630138397
2418,30.3913516998291,0.9911342859268188,0.7107427716255188,0.8366864919662476,0.3895880877971649
2419,29.839319229125977,0.9988839626312256,0.7204000949859619,0.83890700340271,0.3992516100406647
2420,27.545499801635742,0.9989919662475586,0.703931450843811,0.8273297548294067,0.38608142733573914
2421,29.40000343322754,1.0,0.7140177488327026,0.8307762145996094,0.37969717383384705
2422,29.586732864379883,1.0,0.7152373194694519,0.8354076147079468,0.3855658769607544
2423,31.224721908569336,0.9988425970077515,0.7066423892974854,0.8421063423156738,0.39393940567970276
2424,30.53672218322754,0.9953789710998535,0.7220340967178345,0.8365766406059265,0.39454805850982666
2425,30.326343536376953,0.998641312122345,0.7192876935005188,0.8351490497589111,0.4024319648742676
2426,32.50117874145508,0.9989224076271057,0.6919642686843872,0.8263508677482605,0.3769994378089905
2427,29.029052734375,0.9979074001312256,0.7077789902687073,0.8434958457946777,0.40142858028411865
2428,29.001882553100586,0.9985119104385376,0.6937078237533569,0.8178434371948242,0.37151703238487244
2429,28.83550262451172,0.9966937303543091,0.7137948274612427,0.8426399230957031,0.3791208863258362
2430,27.82607078552246,0.9986978769302368,0.705413818359375,0.8337036967277527,0.38465845584869385
2431,30.930034637451172,0.9968805909156799,0.709646463394165,0.8398474454879761,0.3944568932056427
2432,27.82932472229004,0.9976339340209961,0.706268846988678,0.8291975259780884,0.3675506114959717
2433,30.565950393676758,0.9963334202766418,0.7100199460983276,0.839037299156189,0.4032304584980011
2434,30.22114372253418,0.9975996613502502,0.7099698781967163,0.8315545320510864,0.3928983807563782
2435,30.568273544311523,0.9983129501342773,0.6994870901107788,0.8260191679000854,0.3860529959201813
2436,31.109792709350586,0.9981359839439392,0.7065727710723877,0.8294989466667175,0.3882286548614502
2437,31.057056427001953,0.9963060617446899,0.7049663066864014,0.8417080640792847,0.3911806643009186
2438,32.93606185913086,0.9988425970077515,0.7216528058052063,0.844146192073822,0.38770821690559387
2439,29.29353904724121,1.0,0.7160695791244507,0.8456969261169434,0.3927745521068573
2440,29.641401290893555,0.995747447013855,0.7133753299713135,0.8424437046051025,0.39262112975120544
2441,31.318273544311523,0.9978030323982239,0.7101647257804871,0.8456279039382935,0.3996564745903015
2442,28.89463233947754,1.0,0.6979974508285522,0.8292258381843567,0.37949439883232117
2443,30.14950180053711,0.9985119104385376,0.7131420373916626,0.8404913544654846,0.3922024965286255
2444,29.932941436767578,0.9990530014038086,0.7260026335716248,0.8429557681083679,0.383133202791214
2445,28.36180305480957,0.9971277713775635,0.7024035453796387,0.8381876349449158,0.38752099871635437
2446,29.15492057800293,1.0,0.719447672367096,0.8288338780403137,0.3812680244445801
2447,30.772199630737305,1.0,0.709511935710907,0.8319911956787109,0.3904188275337219
2448,30.729881286621094,0.9989224076271057,0.7216867208480835,0.8463500738143921,0.38368403911590576
2449,27.85271453857422,0.9979745149612427,0.7169094681739807,0.8377744555473328,0.38777777552604675
2450,29.286211013793945,0.9987499713897705,0.7195614576339722,0.8470546007156372,0.3975561261177063
2451,31.13511085510254,0.9986978769302368,0.7180609703063965,0.8431105017662048,0.3997725546360016
2452,29.210472106933594,0.9953861236572266,0.7213954329490662,0.850723922252655,0.40389013290405273
2453,30.093151092529297,0.9979300498962402,0.7301207780838013,0.8576774001121521,0.41064199805259705
2454,30.475719451904297,1.0,0.708297610282898,0.8469820618629456,0.40186914801597595
2455,29.713823318481445,0.9964919090270996,0.7035280466079712,0.8424116373062134,0.38028571009635925
2456,30.758577346801758,0.998641312122345,0.714603066444397,0.8511192798614502,0.39072659611701965
2457,28.89159393310547,0.9986978769302368,0.708457350730896,0.8397675156593323,0.3873034417629242
2458,31.153533935546875,0.9976203441619873,0.7175922393798828,0.8443870544433594,0.3947734236717224
2459,30.759016036987305,0.9981880187988281,0.7012454867362976,0.8331412076950073,0.3863382041454315
2460,30.291301727294922,1.0,0.7135829925537109,0.8442773818969727,0.3940616846084595
2461,30.667753219604492,0.9985119104385376,0.7011651992797852,0.8351936340332031,0.3790624141693115
2462,28.447622299194336,0.9985119104385376,0.7119494676589966,0.8299149870872498,0.39463821053504944
2463,28.549285888671875,1.0,0.7084599733352661,0.8356125354766846,0.3866407871246338
2464,28.556806564331055,1.0,0.711471438407898,0.8422761559486389,0.38871562480926514
2465,29.411052703857422,1.0,0.7115177512168884,0.8365919589996338,0.39407747983932495
2466,30.112628936767578,0.9959728717803955,0.7092412114143372,0.8458138704299927,0.40080392360687256
2467,30.253734588623047,0.9977564215660095,0.7154607772827148,0.8393421769142151,0.38982558250427246
2468,28.040699005126953,0.9986978769302368,0.7140356302261353,0.8440946936607361,0.37903666496276855
2469,30.375978469848633,1.0,0.7132960557937622,0.8413659930229187,0.3874285817146301
2470,26.81566619873047,0.9987499713897705,0.7185025215148926,0.8339608907699585,0.39705464243888855
2471,32.45528030395508,0.9971874952316284,0.7174264192581177,0.8462250232696533,0.4025411307811737
2472,31.556364059448242,0.9974221587181091,0.7102097272872925,0.8479635715484619,0.3924972116947174
2473,27.777645111083984,0.9976029992103577,0.7134798765182495,0.8416867852210999,0.4041057527065277
2474,28.953052520751953,0.9989224076271057,0.7130014300346375,0.846723198890686,0.39020174741744995
2475,29.23978042602539,0.9979369640350342,0.7168297171592712,0.8480030298233032,0.3900628387928009
2476,31.797027587890625,0.9957579374313354,0.712518036365509,0.8347612619400024,0.39228761196136475
2477,30.431774139404297,1.0,0.718177080154419,0.8377093076705933,0.38669610023498535
2478,31.176559448242188,0.9977083206176758,0.7249276638031006,0.8418467044830322,0.38236960768699646
2479,27.345531463623047,1.0,0.7287706136703491,0.8325088620185852,0.39505821466445923
2480,27.78468894958496,1.0,0.7115879058837891,0.8479596376419067,0.38355377316474915
2481,29.695383071899414,0.9979503154754639,0.7306393384933472,0.8528003096580505,0.3984306752681732
2482,30.536413192749023,1.0,0.7229904532432556,0.840522050857544,0.401858925819397
2483,30.671367645263672,1.0,0.7206023931503296,0.8431863784790039,0.4082503616809845
2484,29.81952476501465,0.9980392456054688,0.7049487829208374,0.8347712755203247,0.3885241448879242
2485,28.80350112915039,0.9987980723381042,0.7106503844261169,0.841841459274292,0.3748561441898346
2486,30.175811767578125,1.0,0.7145504355430603,0.8400999307632446,0.39820024371147156
2487,31.52510643005371,0.9956287145614624,0.7326925992965698,0.8513272404670715,0.4098176658153534
2488,29.804283142089844,0.998113751411438,0.7129000425338745,0.8306134939193726,0.387579083442688
2489,31.372766494750977,0.9962604641914368,0.7060412764549255,0.8414463996887207,0.4011494219303131
2490,28.212066650390625,0.9979487061500549,0.7058488130569458,0.8310731649398804,0.3858131468296051
2491,30.66816520690918,0.9960300922393799,0.7160630226135254,0.8422889709472656,0.40005505084991455
2492,31.38568878173828,1.0,0.7099030017852783,0.8405155539512634,0.38730791211128235
2493,29.70820426940918,0.9989919662475586,0.7268496751785278,0.8479539155960083,0.4020501375198364
2494,30.169490814208984,0.9988425970077515,0.7234096527099609,0.8397976160049438,0.39386114478111267
2495,30.457717895507812,0.9992377758026123,0.7141377329826355,0.8426123857498169,0.3786913752555847
2496,27.302230834960938,0.9987499713897705,0.7097543478012085,0.8378254175186157,0.3877662420272827
2497,30.57696533203125,0.9975252151489258,0.7172541618347168,0.8463506102561951,0.4026346206665039
2498,31.141321182250977,0.9989224076271057,0.7083885669708252,0.8280587196350098,0.38463735580444336
2499,29.812820434570312,0.9978009462356567,0.7094830274581909,0.8293546438217163,0.3939655125141144
2500,29.74854278564453,0.9969604015350342,0.7029933333396912,0.8467472791671753,0.3843356668949127
2501,29.55364990234375,0.998641312122345,0.724349856376648,0.849240779876709,0.40084388852119446
2502,29.493207931518555,0.9971052408218384,0.7191920876502991,0.852859616279602,0.3982250392436981
2503,30.46763038635254,0.9977564215660095,0.7162054181098938,0.8419881463050842,0.3968893885612488
2504,32.05488204956055,0.9978063106536865,0.6943513751029968,0.8337346315383911,0.3822850286960602
2505,30.526302337646484,0.9977650046348572,0.7267118692398071,0.8445199728012085,0.4068775773048401
2506,29.44489860534668,0.9977564215660095,0.7120100259780884,0.8375784754753113,0.3941293954849243
2507,28.540632247924805,0.9988839626312256,0.7184044122695923,0.8382858037948608,0.3929385244846344
2508,32.749332427978516,1.0,0.7165602445602417,0.8327953815460205,0.3943580985069275
2509,29.002254486083984,0.9988425970077515,0.7050066590309143,0.8307395577430725,0.3741209805011749
2510,30.3438777923584,0.9947441816329956,0.7197340726852417,0.8461529016494751,0.40027931332588196
2511,28.37379264831543,0.9989919662475586,0.7088944315910339,0.8346012830734253,0.3857634663581848
2512,29.59964942932129,0.9965691566467285,0.7090727686882019,0.8333643078804016,0.38174039125442505
2513,30.56119155883789,0.9978345632553101,0.7120668888092041,0.8340796828269958,0.38952818512916565
2514,31.146432876586914,0.9968818426132202,0.7144820094108582,0.835211455821991,0.3869614005088806
2515,30.23801040649414,0.99671471118927,0.7114907503128052,0.8307437896728516,0.3912673592567444
2516,30.578203201293945,0.9978030323982239,0.7220914363861084,0.8467738032341003,0.3896580934524536
2517,30.547082901000977,1.0,0.7126736640930176,0.8250467777252197,0.40277376770973206
2518,28.494115829467773,0.9977564215660095,0.6981521844863892,0.8431636691093445,0.3815979063510895
2519,29.914901733398438,0.9990530014038086,0.7166029214859009,0.8454556465148926,0.38999447226524353
2520,32.86383819580078,0.9979878067970276,0.7173222303390503,0.8319957256317139,0.390048623085022
2521,30.254924774169922,0.9969731569290161,0.716589093208313,0.8402599096298218,0.39461755752563477
2522,30.73187828063965,0.9990808963775635,0.7158304452896118,0.8326040506362915,0.3952147364616394
2523,30.342729568481445,1.0,0.7127882242202759,0.8300837278366089,0.39170634746551514
2524,31.12902069091797,0.9968449473381042,0.7212718725204468,0.8490608930587769,0.4088243544101715
2525,32.308189392089844,0.9973545074462891,0.724092960357666,0.8459585905075073,0.3932681381702423
2526,31.531953811645508,1.0,0.7339931726455688,0.8447626233100891,0.40749213099479675
2527,29.196073532104492,0.9988839626312256,0.7100164890289307,0.8383183479309082,0.392043799161911
2528,28.430442810058594,1.0,0.7293761372566223,0.8354459404945374,0.40245261788368225
2529,31.16412925720215,0.9973776340484619,0.7153242826461792,0.8418242931365967,0.3994889259338379
2530,29.675907135009766,0.9987980723381042,0.7069590091705322,0.8303112983703613,0.3862733840942383
2531,31.65583610534668,0.9964407682418823,0.7015712261199951,0.8338264226913452,0.3776565194129944
2532,29.974586486816406,0.9950108528137207,0.719859778881073,0.8372326493263245,0.40394091606140137
2533,29.04625129699707,0.9964039325714111,0.7087770700454712,0.8385098576545715,0.38238540291786194
2534,29.785484313964844,1.0,0.7051303386688232,0.8397285342216492,0.38912734389305115
2535,28.752994537353516,1.0,0.7217766642570496,0.8449983596801758,0.3945423662662506
2536,29.81068229675293,0.9966785907745361,0.7060530781745911,0.8366361856460571,0.37507161498069763
2537,28.09002113342285,0.995476245880127,0.7321109771728516,0.8506299257278442,0.4078133702278137
2538,31.044265747070312,1.0,0.7031766176223755,0.8310957551002502,0.39441338181495667
2539,29.349870681762695,0.9940260052680969,0.7141940593719482,0.8524318933486938,0.39524897933006287
2540,28.94997215270996,0.9990530014038086,0.7176910042762756,0.8409398794174194,0.40062910318374634
2541,29.6829891204834,0.9979143142700195,0.72622150182724,0.8453763723373413,0.40480324625968933
2542,29.71463966369629,0.9969117641448975,0.7052708864212036,0.8386150598526001,0.39444446563720703
2543,29.583175659179688,0.9965680837631226,0.7085124254226685,0.832187294960022,0.3867231607437134
2544,30.62302589416504,0.996874988079071,0.7128756642341614,0.8333480358123779,0.39954206347465515
2545,30.981388092041016,0.9989224076271057,0.7002168893814087,0.839476466178894,0.3948349952697754
2546,30.67048454284668,0.9968449473381042,0.715459942817688,0.8464562892913818,0.38650840520858765
2547,30.42300796508789,0.998161792755127,0.7122608423233032,0.8359247446060181,0.40137553215026855
2548,30.134750366210938,0.9990234375,0.7216212749481201,0.8535072803497314,0.4126575291156769
2549,30.048057556152344,0.9985795617103577,0.7080725431442261,0.8432802557945251,0.3909582197666168
2550,32.22495651245117,0.9989919662475586,0.7228161096572876,0.8482919931411743,0.3968481421470642
2551,28.615549087524414,0.9975379109382629,0.7166107892990112,0.8404092788696289,0.39373600482940674
2552,28.223684310913086,0.9980613589286804,0.7184144258499146,0.8344061374664307,0.38412079215049744
2553,32.05329132080078,0.9988425970077515,0.7091361284255981,0.831336259841919,0.39551594853401184
2554,28.370969772338867,1.0,0.7191951870918274,0.834154486656189,0.39095360040664673
2555,30.97984504699707,0.9988839626312256,0.7210618257522583,0.8467345237731934,0.4000000059604645
2556,30.21297264099121,0.9984019994735718,0.7074716091156006,0.8438146710395813,0.38023871183395386
2557,28.821212768554688,1.0,0.7143977880477905,0.8357476592063904,0.383727490901947
2558,31.553909301757812,0.9989583492279053,0.7139201760292053,0.8389282822608948,0.3849671483039856
2559,29.665870666503906,0.9987499713897705,0.7127750515937805,0.8375846743583679,0.39216816425323486
2560,30.10807991027832,0.9946466684341431,0.7178078889846802,0.8475873470306396,0.39988410472869873
2561,29.401012420654297,0.9982306957244873,0.7045395374298096,0.835254430770874,0.3805212676525116
2562,29.57540512084961,0.9981043338775635,0.7075299620628357,0.8390775322914124,0.3859850764274597
2563,30.312009811401367,0.9985119104385376,0.7219310998916626,0.8392786383628845,0.3935810923576355
2564,30.44090461730957,1.0,0.7231875658035278,0.8472816944122314,0.39266109466552734
2565,30.713991165161133,0.9976562261581421,0.7192467451095581,0.8480941653251648,0.4092685580253601
2566,32.38962936401367,1.0,0.7178810238838196,0.8425368666648865,0.40117913484573364
2567,30.792585372924805,0.9991554021835327,0.7228766679763794,0.8403117060661316,0.38707831501960754
2568,29.084775924682617,0.998161792755127,0.7046204209327698,0.8363800644874573,0.37787356972694397
2569,30.291227340698242,1.0,0.7102744579315186,0.849230170249939,0.38641616702079773
2570,32.4151725769043,1.0,0.7093782424926758,0.836846649646759,0.3902575671672821
2571,29.78464698791504,0.9970145225524902,0.7153265476226807,0.8436880111694336,0.3875140845775604
2572,31.69363021850586,0.9971052408218384,0.7150903940200806,0.8432316184043884,0.38965123891830444
2573,30.107513427734375,1.0,0.7105300426483154,0.828659176826477,0.3871338367462158
2574,30.92048454284668,0.9978009462356567,0.7211377024650574,0.8523786067962646,0.39306357502937317
2575,30.537548065185547,0.9976332187652588,0.7175445556640625,0.8399751782417297,0.3819386959075928
2576,30.507638931274414,0.9989919662475586,0.7190819382667542,0.841401219367981,0.38688433170318604
2577,30.394670486450195,1.0,0.7122360467910767,0.8540167212486267,0.38444259762763977
2578,29.795028686523438,0.9978423118591309,0.7030704021453857,0.8276983499526978,0.38225945830345154
2579,32.32280731201172,0.9978448152542114,0.7298376560211182,0.8462451696395874,0.4080089330673218
2580,32.13054656982422,0.9987980723381042,0.7159628868103027,0.8485679626464844,0.3925967812538147
2581,30.331518173217773,0.9988425970077515,0.7124293446540833,0.8447447419166565,0.3991452753543854
2582,29.811574935913086,0.9981473684310913,0.7170876264572144,0.8460389971733093,0.38601037859916687
2583,31.662437438964844,0.9952586889266968,0.7067108750343323,0.83670574426651,0.38012707233428955
2584,30.150590896606445,0.9987499713897705,0.7184006571769714,0.8474513292312622,0.40100252628326416
2585,30.68645668029785,0.9962819814682007,0.7122867107391357,0.8453369736671448,0.38640227913856506
2586,29.38132667541504,0.9965612888336182,0.7123334407806396,0.8387852907180786,0.3996018171310425
2587,31.313640594482422,1.0,0.7140045762062073,0.8414514064788818,0.3871338367462158
2588,30.0843448638916,0.9986978769302368,0.702948272228241,0.8420451879501343,0.3962481915950775
2589,31.63460350036621,0.9988425970077515,0.7192922234535217,0.8542788028717041,0.38847532868385315
2590,32.83139419555664,0.998106062412262,0.7065548300743103,0.8286538124084473,0.38172969222068787
2591,31.04292106628418,0.9984375238418579,0.7083645462989807,0.8357100486755371,0.3983193337917328
2592,30.728559494018555,0.9985795617103577,0.7164396047592163,0.8468483090400696,0.3864959180355072
2593,29.340415954589844,0.9978511333465576,0.7183802723884583,0.8441202640533447,0.3915713131427765
2594,30.097972869873047,0.9978215098381042,0.7186037302017212,0.8470563888549805,0.3966292142868042
2595,29.951351165771484,0.9989224076271057,0.7144250869750977,0.8555436134338379,0.38270893692970276
2596,29.333396911621094,0.9989583492279053,0.7067843675613403,0.843930721282959,0.3757159411907196
2597,32.14955139160156,0.9951608180999756,0.7168945074081421,0.8463959693908691,0.3996545076370239
2598,28.687042236328125,0.9928781986236572,0.724739134311676,0.8519920110702515,0.4095951318740845
2599,30.347951889038086,1.0,0.7094695568084717,0.8370118737220764,0.38827213644981384
2600,30.96180534362793,0.996137261390686,0.7216720581054688,0.8476206064224243,0.4101395606994629
2601,30.045278549194336,0.9959779977798462,0.7067468762397766,0.8338361978530884,0.3897142708301544
2602,26.456697463989258,0.9982638955116272,0.7268067002296448,0.8401769399642944,0.41064199805259705
2603,29.82168197631836,0.9977678656578064,0.7050318717956543,0.8360498547554016,0.38856831192970276
2604,29.5831241607666,1.0,0.7228886485099792,0.8394775390625,0.3895248770713806
2605,26.219268798828125,0.9977564215660095,0.7167180776596069,0.8385117053985596,0.3957098424434662
2606,30.13460350036621,0.9988839626312256,0.7165818810462952,0.8414444923400879,0.3831339478492737
2607,28.09425926208496,0.9984375238418579,0.7139559984207153,0.8409520983695984,0.3912197947502136
2608,27.860044479370117,0.9977650046348572,0.7078543305397034,0.8335026502609253,0.3818589150905609
2609,30.70659065246582,0.9976562261581421,0.7115731239318848,0.8388404846191406,0.3910662829875946
2610,31.58744239807129,0.9987499713897705,0.7072376012802124,0.8381749987602234,0.38821840286254883
2611,28.168888092041016,0.9976406693458557,0.7084274291992188,0.8427508473396301,0.3860558867454529
2612,30.852275848388672,0.9947409629821777,0.7118101119995117,0.8443037271499634,0.4008859395980835
2613,30.21598243713379,1.0,0.708633303642273,0.8513308763504028,0.3830633759498596
2614,28.736671447753906,0.997672438621521,0.71844083070755,0.848156213760376,0.39157652854919434
2615,30.195905685424805,0.9977484941482544,0.7135435342788696,0.8505323529243469,0.38346725702285767
2616,31.0433406829834,1.0,0.7091330289840698,0.8379825353622437,0.38951966166496277
2617,29.706350326538086,0.9960430264472961,0.7208867073059082,0.8405312299728394,0.39261284470558167
2618,30.70233154296875,0.9941203594207764,0.709079384803772,0.8407607674598694,0.3917261064052582
2619,30.90951156616211,0.9989583492279053,0.7109079360961914,0.8394161462783813,0.4007936418056488
2620,31.98906135559082,1.0,0.7050001621246338,0.8384760618209839,0.38328030705451965
2621,29.271780014038086,1.0,0.7113083600997925,0.8313777446746826,0.38534677028656006
2622,29.010488510131836,1.0,0.7137942910194397,0.8333316445350647,0.39370080828666687
2623,28.925579071044922,0.9966552257537842,0.7143945693969727,0.8392456769943237,0.3842165768146515
2624,29.32318687438965,1.0,0.7134726643562317,0.8503516912460327,0.3862403631210327
2625,30.755115509033203,1.0,0.7206605672836304,0.8441749215126038,0.39878013730049133
2626,28.20351791381836,0.9985119104385376,0.7206729650497437,0.8312215805053711,0.39807164669036865
2627,30.634197235107422,0.9990808963775635,0.7273889780044556,0.8472517132759094,0.3955669105052948
2628,29.834136962890625,0.9979745149612427,0.711395263671875,0.8406285047531128,0.3922291398048401
2629,28.650123596191406,1.0,0.6993904709815979,0.828554093837738,0.38960668444633484
2630,30.53826332092285,0.9981000423431396,0.7299212217330933,0.8453247547149658,0.4044780135154724
2631,30.046236038208008,1.0,0.7128459811210632,0.8397332429885864,0.39010387659072876
2632,29.817646026611328,1.0,0.71562659740448,0.8342075347900391,0.3892999291419983
2633,29.312828063964844,0.9976203441619873,0.71329665184021,0.8428485989570618,0.39485713839530945
2634,29.548664093017578,0.9988839626312256,0.7264295220375061,0.8470621705055237,0.3846818506717682
2635,29.045185089111328,0.9963128566741943,0.7168465852737427,0.8402475118637085,0.3971291780471802
2636,30.125967025756836,1.0,0.725300669670105,0.8429824113845825,0.3945159614086151
2637,31.13286781311035,0.9969231486320496,0.7061057090759277,0.842633843421936,0.38262370228767395
2638,29.294933319091797,1.0,0.7181410193443298,0.8324576020240784,0.4079931080341339
2639,29.255828857421875,0.9942532777786255,0.7078031301498413,0.8396414518356323,0.38539260625839233
2640,30.217863082885742,0.9966739416122437,0.7145413756370544,0.8343271017074585,0.3871322572231293
2641,30.219600677490234,0.9992732405662537,0.7124189138412476,0.8313702344894409,0.3849443793296814
2642,29.502241134643555,0.9973776340484619,0.7086030840873718,0.8501803874969482,0.3854018747806549
2643,28.347352981567383,0.9984375238418579,0.714708149433136,0.848880410194397,0.3931746184825897
2644,30.486934661865234,0.9963474273681641,0.715758204460144,0.8389395475387573,0.40034762024879456
2645,31.35471534729004,0.9992559552192688,0.7254780530929565,0.8455850481987,0.3994535803794861
2646,29.424806594848633,1.0,0.7070112824440002,0.8269156217575073,0.38826897740364075
2647,30.039329528808594,0.99674391746521,0.7119745016098022,0.8422079086303711,0.38167285919189453
2648,31.480012893676758,0.9964091777801514,0.7167986631393433,0.8385409712791443,0.3870689570903778
2649,31.6916561126709,0.993259072303772,0.7200746536254883,0.8470379710197449,0.4055338203907013
2650,30.679445266723633,0.9982638955116272,0.7245672345161438,0.8493815660476685,0.3949367105960846
2651,29.72711181640625,0.9949607849121094,0.7300763726234436,0.8440507054328918,0.3919885754585266
2652,30.514934539794922,0.9978298544883728,0.7157325744628906,0.8402653932571411,0.37334102392196655
2653,28.949853897094727,0.9952284693717957,0.7075180411338806,0.8375703692436218,0.3855699598789215
2654,31.57004737854004,0.9952602386474609,0.7120797634124756,0.8405458927154541,0.40016478300094604
2655,30.57676887512207,1.0,0.725985586643219,0.8434187173843384,0.4022824764251709
2656,30.99378204345703,0.9988425970077515,0.6996615529060364,0.8330838084220886,0.3763502240180969
2657,29.76514434814453,1.0,0.7264161109924316,0.8409816026687622,0.4000576138496399
2658,30.876970291137695,0.9972392320632935,0.7152484655380249,0.826369047164917,0.3882319927215576
2659,29.45732307434082,0.9989583492279053,0.7152427434921265,0.8403745889663696,0.4052998423576355
2660,30.384891510009766,0.9978063106536865,0.706447422504425,0.8379203677177429,0.39655664563179016
2661,29.614643096923828,0.9988839626312256,0.7141662836074829,0.8450042009353638,0.4043949544429779
2662,29.989574432373047,0.9963060617446899,0.7200880646705627,0.8407005071640015,0.3941837251186371
2663,30.819480895996094,0.9986978769302368,0.7074136734008789,0.8224905729293823,0.3851313591003418
2664,28.388816833496094,1.0,0.7102629542350769,0.843593955039978,0.3948863446712494
2665,30.952556610107422,1.0,0.7149869203567505,0.8475638628005981,0.4032258093357086
2666,30.315143585205078,1.0,0.7128202319145203,0.8368332386016846,0.39139223098754883
2667,32.00022506713867,0.9975252151489258,0.7277332544326782,0.8533629179000854,0.3965964913368225
2668,28.37502670288086,0.9964861273765564,0.7074052095413208,0.8413699865341187,0.3837658762931824
2669,30.79590606689453,0.9976325631141663,0.7197096347808838,0.847297191619873,0.3969116508960724
2670,29.834089279174805,0.9989583492279053,0.707073450088501,0.8389264345169067,0.3888416886329651
2671,31.02422332763672,1.0,0.7305788993835449,0.8522830009460449,0.4010957181453705
2672,29.609764099121094,0.9991071224212646,0.7170151472091675,0.8436174988746643,0.4027504622936249
2673,30.443187713623047,0.9978422522544861,0.7081434726715088,0.8363761305809021,0.38995814323425293
2674,30.00165557861328,1.0,0.7080108523368835,0.8447430729866028,0.3847481906414032
2675,31.110136032104492,0.9975928068161011,0.7097778916358948,0.8440644145011902,0.39925694465637207
2676,30.6912784576416,0.9973958134651184,0.7194991707801819,0.8381567597389221,0.3895616829395294
2677,29.294322967529297,0.9956551790237427,0.7067720293998718,0.8399392366409302,0.38958510756492615
2678,28.715782165527344,1.0,0.7169163823127747,0.8483972549438477,0.3993755280971527
2679,28.774980545043945,1.0,0.7218822240829468,0.8382989168167114,0.3999433219432831
2680,29.977964401245117,0.9969692826271057,0.7081276774406433,0.8352862596511841,0.3764367699623108
2681,27.46843719482422,0.9991319179534912,0.7274559140205383,0.8427480459213257,0.3936324417591095
2682,29.67903709411621,0.9976851940155029,0.7251417636871338,0.8585448861122131,0.4048605263233185
2683,28.0930233001709,0.9978215098381042,0.6950480937957764,0.8320215940475464,0.3926010727882385
2684,28.49462890625,0.9969615936279297,0.7109626531600952,0.8465645909309387,0.405558705329895
2685,32.30710983276367,0.9972097873687744,0.7112014293670654,0.8427813053131104,0.40373027324676514
2686,30.918598175048828,0.9973958730697632,0.7195895910263062,0.8342814445495605,0.3846586346626282
2687,30.357219696044922,0.9990808963775635,0.7207889556884766,0.8473471403121948,0.3985486924648285
2688,31.437166213989258,0.9987980723381042,0.71746826171875,0.8407582640647888,0.39512893557548523
2689,31.30926513671875,1.0,0.7271378040313721,0.856669545173645,0.40577638149261475
2690,27.428258895874023,0.9987499713897705,0.7117583155632019,0.8360453844070435,0.40249204635620117
2691,30.0410099029541,0.9990234375,0.7315620183944702,0.8461778163909912,0.4001111388206482
2692,30.794607162475586,1.0,0.7239564061164856,0.8443633317947388,0.3936741054058075
2693,30.961143493652344,0.9977564215660095,0.7256495356559753,0.8357548713684082,0.39496999979019165
2694,29.842016220092773,1.0,0.703588604927063,0.8437122106552124,0.3956359624862671
2695,30.42095184326172,0.9986978769302368,0.7083414196968079,0.8287029266357422,0.39466822147369385
2696,30.169235229492188,0.9967148303985596,0.718813419342041,0.850117564201355,0.39312243461608887
2697,30.8931884765625,0.9975481033325195,0.7181483507156372,0.8381167650222778,0.38675457239151
2698,29.81233024597168,0.9989224076271057,0.7213330864906311,0.8384552001953125,0.40147432684898376
2699,31.353416442871094,0.9990808963775635,0.7131557464599609,0.8358826637268066,0.3777267336845398
2700,28.3281307220459,0.9965949058532715,0.7228314876556396,0.8529002666473389,0.40369024872779846
2701,27.91829490661621,0.9979166984558105,0.7002627849578857,0.8304330110549927,0.3932960629463196
2702,29.233318328857422,0.9983552694320679,0.7181100845336914,0.8426945805549622,0.3925904631614685
2703,30.940046310424805,0.9977678656578064,0.7306541204452515,0.8457670211791992,0.4040839672088623
2704,29.840290069580078,0.9987499713897705,0.7239702343940735,0.8321110010147095,0.3971569240093231
2705,31.2409610748291,1.0,0.7085587978363037,0.8479939103126526,0.3872848153114319
2706,29.535388946533203,0.9991071224212646,0.7200497984886169,0.8386073112487793,0.38821539282798767
2707,30.6871337890625,0.9979468584060669,0.7208724021911621,0.8514503240585327,0.40222668647766113
2708,30.454740524291992,0.998641312122345,0.7260881662368774,0.8474593758583069,0.4052343964576721
2709,31.236774444580078,0.9977678656578064,0.7180668115615845,0.8456165790557861,0.3924013674259186
2710,31.517181396484375,1.0,0.7342132329940796,0.842696487903595,0.3959934115409851
2711,30.81989097595215,0.9967233538627625,0.7138431072235107,0.8420812487602234,0.4029293656349182
2712,28.8385009765625,0.9987980723381042,0.7237284779548645,0.8541861176490784,0.4128904938697815
2713,30.9792537689209,1.0,0.7180970907211304,0.8491380214691162,0.40306270122528076
2714,30.62554168701172,1.0,0.706002950668335,0.8408674001693726,0.3949790596961975
2715,28.72072982788086,0.9973913431167603,0.7249821424484253,0.8474979996681213,0.3997194766998291
2716,28.59498405456543,0.9970170259475708,0.7125962972640991,0.837641179561615,0.39582738280296326
2717,29.427473068237305,1.0,0.7232021689414978,0.8494081497192383,0.410647451877594
2718,29.80794334411621,0.9990234375,0.7108415961265564,0.8374881148338318,0.39462271332740784
2719,32.35211181640625,0.9966435432434082,0.7142629623413086,0.843590497970581,0.39104896783828735
2720,28.548805236816406,1.0,0.712703287601471,0.8364648818969727,0.3829069435596466
2721,30.151546478271484,0.9988425970077515,0.7170124650001526,0.8479089736938477,0.40651801228523254
2722,29.81610870361328,0.9962459802627563,0.7103822231292725,0.8384759426116943,0.38668960332870483
2723,29.174907684326172,0.998161792755127,0.7152042388916016,0.8655672669410706,0.39426419138908386
2724,30.61086654663086,0.9970697164535522,0.7160900831222534,0.8416122198104858,0.39294570684432983
2725,30.05158233642578,1.0,0.720363199710846,0.8428031206130981,0.3974249064922333
2726,31.641979217529297,0.9983552694320679,0.7221533060073853,0.8463729023933411,0.4017430245876312
2727,30.522258758544922,0.9988425970077515,0.7217300534248352,0.8538464307785034,0.39601385593414307
2728,29.499404907226562,0.9990808963775635,0.7240890264511108,0.8480725884437561,0.4077397882938385
2729,30.335498809814453,0.9989224076271057,0.7119048833847046,0.8462221622467041,0.3971412777900696
2730,29.450021743774414,0.998641312122345,0.7145437002182007,0.8342869281768799,0.39544808864593506
2731,30.850576400756836,0.9985795617103577,0.7306373119354248,0.8562506437301636,0.4167388081550598
2732,28.76493263244629,0.9973776340484619,0.7191803455352783,0.8337169885635376,0.3871060907840729
2733,31.584386825561523,0.9978030323982239,0.7085038423538208,0.8435919880867004,0.3991093635559082
2734,29.38700294494629,0.9985795617103577,0.7206413745880127,0.8345149755477905,0.4013027250766754
2735,30.40079116821289,0.9967519044876099,0.7238811254501343,0.8395293951034546,0.40187713503837585
2736,30.670785903930664,0.9990234375,0.729690432548523,0.857306718826294,0.3979913890361786
2737,27.935123443603516,0.9977564215660095,0.7266204357147217,0.8488908410072327,0.39421963691711426
2738,30.500518798828125,0.9988839626312256,0.7265726327896118,0.8556579947471619,0.4045717418193817
2739,31.43203353881836,0.9989919662475586,0.7103860974311829,0.8447568416595459,0.4010879099369049
2740,30.285400390625,0.9988839626312256,0.7181615829467773,0.8397831916809082,0.39416059851646423
2741,28.348663330078125,0.9989919662475586,0.7279419898986816,0.84574294090271,0.40470656752586365
2742,28.96088981628418,0.9966044425964355,0.716296911239624,0.8382847905158997,0.39474421739578247
2743,29.70602035522461,0.9961318373680115,0.717595100402832,0.8494689464569092,0.4142177104949951
2744,30.400590896606445,0.9939740896224976,0.7190015316009521,0.8516965508460999,0.3845711052417755
2745,28.863250732421875,1.0,0.7206906676292419,0.8389406204223633,0.394374281167984
2746,30.837444305419922,1.0,0.7212706804275513,0.8408074975013733,0.3968299627304077
2747,30.930238723754883,0.9980168342590332,0.7183089256286621,0.8386983871459961,0.39540037512779236
2748,28.91120719909668,0.9975637197494507,0.7167881727218628,0.8437395095825195,0.4125675559043884
2749,28.489662170410156,0.9972189664840698,0.7086995244026184,0.8379212021827698,0.3834093511104584
2750,29.30682373046875,0.9960558414459229,0.7229529619216919,0.8471249341964722,0.40045636892318726
2751,32.07709503173828,1.0,0.7277916669845581,0.852698802947998,0.39311543107032776
2752,29.298566818237305,1.0,0.7104185223579407,0.8351690769195557,0.38603246212005615
2753,28.81841278076172,0.9966071844100952,0.7200543880462646,0.8392728567123413,0.3970251679420471
2754,29.9575138092041,0.9969737529754639,0.709420919418335,0.8432633876800537,0.39615169167518616
2755,27.76064682006836,0.9990530014038086,0.7192928194999695,0.8491885662078857,0.38951966166496277
2756,28.051755905151367,0.9989583492279053,0.7095284461975098,0.8459057807922363,0.3956533968448639
2757,29.835403442382812,0.9965139627456665,0.709835410118103,0.8550500869750977,0.39441338181495667
2758,31.277345657348633,0.9988839626312256,0.7165248394012451,0.8511650562286377,0.39948156476020813
2759,30.558135986328125,1.0,0.707518458366394,0.8428728580474854,0.3982709050178528
2760,29.659801483154297,0.9937949180603027,0.7218343019485474,0.849750280380249,0.39706307649612427
2761,31.8458194732666,0.9954751133918762,0.7131820917129517,0.8465785980224609,0.3964088261127472
2762,29.938663482666016,0.9964224100112915,0.7161924839019775,0.8371531367301941,0.3863636255264282
2763,30.495718002319336,1.0,0.7216593623161316,0.8455421924591064,0.3860199749469757
2764,30.723934173583984,0.9988839626312256,0.7108799815177917,0.8486171960830688,0.40854355692863464
2765,26.199871063232422,0.9988839626312256,0.7130399942398071,0.8405631184577942,0.3927219808101654
2766,29.153409957885742,0.9964752197265625,0.7156121730804443,0.838209331035614,0.39715537428855896
2767,29.933788299560547,0.998641312122345,0.718924880027771,0.8556845188140869,0.3866552412509918
2768,30.220523834228516,0.99772047996521,0.7114973068237305,0.8249489068984985,0.3813174366950989
2769,29.789180755615234,0.9984375238418579,0.7216325998306274,0.8347416520118713,0.39421963691711426
2770,29.61275291442871,0.9972776770591736,0.7004886865615845,0.8385180234909058,0.3787114918231964
2771,31.045913696289062,0.9968030452728271,0.7153245210647583,0.8447719812393188,0.3875035047531128
2772,29.3336238861084,0.9985795617103577,0.7107980251312256,0.8511596918106079,0.4008657932281494
2773,30.401933670043945,0.9986978769302368,0.719546914100647,0.8395259380340576,0.39239785075187683
2774,29.02687644958496,0.9966902732849121,0.7175168395042419,0.8397760391235352,0.3928467333316803
2775,30.904993057250977,0.9972097873687744,0.727236807346344,0.8584581017494202,0.40445423126220703
2776,30.505199432373047,1.0,0.7238362431526184,0.8465951681137085,0.39897844195365906
2777,30.777856826782227,0.9952824115753174,0.7288656234741211,0.8448611497879028,0.4084186553955078
2778,30.687847137451172,0.9991987347602844,0.7132453918457031,0.8517544865608215,0.3940349817276001
2779,31.955215454101562,1.0,0.7258566617965698,0.8571476936340332,0.4043668210506439
2780,31.071273803710938,0.9993990659713745,0.7207140922546387,0.8454028964042664,0.3948661684989929
2781,30.77676010131836,1.0,0.7139407396316528,0.8327913284301758,0.3914155960083008
2782,29.63548469543457,0.9987499713897705,0.7107400894165039,0.8384893536567688,0.3793991506099701
2783,30.86935043334961,0.9989224076271057,0.7228105664253235,0.8498618602752686,0.40264976024627686
2784,30.4998779296875,0.9979764223098755,0.7169836163520813,0.8488529920578003,0.3905458450317383
2785,29.132598876953125,1.0,0.7225931882858276,0.8446704745292664,0.39420124888420105
2786,32.87092590332031,0.9988425970077515,0.7145516276359558,0.8359377384185791,0.3960852026939392
2787,29.042652130126953,0.9965634346008301,0.7218767404556274,0.8481435775756836,0.39804428815841675
2788,29.483924865722656,0.9988839626312256,0.716168999671936,0.8445954322814941,0.38777875900268555
2789,31.400484085083008,0.9975252151489258,0.7191113233566284,0.8441641330718994,0.39467179775238037
2790,28.485919952392578,1.0,0.7140434980392456,0.836847186088562,0.39174965023994446
2791,31.302946090698242,0.9952888488769531,0.7206891775131226,0.8514735698699951,0.38906294107437134
2792,30.662731170654297,0.9987980723381042,0.7246263027191162,0.8554976582527161,0.3903835117816925
2793,29.765382766723633,0.9988425970077515,0.7191293239593506,0.8338677883148193,0.39669182896614075
2794,28.806137084960938,0.9973776340484619,0.7220120429992676,0.8445254564285278,0.39803704619407654
2795,31.97779655456543,1.0,0.7241923809051514,0.8446383476257324,0.4029167890548706
2796,30.578691482543945,0.9970369338989258,0.7208551168441772,0.8416651487350464,0.38895249366760254
2797,30.12017059326172,0.9989224076271057,0.7240184545516968,0.8563212752342224,0.3926415741443634
2798,29.426776885986328,1.0,0.730404257774353,0.8596285581588745,0.40817469358444214
2799,28.832334518432617,1.0,0.70920729637146,0.833983302116394,0.4094863831996918
2800,29.742292404174805,0.9990530014038086,0.7197833061218262,0.8481602668762207,0.40125930309295654
2801,32.240238189697266,1.0,0.7241692543029785,0.8364019989967346,0.409798264503479
2802,33.02217102050781,0.9973958730697632,0.732688844203949,0.8473455905914307,0.40150636434555054
2803,29.16033935546875,0.9990530014038086,0.7018713355064392,0.8383719325065613,0.3817882835865021
2804,30.64388656616211,0.9975928068161011,0.7220500111579895,0.8508409261703491,0.40250852704048157
2805,30.97093963623047,1.0,0.7157549858093262,0.8435433506965637,0.39954403042793274
2806,32.238121032714844,0.9987499713897705,0.7157094478607178,0.8453968167304993,0.3998851180076599
2807,31.5120906829834,0.9975961446762085,0.7178410291671753,0.8489992618560791,0.4079616069793701
2808,29.821529388427734,0.9981788396835327,0.7091577649116516,0.8413786888122559,0.38707882165908813
2809,30.064411163330078,0.9990234375,0.7131723165512085,0.8469045162200928,0.3902929425239563
2810,27.1434326171875,0.9974839091300964,0.7272366881370544,0.8502733111381531,0.41273921728134155
2811,29.04857635498047,0.9977083206176758,0.7060308456420898,0.8455263376235962,0.3915922939777374
2812,31.379913330078125,0.9957414865493774,0.7290903329849243,0.8469164371490479,0.39137738943099976
2813,29.911235809326172,0.9958308339118958,0.7110801339149475,0.8384696245193481,0.38640227913856506
2814,30.361902236938477,0.9948463439941406,0.7155781984329224,0.842190146446228,0.41061848402023315
2815,29.89598846435547,0.995880663394928,0.7230180501937866,0.8517640233039856,0.4002310037612915
2816,29.796916961669922,0.9965691566467285,0.709712028503418,0.8398065567016602,0.38953152298927307
2817,30.546470642089844,1.0,0.7209959030151367,0.8345628380775452,0.39839646220207214
2818,29.80609703063965,1.0,0.7153800129890442,0.8486071825027466,0.39828816056251526
2819,27.027769088745117,1.0,0.7130554914474487,0.8412999510765076,0.37329545617103577
2820,28.600894927978516,0.9989919662475586,0.722723126411438,0.851297914981842,0.39753156900405884
2821,30.001155853271484,0.9960513710975647,0.7239358425140381,0.8501906394958496,0.4150996208190918
2822,30.427053451538086,0.9979838728904724,0.7230849266052246,0.8682378530502319,0.3912922143936157
2823,29.736799240112305,0.9975996613502502,0.7140859365463257,0.8435808420181274,0.38158270716667175
2824,31.36440086364746,0.9973099827766418,0.726832926273346,0.848364531993866,0.4033133387565613
2825,28.933475494384766,0.9970914125442505,0.7178894877433777,0.8394994735717773,0.3813926577568054
2826,29.965465545654297,0.9934507608413696,0.7181297540664673,0.8480045199394226,0.4007803797721863
2827,28.923730850219727,1.0,0.7255958914756775,0.8527507781982422,0.4008510708808899
2828,31.059669494628906,0.9971874952316284,0.7126673460006714,0.8408894538879395,0.38465893268585205
2829,26.97113800048828,0.9991776347160339,0.7251467704772949,0.8471499681472778,0.40850332379341125
2830,28.360998153686523,0.9989583492279053,0.719113826751709,0.8489524126052856,0.3929296135902405
2831,30.045860290527344,0.9973776340484619,0.7187386751174927,0.8520203232765198,0.4032035171985626
2832,29.557809829711914,0.9986978769302368,0.7121820449829102,0.8467591404914856,0.40406644344329834
2833,28.37392234802246,0.997880756855011,0.7171195149421692,0.8507064580917358,0.3976143002510071
2834,29.653064727783203,0.9978423118591309,0.7236418724060059,0.842989981174469,0.3981110453605652
2835,29.358129501342773,0.9987499713897705,0.707414984703064,0.8342698812484741,0.3875140845775604
2836,28.999177932739258,0.9987980723381042,0.715236485004425,0.8402152061462402,0.38071349263191223
2837,30.193965911865234,1.0,0.72700035572052,0.8422144055366516,0.39065635204315186
2838,27.98026466369629,0.9977083206176758,0.7223902940750122,0.8393336534500122,0.38428571820259094
2839,28.558910369873047,0.9975019693374634,0.7209408283233643,0.8449543714523315,0.400638222694397
2840,31.531055450439453,0.999387264251709,0.7240076065063477,0.8500121831893921,0.3926686942577362
2841,28.921689987182617,0.9960100650787354,0.7086591720581055,0.8368650674819946,0.39785248041152954
2842,30.32668685913086,0.9976898431777954,0.7293941974639893,0.8567025661468506,0.40663427114486694
2843,28.7218074798584,0.9985795617103577,0.7349038124084473,0.8431424498558044,0.3904816210269928
2844,29.530229568481445,0.9963541626930237,0.7210488319396973,0.8523378372192383,0.39628660678863525
2845,29.99295997619629,0.9989919662475586,0.727307915687561,0.8415825366973877,0.40347012877464294
2846,30.321748733520508,1.0,0.7189598083496094,0.8404223918914795,0.3946765661239624
2847,30.37603187561035,0.997880756855011,0.7307953834533691,0.8591250777244568,0.404436856508255
2848,31.421979904174805,0.9989583492279053,0.7244910001754761,0.8512612581253052,0.4042370617389679
2849,28.59068489074707,0.9989224076271057,0.7217859625816345,0.8479958176612854,0.40514829754829407
2850,31.887197494506836,0.9990234375,0.7269778251647949,0.8550084829330444,0.39514100551605225
2851,29.772924423217773,0.9923595190048218,0.7350276708602905,0.8608413338661194,0.39678439497947693
2852,29.302148818969727,0.9977509379386902,0.7238709926605225,0.8459941148757935,0.385146826505661
2853,32.21464538574219,0.9967141151428223,0.7164715528488159,0.8325262069702148,0.38138049840927124
2854,31.562719345092773,1.0,0.7281689047813416,0.8584181070327759,0.40483468770980835
2855,30.635303497314453,0.9987499713897705,0.7237820625305176,0.8511992692947388,0.40169015526771545
2856,28.824487686157227,0.9945244193077087,0.7285540103912354,0.8511468768119812,0.4002283811569214
2857,30.482458114624023,0.9977419376373291,0.7105782628059387,0.8351854085922241,0.3968436121940613
2858,29.392972946166992,0.9969117641448975,0.7187374234199524,0.8392996191978455,0.38501742482185364
2859,30.918954849243164,1.0,0.7218523025512695,0.8441795706748962,0.3979143798351288
2860,31.005273818969727,1.0,0.712856650352478,0.8537216782569885,0.38955822587013245
2861,32.00290298461914,0.9969965815544128,0.7328668236732483,0.8595240116119385,0.4083990752696991
2862,30.92693519592285,0.9978660345077515,0.7192712426185608,0.8419905304908752,0.3975764513015747
2863,30.17696762084961,0.9960667490959167,0.7246549725532532,0.8492246866226196,0.411436527967453
2864,31.494096755981445,0.9986978769302368,0.7211598753929138,0.8411084413528442,0.4020184874534607
2865,30.686901092529297,0.9986978769302368,0.7163940668106079,0.8557558655738831,0.40074265003204346
2866,28.909116744995117,0.997726559638977,0.7099159955978394,0.8438135385513306,0.3995972275733948
2867,30.108423233032227,0.9987499713897705,0.7298253774642944,0.8604364395141602,0.4060150384902954
2868,30.022336959838867,1.0,0.7224739193916321,0.8426699638366699,0.3952901363372803
2869,30.07118034362793,0.9988839626312256,0.7261252403259277,0.8519388437271118,0.4012936055660248
2870,31.020275115966797,0.9988839626312256,0.7124626636505127,0.8362293243408203,0.3845493793487549
2871,29.58341407775879,1.0,0.7111179828643799,0.8445199131965637,0.3964530825614929
2872,31.08584976196289,0.9977650046348572,0.7285262942314148,0.8457797169685364,0.40040650963783264
2873,31.187114715576172,0.9978063106536865,0.7230721712112427,0.8489664793014526,0.3967466354370117
2874,29.15886688232422,1.0,0.7182326316833496,0.8391505479812622,0.39679816365242004
2875,29.739919662475586,0.9952405691146851,0.7238897681236267,0.8477095365524292,0.38912370800971985
2876,29.992341995239258,0.9933363795280457,0.7143944501876831,0.8398675918579102,0.4019041955471039
2877,31.676647186279297,0.9952765703201294,0.7080385088920593,0.8278083801269531,0.3872864544391632
2878,30.437488555908203,0.9969692826271057,0.7307910919189453,0.8468011021614075,0.396416574716568
2879,29.053760528564453,1.0,0.7195444703102112,0.8403782844543457,0.38876214623451233
2880,29.16839599609375,0.9976203441619873,0.7242509126663208,0.8496627807617188,0.39585134387016296
2881,28.972328186035156,0.9972767233848572,0.7006391286849976,0.834649920463562,0.37283235788345337
2882,28.596599578857422,0.9992897510528564,0.7208021283149719,0.8360977172851562,0.3961527645587921
2883,27.829299926757812,0.9989583492279053,0.7107003331184387,0.8413373231887817,0.39779162406921387
2884,32.09560775756836,0.9966325759887695,0.7263305187225342,0.8537418246269226,0.3910693824291229
2885,30.75690460205078,0.9987980723381042,0.7217392325401306,0.842423141002655,0.3993125259876251
2886,29.034015655517578,1.0,0.7156842947006226,0.8375229835510254,0.38818076252937317
2887,30.46867561340332,0.9990234375,0.7220849990844727,0.8500611782073975,0.39725276827812195
2888,32.1785888671875,0.9979487061500549,0.7127028107643127,0.8479320406913757,0.3997134566307068
2889,29.069812774658203,0.9989919662475586,0.7189009189605713,0.8415950536727905,0.3967406749725342
2890,30.707111358642578,0.9962409734725952,0.7393026351928711,0.85816890001297,0.4027898609638214
2891,29.706016540527344,0.9973136186599731,0.7255993485450745,0.8565317988395691,0.4066517651081085
2892,29.84593963623047,0.9972801208496094,0.7186467051506042,0.8449161052703857,0.40906548500061035
2893,28.91558074951172,0.9987499713897705,0.7250150442123413,0.8423453569412231,0.4055923819541931
2894,31.50912857055664,0.9965185523033142,0.7322739362716675,0.8535968065261841,0.39747631549835205
2895,30.2468204498291,0.9961413145065308,0.7140403389930725,0.8406715989112854,0.3948732614517212
2896,29.00617790222168,0.997672438621521,0.734230637550354,0.8572119474411011,0.41664355993270874
2897,30.327903747558594,0.9982638955116272,0.7165526747703552,0.8385751247406006,0.4013082981109619
2898,31.267690658569336,1.0,0.7111712694168091,0.8469414114952087,0.39669421315193176
2899,29.104887008666992,0.9971532225608826,0.7242372035980225,0.8534180521965027,0.4116305410861969
2900,29.504976272583008,1.0,0.7314207553863525,0.8352397680282593,0.40231549739837646
2901,29.721506118774414,0.9979503154754639,0.7209634780883789,0.8458287715911865,0.3908267021179199
2902,30.739688873291016,0.9987980723381042,0.7147214412689209,0.8364965319633484,0.39455586671829224
2903,30.319660186767578,0.997830867767334,0.7220160961151123,0.8580344915390015,0.4058873653411865
2904,30.163774490356445,0.9969494342803955,0.7288004159927368,0.8541885614395142,0.4070410132408142
2905,28.672409057617188,0.9988839626312256,0.7199404239654541,0.8431028127670288,0.39074695110321045
2906,30.88735008239746,0.9952678680419922,0.7138664126396179,0.8407226800918579,0.39023709297180176
2907,29.671863555908203,0.9961413145065308,0.7202181816101074,0.8415628671646118,0.39263099431991577
2908,30.448692321777344,0.9959405660629272,0.7163127660751343,0.8426442742347717,0.40080738067626953
2909,30.956382751464844,1.0,0.7241436243057251,0.8461894392967224,0.3984442353248596
2910,29.351303100585938,0.9965043067932129,0.7157700061798096,0.8495382070541382,0.39585062861442566
2911,30.166893005371094,0.9990808963775635,0.7154386043548584,0.8415090441703796,0.39726805686950684
2912,29.63312339782715,0.9938791990280151,0.7280052304267883,0.8391510844230652,0.4094398617744446
2913,29.795948028564453,0.9983552694320679,0.7142247557640076,0.8389759063720703,0.3835145831108093
2914,31.032854080200195,0.9963000416755676,0.7262805104255676,0.8458459377288818,0.4075043797492981
2915,28.263782501220703,0.9980764389038086,0.7237632870674133,0.8385897874832153,0.3939228057861328
2916,32.33905792236328,0.9989224076271057,0.7249453663825989,0.8507348299026489,0.4018264710903168
2917,29.64837074279785,0.996137261390686,0.7153633832931519,0.8525348901748657,0.3925631642341614
2918,30.531652450561523,0.9939034581184387,0.7194362878799438,0.844260573387146,0.3806358277797699
2919,30.515644073486328,0.9974221587181091,0.7169610261917114,0.846396803855896,0.3925967812538147
2920,28.76866912841797,0.9988839626312256,0.7172731161117554,0.8355001211166382,0.4007825553417206
2921,31.118122100830078,0.9985795617103577,0.7072044014930725,0.8418407440185547,0.38133639097213745
2922,31.317476272583008,0.9989583492279053,0.7279568910598755,0.8477218151092529,0.40451687574386597
2923,30.38585090637207,0.9960795640945435,0.722076416015625,0.8516082763671875,0.39848968386650085
2924,31.808212280273438,0.9966381192207336,0.7279031276702881,0.8520349264144897,0.4018743336200714
2925,33.01342010498047,0.9990530014038086,0.7492047548294067,0.863540530204773,0.412350594997406
2926,30.712182998657227,1.0,0.7183761596679688,0.8450414538383484,0.39739230275154114
2927,29.72265625,0.9972020387649536,0.7182426452636719,0.8456400036811829,0.39231428503990173
2928,29.487279891967773,1.0,0.7133060693740845,0.8405792117118835,0.37558138370513916
2929,30.18889617919922,1.0,0.7316572666168213,0.8486865758895874,0.40896663069725037
2930,33.370933532714844,0.9976562261581421,0.732123613357544,0.8563724160194397,0.41491177678108215
2931,30.69574546813965,0.9988425970077515,0.7299882769584656,0.8490436673164368,0.4055444598197937
2932,30.85198211669922,0.9979487657546997,0.7302716374397278,0.8524026870727539,0.40063363313674927
2933,31.063291549682617,1.0,0.7252397537231445,0.8572922348976135,0.3940761685371399
2934,30.829833984375,0.9987980723381042,0.7236869931221008,0.8501800298690796,0.39175260066986084
2935,31.506811141967773,0.9985795617103577,0.7158831357955933,0.8395741581916809,0.3975869119167328
2936,31.13662338256836,1.0,0.7238175868988037,0.8506742119789124,0.40795159339904785
2937,30.036611557006836,0.9987980723381042,0.7285747528076172,0.856498122215271,0.3956584930419922
2938,29.690183639526367,0.9988425970077515,0.740928053855896,0.8482213020324707,0.4009356200695038
2939,29.013643264770508,0.9975404739379883,0.7116888165473938,0.8357706069946289,0.39635536074638367
2940,29.83782386779785,0.998161792755127,0.7259178161621094,0.8534882068634033,0.41310539841651917
2941,31.34858512878418,0.9987499713897705,0.722215473651886,0.85623699426651,0.41482967138290405
2942,31.635465621948242,0.9956371784210205,0.7252817153930664,0.8452380299568176,0.3980272710323334
2943,30.60988426208496,0.9947143793106079,0.7273165583610535,0.8384253978729248,0.40114378929138184
2944,30.772747039794922,1.0,0.728009819984436,0.8481587767601013,0.39140400290489197
2945,30.535409927368164,0.9985795617103577,0.7215670347213745,0.8563557863235474,0.39211204648017883
2946,30.79852867126465,0.9991319179534912,0.7137727737426758,0.8408012986183167,0.4001723825931549
2947,30.30573272705078,1.0,0.7184836268424988,0.8474808931350708,0.40476858615875244
2948,29.37850570678711,0.9967105388641357,0.7266706228256226,0.8527161478996277,0.4156862795352936
2949,30.226852416992188,1.0,0.715083122253418,0.8433279991149902,0.39782482385635376
2950,31.306116104125977,0.9962745904922485,0.7062057256698608,0.850273072719574,0.38503754138946533
2951,28.802072525024414,0.9991776347160339,0.7136102318763733,0.8423639535903931,0.39253687858581543
2952,31.071369171142578,0.9990808963775635,0.7228500247001648,0.8484500050544739,0.4034605920314789
2953,29.763362884521484,0.9946767091751099,0.7255277633666992,0.8509032130241394,0.3960057199001312
2954,28.749250411987305,0.99650639295578,0.7265746593475342,0.8485497236251831,0.3931623697280884
2955,31.17790985107422,0.9988425970077515,0.7165020108222961,0.8523151874542236,0.3972996473312378
2956,30.43154525756836,0.9975961446762085,0.7166837453842163,0.8495383262634277,0.3898448646068573
2957,30.808856964111328,0.9948710799217224,0.7347921133041382,0.8543559312820435,0.3934837281703949
2958,29.413721084594727,1.0,0.722675621509552,0.8430948257446289,0.3928776681423187
2959,31.13882827758789,1.0,0.7320089936256409,0.8508694171905518,0.39702942967414856
2960,28.994504928588867,0.9974221587181091,0.7253342866897583,0.8424723744392395,0.39821481704711914
2961,30.05784034729004,1.0,0.72705078125,0.8560447692871094,0.4047619104385376
2962,32.22347640991211,0.9967317581176758,0.7229160070419312,0.85920250415802,0.40339943766593933
2963,29.884376525878906,0.9952592849731445,0.7205568552017212,0.8435930609703064,0.40225669741630554
2964,30.992610931396484,0.997592568397522,0.7241098284721375,0.8487043380737305,0.4037572145462036
2965,30.766218185424805,0.9990808963775635,0.7264443635940552,0.8598123788833618,0.4037572145462036
2966,29.880123138427734,0.9983552694320679,0.719338059425354,0.8414518237113953,0.40720221400260925
2967,30.08309555053711,0.9982638955116272,0.7303755879402161,0.8535394072532654,0.41352736949920654
2968,29.731903076171875,1.0,0.710008978843689,0.8375660181045532,0.38245314359664917
2969,30.58047103881836,0.9955161809921265,0.7257555723190308,0.8469504714012146,0.3990246653556824
2970,28.804439544677734,0.9986978769302368,0.7151346206665039,0.8328927159309387,0.39467039704322815
2971,32.0980339050293,0.9979369640350342,0.7332896590232849,0.8597832918167114,0.3989955484867096
2972,29.6383113861084,0.9949547052383423,0.7238240242004395,0.8549110293388367,0.39787110686302185
2973,30.522754669189453,0.9961979389190674,0.7289696335792542,0.8524728417396545,0.41604799032211304
2974,32.33426284790039,0.9949468374252319,0.7328660488128662,0.8497073650360107,0.40444573760032654
2975,29.740713119506836,0.9955428838729858,0.7255415320396423,0.8541569709777832,0.405631422996521
2976,30.438365936279297,0.9963367581367493,0.7257300615310669,0.8461287021636963,0.41144800186157227
2977,30.004709243774414,0.9938966035842896,0.7341125011444092,0.8603478670120239,0.40662139654159546
2978,29.50640869140625,0.9988839626312256,0.7127899527549744,0.8558285236358643,0.39339080452919006
2979,29.264060974121094,0.9971591234207153,0.7176282405853271,0.8383687138557434,0.40585166215896606
2980,29.65725326538086,1.0,0.7345331907272339,0.8598130941390991,0.40449124574661255
2981,31.417903900146484,0.9983552694320679,0.7295275926589966,0.8435003757476807,0.39673912525177
2982,29.032930374145508,0.995763897895813,0.7246996164321899,0.8428354859352112,0.40181612968444824
2983,29.22527503967285,0.9979166984558105,0.7410593628883362,0.861989438533783,0.4010297358036041
2984,29.330656051635742,0.9973776340484619,0.7166667580604553,0.8473351001739502,0.3856540322303772
2985,29.5220947265625,0.9980778098106384,0.73434978723526,0.8521731495857239,0.3934243619441986
2986,28.6898193359375,1.0,0.7344729900360107,0.8481982946395874,0.40435904264450073
2987,28.840471267700195,0.9960336685180664,0.7275208234786987,0.8412944078445435,0.3893173336982727
2988,30.80779266357422,1.0,0.7230843305587769,0.8522624969482422,0.4001741111278534
2989,28.79651641845703,0.9964488744735718,0.7209593057632446,0.8455377221107483,0.3942174017429352
2990,31.183046340942383,0.9980449676513672,0.7296520471572876,0.8513612747192383,0.40864163637161255
2991,29.626117706298828,0.998161792755127,0.7242892384529114,0.8479902744293213,0.38836613297462463
2992,28.26154136657715,0.9975481033325195,0.7260892391204834,0.8462686538696289,0.40171918272972107
2993,31.214801788330078,0.9974479079246521,0.7418527007102966,0.8556753396987915,0.40516239404678345
2994,30.7623291015625,0.9976261258125305,0.7373377680778503,0.8506828546524048,0.4071823060512543
2995,31.467180252075195,0.9978789687156677,0.7209916114807129,0.8482162952423096,0.41178151965141296
2996,29.27911949157715,0.9990808963775635,0.7246189117431641,0.8518190383911133,0.3873899579048157
2997,28.249067306518555,0.9943827390670776,0.7199195623397827,0.8518351316452026,0.4056684970855713
2998,31.24462127685547,0.997726559638977,0.7263486385345459,0.8475887775421143,0.4010620415210724
2999,30.814666748046875,1.0,0.7236319780349731,0.8466585874557495,0.39636871218681335
3000,28.52167510986328,0.9989224076271057,0.7076971530914307,0.8440709114074707,0.3907551169395447
3001,27.531007766723633,0.994935154914856,0.7210437655448914,0.8375896215438843,0.3886174261569977
3002,31.980161666870117,0.9966643452644348,0.724561333656311,0.8582006692886353,0.40807434916496277
3003,29.742189407348633,1.0,0.7277025580406189,0.8451755046844482,0.4016689658164978
3004,31.002906799316406,0.9955331087112427,0.7287659049034119,0.8524598479270935,0.41211268305778503
3005,30.540342330932617,1.0,0.7236602306365967,0.8525072336196899,0.4015410840511322
3006,30.506467819213867,1.0,0.7325735092163086,0.8613157868385315,0.41496986150741577
3007,28.202924728393555,1.0,0.707082211971283,0.8406299352645874,0.3982558250427246
3008,30.349584579467773,0.9967404007911682,0.7215026021003723,0.8612735271453857,0.40011006593704224
3009,29.553142547607422,1.0,0.7328063249588013,0.8485099077224731,0.3948953151702881
3010,29.293190002441406,0.9963703155517578,0.7237914800643921,0.8513966798782349,0.39763447642326355
3011,30.11767578125,0.9974609613418579,0.7211400270462036,0.8522225618362427,0.40507787466049194
3012,28.807775497436523,0.9991071224212646,0.7194530963897705,0.847126305103302,0.39597877860069275
3013,30.31476593017578,0.9984375238418579,0.7280834913253784,0.8502565622329712,0.39647454023361206
3014,29.846059799194336,0.9982638955116272,0.7256913185119629,0.855488657951355,0.41189929842948914
3015,28.911813735961914,0.9963060617446899,0.7145277261734009,0.8488023281097412,0.4010342061519623
3016,28.205951690673828,0.997672438621521,0.7286526560783386,0.8582350015640259,0.4127351939678192
3017,29.652681350708008,0.9978050589561462,0.7179862856864929,0.8350403904914856,0.3892316520214081
3018,29.286808013916016,0.9980728030204773,0.7253736257553101,0.8493460416793823,0.4037109911441803
3019,30.881227493286133,1.0,0.7391539812088013,0.8572956323623657,0.40543636679649353
3020,30.061843872070312,1.0,0.719613790512085,0.8540099263191223,0.4020000100135803
3021,32.304283142089844,0.9950422048568726,0.7316079139709473,0.8544646501541138,0.4001741111278534
3022,29.298444747924805,0.9972262382507324,0.7302510738372803,0.8595630526542664,0.40713098645210266
3023,31.059852600097656,0.9975929260253906,0.7229710817337036,0.8540784120559692,0.40297651290893555
3024,31.44418716430664,0.9988839626312256,0.7260531783103943,0.8375575542449951,0.39301803708076477
3025,28.485111236572266,0.9979052543640137,0.719942569732666,0.8389073610305786,0.38973766565322876
3026,30.33807945251465,0.996000349521637,0.7220829129219055,0.8459309339523315,0.390620619058609
3027,27.854520797729492,0.9990530014038086,0.7286165952682495,0.8562642335891724,0.4062500298023224
3028,31.358707427978516,1.0,0.72064208984375,0.8487532138824463,0.3992004692554474
3029,31.426225662231445,0.995058536529541,0.7191792726516724,0.8418648838996887,0.38992804288864136
3030,29.159069061279297,0.9990234375,0.7154397964477539,0.843535304069519,0.3954295516014099
3031,29.948604583740234,0.9965400099754333,0.7228857278823853,0.8451958894729614,0.4038942754268646
3032,27.998645782470703,0.997632622718811,0.720206618309021,0.846505880355835,0.39830029010772705
3033,29.261016845703125,0.995232880115509,0.7277657985687256,0.8383016586303711,0.3914651572704315
3034,29.621400833129883,0.9976325631141663,0.7211610078811646,0.8549981117248535,0.3974249064922333
3035,30.8491268157959,1.0,0.7314131259918213,0.8472726345062256,0.39976823329925537
3036,31.966699600219727,0.9989224076271057,0.7146204113960266,0.8426377177238464,0.40137553215026855
3037,29.81810760498047,1.0,0.7321536540985107,0.8469182848930359,0.4135359823703766
3038,31.731313705444336,1.0,0.7160567045211792,0.8503311276435852,0.388654887676239
3039,29.612995147705078,0.9985795617103577,0.7272942066192627,0.8443201184272766,0.39907190203666687
3040,30.321012496948242,0.997438371181488,0.7188507318496704,0.84417724609375,0.39904922246932983
3041,29.94663429260254,0.9978660345077515,0.7276159524917603,0.8404037952423096,0.406206339597702
3042,30.010921478271484,0.9965786933898926,0.72860187292099,0.8605642318725586,0.3949797749519348
3043,30.806344985961914,1.0,0.7211204171180725,0.8517165184020996,0.4079701602458954
3044,31.27140998840332,0.9966856241226196,0.7107371091842651,0.8389195203781128,0.3733794391155243
3045,29.825082778930664,0.9989919662475586,0.7269241809844971,0.8472773432731628,0.38745489716529846
3046,30.40210723876953,0.9944117665290833,0.7256342172622681,0.8426422476768494,0.3978923261165619
3047,30.28856658935547,0.9972689151763916,0.7363660931587219,0.8424710035324097,0.40028488636016846
3048,30.99149513244629,0.9972842335700989,0.7116984128952026,0.8504873514175415,0.3949771523475647
3049,30.44520378112793,0.9958804845809937,0.7253456711769104,0.8555434942245483,0.4057258665561676
3050,30.03904151916504,0.9971052408218384,0.7197542190551758,0.8532246947288513,0.4053831398487091
3051,31.310592651367188,0.9976332187652588,0.7166469693183899,0.8476427793502808,0.40320736169815063
3052,29.998388290405273,0.9975929260253906,0.7334417104721069,0.8449052572250366,0.4006791114807129
3053,31.893585205078125,1.0,0.7297571897506714,0.8533154726028442,0.41623038053512573
3054,31.585773468017578,0.9961757063865662,0.7375087738037109,0.8615515828132629,0.40651994943618774
3055,30.566314697265625,0.9989224076271057,0.7225915789604187,0.8496589660644531,0.38577404618263245
3056,29.610715866088867,0.9978345632553101,0.7278415560722351,0.8416560888290405,0.3938869535923004
3057,30.121265411376953,0.996387779712677,0.713563859462738,0.8538675308227539,0.3998849391937256
3058,29.825977325439453,1.0,0.7212183475494385,0.8484928607940674,0.4027096927165985
3059,30.155729293823242,1.0,0.7351518273353577,0.8484938144683838,0.4224376678466797
3060,31.160438537597656,0.997255802154541,0.7370009422302246,0.8624674081802368,0.4073968827724457
3061,28.70020294189453,0.9988839626312256,0.7103586196899414,0.8404554724693298,0.39105668663978577
3062,29.66629981994629,0.9990530014038086,0.720965564250946,0.8451265096664429,0.3737836182117462
3063,30.28057289123535,0.9987499713897705,0.7305471897125244,0.8605381846427917,0.4029676914215088
3064,29.81488609313965,0.9962064027786255,0.7153183221817017,0.8497580289840698,0.3932676613330841
3065,29.86861801147461,0.9975637197494507,0.7153093814849854,0.8427663445472717,0.3957204222679138
3066,31.561155319213867,0.9990234375,0.7400413751602173,0.8499906659126282,0.41363635659217834
3067,30.27819061279297,0.9989919662475586,0.7226748466491699,0.8534951210021973,0.39335259795188904
3068,29.999462127685547,0.998641312122345,0.7167432308197021,0.8406286239624023,0.4002801179885864
3069,31.725263595581055,0.9971052408218384,0.7318944334983826,0.8646962642669678,0.4073866903781891
3070,30.799484252929688,0.9972332119941711,0.7167400121688843,0.8486804962158203,0.38618701696395874
3071,29.998600006103516,1.0,0.7237832546234131,0.8407317996025085,0.39657142758369446
3072,30.614721298217773,0.9961721301078796,0.7186850309371948,0.8416599035263062,0.39355212450027466
3073,30.18308448791504,0.9966734647750854,0.7209311723709106,0.8464820384979248,0.3921568691730499
3074,31.087894439697266,1.0,0.7248706817626953,0.8497292995452881,0.40500566363334656
3075,30.586044311523438,0.9982585310935974,0.730230450630188,0.8614938259124756,0.4067460298538208
3076,31.016063690185547,0.9966319799423218,0.7266730070114136,0.8530464172363281,0.40240755677223206
3077,32.2991943359375,0.9990808963775635,0.7313203811645508,0.8535429239273071,0.40052279829978943
3078,31.291662216186523,0.9962905049324036,0.7288630604743958,0.8503283858299255,0.38737013936042786
3079,31.09604263305664,0.9989224076271057,0.7335957288742065,0.8461172580718994,0.39155250787734985
3080,30.577831268310547,0.9971536993980408,0.7156718373298645,0.8542768955230713,0.4011412262916565
3081,30.14783477783203,0.9989224076271057,0.700130820274353,0.8289508819580078,0.3820483386516571
3082,31.918283462524414,0.9980113506317139,0.727809488773346,0.8539509773254395,0.3995491862297058
3083,29.832143783569336,0.9986978769302368,0.722582221031189,0.8415988087654114,0.3936942219734192
3084,28.636789321899414,0.9948406219482422,0.7296104431152344,0.8526290655136108,0.41695401072502136
3085,29.930776596069336,0.9986978769302368,0.7328119277954102,0.8642019033432007,0.4094827473163605
3086,30.875396728515625,1.0,0.7459612488746643,0.8749388456344604,0.40827545523643494
3087,31.92875862121582,0.9959514141082764,0.7362918853759766,0.8602921366691589,0.40871483087539673
3088,30.688974380493164,0.9989583492279053,0.7277964353561401,0.8507521748542786,0.3981797397136688
3089,30.266515731811523,1.0,0.7273980975151062,0.8534486889839172,0.4024529457092285
3090,29.306396484375,1.0,0.7310315370559692,0.854027271270752,0.3954753875732422
3091,28.686861038208008,0.9958478212356567,0.7246875762939453,0.8419833183288574,0.4108954071998596
3092,30.654165267944336,0.9976190328598022,0.7199249267578125,0.8501410484313965,0.39749523997306824
3093,29.6038761138916,0.996006965637207,0.7282581329345703,0.858368456363678,0.40367498993873596
3094,31.149728775024414,0.9970787763595581,0.7153323888778687,0.8562629222869873,0.3970882296562195
3095,31.163997650146484,0.9978660345077515,0.7343658804893494,0.8430501222610474,0.41487225890159607
3096,29.710783004760742,0.9959373474121094,0.7276264429092407,0.8495144248008728,0.4019607901573181
3097,31.737070083618164,0.9980154037475586,0.7091256380081177,0.8410983085632324,0.4005618095397949
3098,30.60114860534668,1.0,0.7317724227905273,0.8550730347633362,0.4103517234325409
3099,31.886783599853516,1.0,0.7397809028625488,0.8542045950889587,0.41500720381736755
3100,30.637357711791992,0.9971354007720947,0.7323412895202637,0.856105625629425,0.4133835434913635
3101,30.333703994750977,0.9978298544883728,0.7292424440383911,0.8312512636184692,0.4068587124347687
3102,29.43460464477539,0.9979458451271057,0.7384732365608215,0.854817271232605,0.4050271213054657
3103,31.277122497558594,0.9988425970077515,0.7367634177207947,0.8568899631500244,0.41509971022605896
3104,30.045698165893555,0.9989583492279053,0.7264449596405029,0.8535473346710205,0.41046276688575745
3105,29.164993286132812,0.996390700340271,0.7185059785842896,0.8471601605415344,0.39870205521583557
3106,30.458805084228516,0.9988839626312256,0.7243901491165161,0.8566932678222656,0.4119120240211487
3107,30.980470657348633,1.0,0.7410611510276794,0.8671696186065674,0.40971824526786804
3108,31.970434188842773,0.997592568397522,0.7218348383903503,0.8420587778091431,0.3943541347980499
3109,30.90648078918457,0.9978009462356567,0.7336786985397339,0.8620133399963379,0.3961449861526489
3110,26.481870651245117,1.0,0.7265030145645142,0.8590830564498901,0.4014577865600586
3111,31.23479652404785,0.9978955984115601,0.721140444278717,0.8368576169013977,0.3793592154979706
3112,31.04949951171875,1.0,0.72516930103302,0.8456238508224487,0.4003950357437134
3113,30.98237419128418,0.9968449473381042,0.7251241207122803,0.8481875658035278,0.4007512331008911
3114,30.655101776123047,1.0,0.7287946939468384,0.850813627243042,0.4047481417655945
3115,28.99181365966797,0.9988839626312256,0.7138055562973022,0.8508588075637817,0.39197787642478943
3116,29.949430465698242,0.9975818395614624,0.7252339124679565,0.8440353274345398,0.40461933612823486
3117,30.6392765045166,0.9988839626312256,0.726131796836853,0.8506697416305542,0.4095940887928009
3118,31.396623611450195,0.9959373474121094,0.732731819152832,0.8607943058013916,0.4131307303905487
3119,31.091838836669922,1.0,0.7215889096260071,0.8488764762878418,0.40951308608055115
3120,29.79501724243164,0.9977650046348572,0.7160712480545044,0.8403185606002808,0.38791424036026
3121,30.027265548706055,0.9983552694320679,0.7224794626235962,0.8504055738449097,0.4110023081302643
3122,30.226940155029297,0.9967002868652344,0.7383642792701721,0.8489017486572266,0.4122006595134735
3123,29.747591018676758,0.998641312122345,0.7355735301971436,0.8467109203338623,0.3993065655231476
3124,30.68329620361328,1.0,0.7314473390579224,0.8540965914726257,0.42809271812438965
3125,32.0177116394043,0.9948798418045044,0.7277717590332031,0.8517824411392212,0.4015301764011383
3126,29.555633544921875,0.997442364692688,0.7323176264762878,0.8549207448959351,0.404297411441803
3127,31.948841094970703,0.9988425970077515,0.7335295081138611,0.8574841618537903,0.4130309820175171
3128,29.47953224182129,0.9985795617103577,0.72711181640625,0.8464242219924927,0.3965717554092407
3129,32.003990173339844,0.9988425970077515,0.7238342761993408,0.8592650890350342,0.4004424810409546
3130,30.605777740478516,0.9978009462356567,0.7340601682662964,0.8513641357421875,0.3927345275878906
3131,30.537681579589844,1.0,0.7239172458648682,0.8475164175033569,0.40318000316619873
3132,31.503326416015625,0.998161792755127,0.7304109334945679,0.8518181443214417,0.4011428654193878
3133,30.604019165039062,0.9972208738327026,0.7299177646636963,0.8497494459152222,0.40774229168891907
3134,29.93672752380371,0.9962819814682007,0.7245389223098755,0.8511452674865723,0.40938109159469604
3135,31.99530792236328,0.9972774386405945,0.7352637052536011,0.8582637310028076,0.4201149344444275
3136,31.26580810546875,1.0,0.7278350591659546,0.8390506505966187,0.3998860716819763
3137,28.66468048095703,0.9985119104385376,0.7136217355728149,0.8413001298904419,0.3860005736351013
3138,30.346237182617188,0.9988839626312256,0.7174632549285889,0.831394612789154,0.38607242703437805
3139,30.988008499145508,0.9964988231658936,0.7229779362678528,0.8433965444564819,0.4020356237888336
3140,32.17947006225586,0.9988839626312256,0.7181201577186584,0.8537583947181702,0.40296801924705505
3141,29.423564910888672,1.0,0.7289053797721863,0.8505765795707703,0.39931347966194153
3142,31.772377014160156,0.9971874952316284,0.7471935749053955,0.8595937490463257,0.411935955286026
3143,30.659957885742188,0.9975000023841858,0.7234127521514893,0.853624701499939,0.3973473310470581
3144,30.37742042541504,0.9985119104385376,0.7269697189331055,0.8549045920372009,0.40376928448677063
3145,31.636899948120117,0.997880756855011,0.7279836535453796,0.8459683060646057,0.3984663486480713
3146,29.760631561279297,0.9979166984558105,0.7210626006126404,0.8398189544677734,0.3933066129684448
3147,29.708053588867188,0.9961774349212646,0.7249611616134644,0.8429742455482483,0.40841513872146606
3148,29.91413116455078,0.9989583492279053,0.7313883304595947,0.8498729467391968,0.3971039056777954
3149,31.18038558959961,0.9982625246047974,0.7115291357040405,0.8429592847824097,0.39270326495170593
3150,30.981595993041992,0.9979910850524902,0.7310366630554199,0.8555232286453247,0.41475313901901245
3151,30.734155654907227,0.9975714683532715,0.7256048917770386,0.8512765169143677,0.4134224057197571
3152,30.271167755126953,0.9985795617103577,0.7162265777587891,0.8462047576904297,0.3938212990760803
3153,28.455625534057617,0.9957288503646851,0.7113263607025146,0.8376734256744385,0.39087581634521484
3154,29.122264862060547,1.0,0.7246997952461243,0.8534205555915833,0.41326093673706055
3155,31.08887481689453,0.9978758692741394,0.7273699045181274,0.8581883907318115,0.4030963182449341
3156,29.99018096923828,0.9989919662475586,0.7396389245986938,0.863713264465332,0.4215429425239563
3157,32.650367736816406,0.9976325631141663,0.7287518978118896,0.8543298244476318,0.40875306725502014
3158,29.959938049316406,0.9989583492279053,0.7146737575531006,0.8412925004959106,0.39169052243232727
3159,30.205175399780273,0.9956809282302856,0.722968339920044,0.8458406329154968,0.40253522992134094
3160,29.041196823120117,0.9959843754768372,0.727808952331543,0.8421165943145752,0.3973471522331238
3161,31.073314666748047,1.0,0.7363775968551636,0.8513752818107605,0.40441587567329407
3162,29.242023468017578,1.0,0.7327993512153625,0.8482612371444702,0.4140341281890869
3163,30.58736801147461,0.9989583492279053,0.7196052074432373,0.847387433052063,0.4082450866699219
3164,28.92809295654297,0.9967262148857117,0.7255850434303284,0.856831431388855,0.39701664447784424
3165,30.78050422668457,0.9985119104385376,0.726434051990509,0.8579655289649963,0.4030110239982605
3166,29.188405990600586,0.9973958730697632,0.7370232939720154,0.8527666926383972,0.40061676502227783
3167,30.562929153442383,0.99591064453125,0.7232162952423096,0.856002688407898,0.4002808928489685
3168,30.955705642700195,0.9986978769302368,0.7282718420028687,0.8502880930900574,0.4077892601490021
3169,29.893085479736328,1.0,0.7326719760894775,0.8488914966583252,0.408857136964798
3170,30.41960334777832,0.9981238842010498,0.7251037359237671,0.8396092653274536,0.3975588381290436
3171,29.117677688598633,1.0,0.7311288714408875,0.849182665348053,0.39547085762023926
3172,31.19384765625,1.0,0.7364194393157959,0.8611803650856018,0.4012010395526886
3173,32.059749603271484,0.9974479079246521,0.7325762510299683,0.8517481088638306,0.3970712423324585
3174,30.9919490814209,0.9985119104385376,0.7454575300216675,0.8546704649925232,0.42219021916389465
3175,29.22239112854004,0.9963182210922241,0.7313320636749268,0.8533400297164917,0.400730162858963
3176,29.139917373657227,0.9990234375,0.727915346622467,0.856094479560852,0.40089333057403564
3177,31.06100082397461,0.9987499713897705,0.7277953624725342,0.8488216400146484,0.4031981825828552
3178,29.511455535888672,1.0,0.7254430055618286,0.8482477068901062,0.41173088550567627
3179,30.993623733520508,0.9988425970077515,0.7286669015884399,0.858422040939331,0.4046929180622101
3180,30.17430877685547,0.9990234375,0.7262804508209229,0.8378788828849792,0.39519283175468445
3181,30.864627838134766,1.0,0.738231897354126,0.8510875701904297,0.40079253911972046
3182,29.513751983642578,0.9977734088897705,0.7206366062164307,0.8578938841819763,0.3906116783618927
3183,30.13162612915039,1.0,0.7461610436439514,0.8596148490905762,0.41533178091049194
3184,30.715974807739258,0.9963839054107666,0.7413421273231506,0.861323356628418,0.40922272205352783
3185,29.843170166015625,1.0,0.7279682159423828,0.8636178970336914,0.41006600856781006
3186,33.422706604003906,0.9982638955116272,0.7387692928314209,0.8483843803405762,0.4129810631275177
3187,28.448631286621094,1.0,0.7249487638473511,0.8423117995262146,0.40796858072280884
3188,30.56651496887207,0.9939358234405518,0.7257440090179443,0.8455847501754761,0.41374310851097107
3189,29.325353622436523,1.0,0.7219939231872559,0.8563857078552246,0.4067133069038391
3190,31.95136833190918,0.9958044290542603,0.7400214076042175,0.8579139709472656,0.41522103548049927
3191,31.845521926879883,0.9975528717041016,0.7366597652435303,0.8526343703269958,0.400404155254364
3192,31.837444305419922,0.9989224076271057,0.7351837158203125,0.8655186891555786,0.40005719661712646
3193,32.746578216552734,1.0,0.7207982540130615,0.8540759086608887,0.4140017330646515
3194,31.98157501220703,0.9976851940155029,0.7235567569732666,0.8526995182037354,0.40266960859298706
3195,29.671165466308594,1.0,0.7273235321044922,0.853606104850769,0.40239042043685913
3196,28.12163734436035,0.9977419376373291,0.7328336238861084,0.8624309301376343,0.4094533324241638
3197,30.89013671875,0.9977509379386902,0.7403517961502075,0.8610595464706421,0.40125569701194763
3198,29.29132843017578,0.9989919662475586,0.7353886365890503,0.8529362082481384,0.41577577590942383
3199,29.528085708618164,0.9988425970077515,0.7034937143325806,0.8432084321975708,0.3945634365081787
3200,31.2820987701416,0.9964443445205688,0.717706561088562,0.847113847732544,0.39448752999305725
3201,29.137346267700195,0.9988839626312256,0.7227194905281067,0.8492581844329834,0.4010181128978729
3202,32.072750091552734,0.9972776770591736,0.7387306690216064,0.8564298748970032,0.41596516966819763
3203,30.17222785949707,1.0,0.7349711060523987,0.8569807410240173,0.4063633680343628
3204,30.773300170898438,0.9965579509735107,0.7206400632858276,0.8403832912445068,0.3958739638328552
3205,30.635608673095703,0.9951757192611694,0.7303963899612427,0.8515279293060303,0.42062804102897644
3206,31.366695404052734,0.9965828657150269,0.7503260374069214,0.8611975908279419,0.4103963375091553
3207,31.20208740234375,0.9964306354522705,0.7222320437431335,0.8457074165344238,0.39464595913887024
3208,32.10323715209961,0.9943633079528809,0.734878420829773,0.8560627698898315,0.42103803157806396
3209,28.61305809020996,0.9972355365753174,0.7324323654174805,0.8556022644042969,0.40273037552833557
3210,30.01807403564453,0.9962819814682007,0.7483658790588379,0.8571723699569702,0.3988620340824127
3211,31.382783889770508,0.9988425970077515,0.7303295135498047,0.8546832799911499,0.40835002064704895
3212,28.1846981048584,0.9985119104385376,0.7334291934967041,0.8525739312171936,0.4070410132408142
3213,32.65807342529297,0.9974343180656433,0.7466845512390137,0.8636349439620972,0.4237195551395416
3214,29.89931869506836,0.995751142501831,0.7290452718734741,0.8456178903579712,0.3970840573310852
3215,28.58694076538086,0.9989919662475586,0.7211619019508362,0.8420759439468384,0.3895035684108734
3216,30.101348876953125,0.9983552694320679,0.7423524856567383,0.8503293991088867,0.4000000059604645
3217,29.782827377319336,0.9953852295875549,0.7373636960983276,0.8598290085792542,0.400954008102417
3218,32.244388580322266,0.9986978769302368,0.731630802154541,0.8648128509521484,0.41566434502601624
3219,29.73834991455078,1.0,0.7306433916091919,0.8622621893882751,0.40518733859062195
3220,31.7666072845459,0.99626624584198,0.7389054298400879,0.8514970541000366,0.40741798281669617
3221,30.577672958374023,0.9990234375,0.7364753484725952,0.8578395843505859,0.4105171263217926
3222,31.028133392333984,0.9986978769302368,0.7206841707229614,0.8419243097305298,0.41850826144218445
3223,30.782135009765625,1.0,0.7267404198646545,0.8450279235839844,0.3892369270324707
3224,29.0115966796875,0.9978448152542114,0.7336529493331909,0.8622980117797852,0.3971671462059021
3225,30.810409545898438,0.9959753751754761,0.7348200082778931,0.8565347790718079,0.4153052568435669
3226,30.312007904052734,0.9988425970077515,0.7372266054153442,0.8420053720474243,0.40295907855033875
3227,30.992870330810547,1.0,0.7256155610084534,0.8552815914154053,0.41432082653045654
3228,30.50335693359375,0.996688187122345,0.7295761108398438,0.8555304408073425,0.4050271213054657
3229,30.11362075805664,0.9987499713897705,0.7401614189147949,0.8559445142745972,0.4179486930370331
3230,31.23588752746582,1.0,0.7406842112541199,0.8539756536483765,0.4083453118801117
3231,30.92450714111328,0.996846079826355,0.7281879186630249,0.8514153957366943,0.40677011013031006
3232,32.13778305053711,0.9978063106536865,0.7317385673522949,0.8574534058570862,0.409483939409256
3233,29.977697372436523,0.9990234375,0.7395697832107544,0.8547387719154358,0.4046591818332672
3234,30.975587844848633,0.9989583492279053,0.7214947938919067,0.8439955711364746,0.39529547095298767
3235,30.734237670898438,0.9988839626312256,0.7382766008377075,0.8527015447616577,0.40677475929260254
3236,29.744396209716797,0.9982084631919861,0.7261319160461426,0.8562287092208862,0.395752876996994
3237,30.762935638427734,0.9959065318107605,0.7323605418205261,0.8509324193000793,0.39255261421203613
3238,32.581878662109375,1.0,0.7416697144508362,0.8685511350631714,0.4119657874107361
3239,31.136686325073242,1.0,0.7320359349250793,0.8613184690475464,0.405971884727478
3240,31.345916748046875,0.9970787763595581,0.7356043457984924,0.8541565537452698,0.39491182565689087
3241,30.41289710998535,0.9988425970077515,0.72417151927948,0.846144437789917,0.40844687819480896
3242,30.3338565826416,1.0,0.7283647060394287,0.8531638383865356,0.4069500267505646
3243,30.389610290527344,1.0,0.7321997880935669,0.8565213680267334,0.3986313045024872
3244,30.561981201171875,0.9972208738327026,0.7309073209762573,0.8498358726501465,0.4134863615036011
3245,29.631481170654297,0.9950231313705444,0.7283231019973755,0.8420000076293945,0.404267281293869
3246,29.039525985717773,0.9990234375,0.7170337438583374,0.8505881428718567,0.400336891412735
3247,31.946746826171875,0.9984375238418579,0.7385767698287964,0.8560284972190857,0.41676199436187744
3248,32.878517150878906,0.9980154037475586,0.7388275265693665,0.8588884472846985,0.4230990707874298
3249,30.284812927246094,0.9989583492279053,0.7320868968963623,0.8567233085632324,0.3988422751426697
3250,31.96132469177246,0.9989919662475586,0.7232556343078613,0.8539891242980957,0.40692880749702454
3251,29.647789001464844,0.9990808963775635,0.7270071506500244,0.8480002880096436,0.3957204222679138
3252,28.834121704101562,0.9960436820983887,0.7341081500053406,0.8451417088508606,0.40826210379600525
3253,30.285303115844727,0.996390700340271,0.7374131083488464,0.84857177734375,0.4071839153766632
3254,30.62467384338379,0.998641312122345,0.7355308532714844,0.8619639277458191,0.4100901782512665
3255,28.710737228393555,0.9976438283920288,0.7239014506340027,0.8479522466659546,0.40066778659820557
3256,29.279443740844727,0.997672438621521,0.7231401205062866,0.8546847105026245,0.4002877473831177
3257,29.288219451904297,0.995002269744873,0.7151901125907898,0.8600092530250549,0.3996584117412567
3258,31.283193588256836,0.9975818395614624,0.7452471256256104,0.8551297187805176,0.4150129556655884
3259,29.147693634033203,0.9962339401245117,0.7203750610351562,0.8422341346740723,0.3904494345188141
3260,28.990732192993164,0.998161792755127,0.7332779169082642,0.8522778153419495,0.3952367305755615
3261,30.1573543548584,0.9985119104385376,0.7271525263786316,0.8464221954345703,0.3879164159297943
3262,28.6070556640625,0.9989224076271057,0.7340497374534607,0.8509384393692017,0.3990176320075989
3263,31.673864364624023,0.998641312122345,0.7263058423995972,0.8594619035720825,0.4098265767097473
3264,30.541242599487305,1.0,0.7269895076751709,0.851443350315094,0.41008588671684265
3265,29.63792610168457,0.9970088005065918,0.7287642955780029,0.8387141227722168,0.3948644995689392
3266,30.574438095092773,1.0,0.7246244549751282,0.8550112247467041,0.3984685242176056
3267,29.684621810913086,0.9963018894195557,0.7283980250358582,0.8472252488136292,0.41535377502441406
3268,32.534053802490234,1.0,0.7393584251403809,0.8658796548843384,0.413880318403244
3269,31.088176727294922,0.9973545074462891,0.7348443865776062,0.8523138761520386,0.41169917583465576
3270,29.707054138183594,1.0,0.7327648401260376,0.856593132019043,0.4087759852409363
3271,31.682432174682617,0.9977967143058777,0.7285280227661133,0.8542400598526001,0.3960706293582916
3272,31.628171920776367,1.0,0.7333444356918335,0.8455044031143188,0.39849838614463806
3273,31.897382736206055,0.9977213144302368,0.7294431328773499,0.8487664461135864,0.4040827751159668
3274,30.322338104248047,0.9978758692741394,0.7222620844841003,0.8463607430458069,0.39399945735931396
3275,32.877845764160156,0.9978215098381042,0.7343416213989258,0.8495218753814697,0.4031117260456085
3276,29.887874603271484,0.9967795610427856,0.7192853689193726,0.8355616331100464,0.3813900053501129
3277,29.138044357299805,0.9986978769302368,0.7364158034324646,0.850153923034668,0.4062047004699707
3278,30.826614379882812,0.9947048425674438,0.7403948307037354,0.8615099191665649,0.39772728085517883
3279,30.88530731201172,0.9988425970077515,0.7316641211509705,0.8580509424209595,0.40646451711654663
3280,30.70827293395996,1.0,0.744614839553833,0.859027087688446,0.41111424565315247
3281,29.62544822692871,0.9963922500610352,0.7318514585494995,0.8644802570343018,0.4032534062862396
3282,30.42624282836914,0.9989583492279053,0.7244603037834167,0.8606811761856079,0.39937904477119446
3283,30.42447280883789,0.998641312122345,0.7277767658233643,0.844304084777832,0.40511253476142883
3284,30.40549659729004,1.0,0.7182072401046753,0.8490809202194214,0.3986175060272217
3285,29.3365535736084,0.9950440526008606,0.7182952761650085,0.8572525978088379,0.38675758242607117
3286,28.33811378479004,0.998641312122345,0.7320563793182373,0.858608603477478,0.4093414545059204
3287,30.735347747802734,0.9989919662475586,0.7399304509162903,0.8503217697143555,0.40730413794517517
3288,29.949790954589844,0.9964320063591003,0.734778642654419,0.8544619083404541,0.40509191155433655
3289,30.526662826538086,0.9988425970077515,0.7289927005767822,0.8522446155548096,0.40113958716392517
3290,30.35807228088379,0.998641312122345,0.7393109798431396,0.8537861108779907,0.41700056195259094
3291,29.785192489624023,0.994439959526062,0.7269660830497742,0.8498638868331909,0.3964514434337616
3292,30.80788230895996,0.9961757063865662,0.7253837585449219,0.8445537686347961,0.4076327383518219
3293,30.070415496826172,0.9990808963775635,0.7199256420135498,0.837230920791626,0.40074265003204346
3294,31.931631088256836,1.0,0.7292454242706299,0.8480355739593506,0.4020999073982239
3295,29.80711555480957,1.0,0.7451741695404053,0.8607816100120544,0.4015454947948456
3296,30.844987869262695,1.0,0.736208975315094,0.8595659732818604,0.40678441524505615
3297,30.01325225830078,1.0,0.7310920357704163,0.8605581521987915,0.4093697965145111
3298,31.088863372802734,0.9945101737976074,0.7358587980270386,0.8624605536460876,0.4113924205303192
3299,30.656131744384766,0.9972392320632935,0.7210038900375366,0.85859614610672,0.4025193452835083
3300,29.666276931762695,0.9990808963775635,0.72990882396698,0.8616032600402832,0.40742892026901245
3301,28.493234634399414,1.0,0.7431174516677856,0.8531058430671692,0.4090276062488556
3302,31.426563262939453,0.9960833787918091,0.7277228236198425,0.8469201922416687,0.40129542350769043
3303,30.26703643798828,0.9952108263969421,0.7173396348953247,0.8488224148750305,0.3950299918651581
3304,29.655319213867188,0.9978511333465576,0.7250183820724487,0.8537876605987549,0.396907240152359
3305,31.732009887695312,0.9988425970077515,0.7470329999923706,0.8553905487060547,0.40104618668556213
3306,29.932090759277344,0.9964244365692139,0.730215847492218,0.8472287654876709,0.4112303853034973
3307,32.0194091796875,0.9963858723640442,0.7224612236022949,0.8529988527297974,0.39058011770248413
3308,29.77206802368164,0.9978819489479065,0.7165662050247192,0.8391314148902893,0.3919753134250641
3309,29.314495086669922,0.9974393844604492,0.7148363590240479,0.8583890199661255,0.4091695249080658
3310,30.235979080200195,1.0,0.7260098457336426,0.847732424736023,0.3912678360939026
3311,30.615257263183594,0.9983552694320679,0.7333248853683472,0.860671877861023,0.41846156120300293
3312,30.896045684814453,1.0,0.7274407744407654,0.8457992076873779,0.40585532784461975
3313,30.222490310668945,0.9944327473640442,0.7359577417373657,0.8617867231369019,0.42072123289108276
3314,31.860713958740234,1.0,0.7206499576568604,0.850385308265686,0.3958936035633087
3315,31.22286033630371,0.997704267501831,0.7366586923599243,0.853904128074646,0.41594159603118896
3316,29.901758193969727,1.0,0.7241435050964355,0.8596009612083435,0.4015748202800751
3317,31.55406951904297,1.0,0.7462641596794128,0.8542128801345825,0.4022330641746521
3318,30.394445419311523,0.9951871633529663,0.7268121242523193,0.8577718734741211,0.4078722298145294
3319,30.492382049560547,0.9958478212356567,0.7304995059967041,0.8543099164962769,0.41255083680152893
3320,31.36421012878418,0.997664749622345,0.7274130582809448,0.8545466661453247,0.40011051297187805
3321,29.964519500732422,0.9989224076271057,0.7042215466499329,0.855787992477417,0.39043253660202026
3322,31.53554916381836,1.0,0.7253974676132202,0.8484348058700562,0.3939308822154999
3323,28.402414321899414,0.9969494342803955,0.737999439239502,0.8533527851104736,0.4076102375984192
3324,31.338485717773438,0.9992732405662537,0.7195037603378296,0.8589648008346558,0.395061731338501
3325,32.459381103515625,0.998161792755127,0.729270339012146,0.8458666801452637,0.4018978476524353
3326,30.515426635742188,0.9972826242446899,0.7321282029151917,0.850320041179657,0.40343838930130005
3327,31.012596130371094,0.9955761432647705,0.7266492247581482,0.8448899984359741,0.4279977083206177
3328,31.132862091064453,0.998641312122345,0.7322870492935181,0.8617863655090332,0.41837620735168457
3329,29.79633331298828,1.0,0.7330622673034668,0.8580649495124817,0.418253093957901
3330,30.127248764038086,0.9979458451271057,0.7256839275360107,0.8410179615020752,0.40775325894355774
3331,28.386201858520508,0.996465802192688,0.7394593954086304,0.8620032072067261,0.40273037552833557
3332,29.827547073364258,0.9987499713897705,0.7226777076721191,0.8503454923629761,0.4012010395526886
3333,30.649791717529297,0.9966734647750854,0.7217680215835571,0.8600338697433472,0.4038293957710266
3334,30.877042770385742,0.9979497194290161,0.7281529903411865,0.8528579473495483,0.40142977237701416
3335,28.374910354614258,0.9967597723007202,0.7444448471069336,0.8565638065338135,0.41511061787605286
3336,30.722335815429688,0.998641312122345,0.7338612675666809,0.8538320064544678,0.41522103548049927
3337,29.978229522705078,0.9987499713897705,0.7274488210678101,0.8538715243339539,0.39866432547569275
3338,31.723602294921875,1.0,0.7279967665672302,0.8540135622024536,0.3993288576602936
3339,29.842252731323242,0.9979817867279053,0.7296493053436279,0.8495824337005615,0.40688881278038025
3340,29.820833206176758,0.9988839626312256,0.7236781120300293,0.8551532626152039,0.40237200260162354
3341,31.28300666809082,1.0,0.7290606498718262,0.8569343090057373,0.3932648301124573
3342,30.3485050201416,0.9988425970077515,0.7287919521331787,0.8462291955947876,0.3989637494087219
3343,31.51258087158203,0.9986978769302368,0.7254947423934937,0.8445594310760498,0.4115845263004303
3344,31.69907569885254,0.995725154876709,0.7248318791389465,0.8526038527488708,0.394550085067749
3345,29.890743255615234,0.9962384700775146,0.7191225290298462,0.8508102893829346,0.39150270819664
3346,30.22698211669922,1.0,0.721126914024353,0.8500805497169495,0.41139599680900574
3347,30.566614151000977,0.9990234375,0.7418461441993713,0.858315110206604,0.41531792283058167
3348,29.35211181640625,0.9989224076271057,0.730929434299469,0.865142285823822,0.4129777252674103
3349,28.90644645690918,0.9965689182281494,0.7190020084381104,0.8406237363815308,0.388505756855011
3350,30.7618350982666,0.9969618320465088,0.7340437769889832,0.8564797043800354,0.40784645080566406
3351,31.24225425720215,1.0,0.7373892068862915,0.8577091693878174,0.3998839259147644
3352,30.97435188293457,0.9957032799720764,0.7370920181274414,0.8542355298995972,0.4062587320804596
3353,31.072269439697266,0.9989583492279053,0.7362701892852783,0.8541439771652222,0.40551841259002686
3354,30.732982635498047,0.9967734813690186,0.7247645854949951,0.8427692651748657,0.394812673330307
3355,30.85576629638672,0.998161792755127,0.7304819226264954,0.8558617830276489,0.4062679708003998
3356,31.819927215576172,0.9982625246047974,0.714640736579895,0.8365110158920288,0.39424458146095276
3357,30.874919891357422,0.9982362985610962,0.7208609580993652,0.853613555431366,0.4113554060459137
3358,32.2004508972168,0.9974479079246521,0.7355799078941345,0.8547871708869934,0.41869688034057617
3359,28.555810928344727,0.9968750476837158,0.7212110757827759,0.849672794342041,0.40535157918930054
3360,29.754676818847656,1.0,0.7150375247001648,0.8304334282875061,0.408297598361969
3361,29.981246948242188,0.9988839626312256,0.7280451059341431,0.8567908406257629,0.40424293279647827
3362,29.630718231201172,0.9956525564193726,0.7322673201560974,0.8531464338302612,0.3996710479259491
3363,32.025367736816406,0.9980878829956055,0.7140085697174072,0.847339928150177,0.3871244788169861
3364,30.096210479736328,0.9988839626312256,0.7224505543708801,0.8421447277069092,0.4011315107345581
3365,29.052051544189453,1.0,0.7192632555961609,0.8446780443191528,0.40645718574523926
3366,31.630159378051758,0.9987980723381042,0.7396748661994934,0.862943172454834,0.41277432441711426
3367,30.347640991210938,0.9989224076271057,0.7238197922706604,0.8488791584968567,0.4121432602405548
3368,29.92572593688965,1.0,0.7247931957244873,0.8570320010185242,0.3948732614517212
3369,30.517192840576172,0.9989224076271057,0.7230377197265625,0.8405510187149048,0.4034837484359741
3370,30.034231185913086,0.9976898431777954,0.7328346967697144,0.8564459681510925,0.4027858376502991
3371,30.468929290771484,0.9989919662475586,0.739558756351471,0.8557447791099548,0.40820854902267456
3372,30.798839569091797,0.998161792755127,0.7269251942634583,0.8582031726837158,0.40017014741897583
3373,28.98563003540039,1.0,0.725175142288208,0.8550981283187866,0.39625319838523865
3374,29.574026107788086,0.9973099827766418,0.7286005020141602,0.8533793091773987,0.408297598361969
3375,30.813779830932617,0.9968264698982239,0.7246467471122742,0.8473576307296753,0.40313223004341125
3376,31.54878044128418,1.0,0.7340168952941895,0.8620941638946533,0.3999452590942383
3377,29.874671936035156,1.0,0.7211517095565796,0.8508946895599365,0.40503430366516113
3378,31.32093048095703,1.0,0.7346140146255493,0.8594698905944824,0.4166666567325592
3379,30.79103660583496,0.9987980723381042,0.7239227294921875,0.856366753578186,0.400345116853714
3380,30.723804473876953,0.9973099827766418,0.7205022573471069,0.8623306751251221,0.4011315107345581
3381,31.03182029724121,0.9989919662475586,0.7183276414871216,0.8498398065567017,0.385686457157135
3382,32.149662017822266,0.9988425970077515,0.7274173498153687,0.8526298403739929,0.405809611082077
3383,30.20344352722168,0.9991554021835327,0.7404381632804871,0.8601484298706055,0.4101976454257965
3384,29.51253318786621,1.0,0.7304337024688721,0.8542519807815552,0.4126340448856354
3385,29.811885833740234,0.9977787733078003,0.720590353012085,0.8487732410430908,0.38004422187805176
3386,29.154273986816406,0.9973136186599731,0.7360242605209351,0.844459593296051,0.4119149148464203
3387,29.54990005493164,0.9962409734725952,0.7156277894973755,0.831312894821167,0.3994867205619812
3388,29.804983139038086,0.996648907661438,0.7273638844490051,0.860421895980835,0.4104327857494354
3389,30.24014663696289,1.0,0.7435927391052246,0.8645815253257751,0.401969313621521
3390,28.883092880249023,0.9947012662887573,0.7301905155181885,0.8382138609886169,0.40637776255607605
3391,29.69660186767578,0.9970914125442505,0.7258046865463257,0.8498425483703613,0.4161882698535919
3392,30.375261306762695,1.0,0.726608157157898,0.8427119255065918,0.3912300765514374
3393,30.253339767456055,0.9990808963775635,0.7396474480628967,0.8575539588928223,0.41525664925575256
3394,29.978139877319336,0.9942585825920105,0.7346014976501465,0.8535837531089783,0.41326960921287537
3395,31.74745750427246,0.9990530014038086,0.723326563835144,0.8454655408859253,0.3913043439388275
3396,30.106231689453125,1.0,0.7184000015258789,0.8455689549446106,0.40091508626937866
3397,30.784725189208984,0.9975404739379883,0.7288715839385986,0.8588982820510864,0.40871068835258484
3398,29.247575759887695,0.9966052770614624,0.7353142499923706,0.8520278930664062,0.404458612203598
3399,29.887632369995117,1.0,0.7370892763137817,0.8519129753112793,0.41419142484664917
3400,31.161113739013672,0.9978422522544861,0.7271100282669067,0.8450389504432678,0.4105563461780548
3401,27.98885726928711,0.9969422221183777,0.7138471603393555,0.8565191030502319,0.3994310200214386
3402,29.59693717956543,0.9927480816841125,0.7219149470329285,0.8524135947227478,0.40963855385780334
3403,32.17998504638672,0.9966517686843872,0.7178170680999756,0.855927050113678,0.3995491862297058
3404,29.291797637939453,1.0,0.7296199798583984,0.8455749750137329,0.4056761562824249
3405,32.307682037353516,0.9963520765304565,0.7244573831558228,0.865455150604248,0.4022459089756012
3406,28.96001625061035,0.9968693852424622,0.7229174971580505,0.8429979681968689,0.400227427482605
3407,30.35752296447754,0.9988425970077515,0.7324014902114868,0.8614821434020996,0.40143677592277527
3408,31.07471466064453,0.998161792755127,0.7241964340209961,0.8495073318481445,0.3951590061187744
3409,29.283004760742188,0.9934119582176208,0.72556471824646,0.8593176603317261,0.39756304025650024
3410,29.854814529418945,0.9976562261581421,0.7211374044418335,0.8477264046669006,0.3976278007030487
3411,31.70170021057129,0.997255802154541,0.7335047721862793,0.8483175039291382,0.4216902256011963
3412,29.884519577026367,0.9971591234207153,0.7292051315307617,0.847464919090271,0.41060563921928406
3413,30.865772247314453,0.9936221241950989,0.7286622524261475,0.8565452098846436,0.4014962315559387
3414,31.085248947143555,0.9963060617446899,0.7188452482223511,0.8515133261680603,0.39160239696502686
3415,29.832704544067383,0.9956745505332947,0.7309780120849609,0.8483672738075256,0.4166666865348816
3416,28.63663101196289,0.9953881502151489,0.7377468347549438,0.8500844240188599,0.4214142858982086
3417,30.785858154296875,0.9975818395614624,0.7263339757919312,0.8428218364715576,0.3957279324531555
3418,30.483627319335938,0.998641312122345,0.7299048900604248,0.8518772721290588,0.3999443054199219
3419,29.29065704345703,0.995811939239502,0.7156814932823181,0.8488170504570007,0.3974025845527649
3420,30.968700408935547,0.9986978769302368,0.7252050638198853,0.8537753820419312,0.38726189732551575
3421,30.754505157470703,0.9987980723381042,0.7293668389320374,0.8442149758338928,0.39844200015068054
3422,29.002574920654297,0.9958769083023071,0.7355996370315552,0.8559814691543579,0.4071069061756134
3423,29.177576065063477,0.9965992569923401,0.706450343132019,0.8491690158843994,0.3899886906147003
3424,29.335786819458008,0.9988839626312256,0.7265118360519409,0.8307408094406128,0.3999433219432831
3425,27.784595489501953,0.9976562261581421,0.730873703956604,0.8593267798423767,0.39632394909858704
3426,29.0340576171875,0.9986978769302368,0.725664496421814,0.853338360786438,0.4054524302482605
3427,31.165454864501953,0.9952987432479858,0.7317018508911133,0.855137288570404,0.3827366232872009
3428,27.625314712524414,0.9991554021835327,0.7303829789161682,0.8419625759124756,0.39020901918411255
3429,28.834915161132812,0.9978660345077515,0.7139781713485718,0.8464637994766235,0.39291784167289734
3430,30.694385528564453,0.9988839626312256,0.7364256978034973,0.8576200008392334,0.3983461558818817
3431,30.257265090942383,0.997880756855011,0.7252069115638733,0.8513511419296265,0.402542382478714
3432,31.717575073242188,1.0,0.7259132266044617,0.849584698677063,0.39938855171203613
3433,29.528217315673828,0.9975637197494507,0.7376009225845337,0.8520717620849609,0.4040345847606659
3434,28.71443748474121,0.9990234375,0.7231454849243164,0.855034351348877,0.4048227071762085
3435,30.479368209838867,0.9963527917861938,0.7253052592277527,0.8431810140609741,0.39965248107910156
3436,31.393213272094727,0.9985795617103577,0.7320049405097961,0.849474310874939,0.39124372601509094
3437,31.93731117248535,0.9979166984558105,0.7368618249893188,0.8594827651977539,0.41650182008743286
3438,33.959083557128906,1.0,0.7312980890274048,0.8546924591064453,0.39777272939682007
3439,30.149099349975586,0.9956610202789307,0.7367476224899292,0.8704326152801514,0.40360409021377563
3440,32.63383483886719,0.9975329041481018,0.7175790071487427,0.8485127687454224,0.38961413502693176
3441,28.662763595581055,0.9947192668914795,0.730397641658783,0.85157310962677,0.40011081099510193
3442,31.080657958984375,0.9975996613502502,0.7298129200935364,0.8513025045394897,0.4073651432991028
3443,30.379833221435547,0.997329592704773,0.7276962995529175,0.8551794290542603,0.4094778895378113
3444,30.011682510375977,0.9987499713897705,0.728803277015686,0.8571921586990356,0.40707966685295105
3445,29.39158821105957,0.9986978769302368,0.7251103520393372,0.8456078171730042,0.4016853868961334
3446,30.55769920349121,0.9977484345436096,0.7310113906860352,0.8522810935974121,0.39003342390060425
3447,32.72018051147461,0.9966259002685547,0.7324559688568115,0.8714388012886047,0.41151076555252075
3448,28.95781898498535,1.0,0.7340127229690552,0.8547516465187073,0.39582139253616333
3449,31.299816131591797,0.998161792755127,0.7226387858390808,0.8493410348892212,0.3968668282032013
3450,29.525373458862305,0.9960474967956543,0.7310919761657715,0.8561198711395264,0.3994421064853668
3451,31.449443817138672,0.9975252151489258,0.729152262210846,0.8456753492355347,0.4173472225666046
3452,28.951204299926758,0.9975019693374634,0.7286860942840576,0.8516715168952942,0.4182389974594116
3453,31.457847595214844,0.9950116276741028,0.7259360551834106,0.8532846570014954,0.4051032066345215
3454,32.00861358642578,0.995820939540863,0.7231833338737488,0.852789580821991,0.3972761631011963
3455,28.98020362854004,0.9989583492279053,0.7199326157569885,0.8541381359100342,0.40889009833335876
3456,30.234981536865234,0.9974393844604492,0.7290781736373901,0.8506802916526794,0.40333718061447144
3457,28.92856216430664,0.9978660345077515,0.7308714985847473,0.8461846709251404,0.3974754512310028
3458,30.13960075378418,0.9987499713897705,0.7238951325416565,0.8574281930923462,0.39884889125823975
3459,30.788291931152344,0.9975996613502502,0.728726863861084,0.8422259092330933,0.403533399105072
3460,31.542749404907227,0.996071457862854,0.7252236604690552,0.8525059223175049,0.4079977571964264
3461,33.317447662353516,1.0,0.7340854406356812,0.8651219010353088,0.4191513657569885
3462,30.403528213500977,0.9990234375,0.7293392419815063,0.8538927435874939,0.40445587038993835
3463,29.98820686340332,0.9973958730697632,0.721086323261261,0.8576467037200928,0.4035239517688751
3464,30.51917266845703,0.996385931968689,0.7194534540176392,0.8469486832618713,0.39881789684295654
3465,31.043121337890625,0.9961525797843933,0.719683051109314,0.848952054977417,0.40450072288513184
3466,33.3974494934082,0.9977083206176758,0.7429041862487793,0.8603712916374207,0.41404011845588684
3467,27.87487030029297,0.9983552694320679,0.7251560688018799,0.8425711393356323,0.40542083978652954
3468,31.752222061157227,0.9990234375,0.7229796648025513,0.8544663190841675,0.3956521451473236
3469,31.581626892089844,0.9973392486572266,0.7320843935012817,0.8646752238273621,0.40907832980155945
3470,30.376829147338867,0.9989224076271057,0.7401112914085388,0.855353832244873,0.41860467195510864
3471,31.310283660888672,0.9972801208496094,0.7325364351272583,0.8559069633483887,0.41065916419029236
3472,30.064428329467773,0.9978345632553101,0.729525625705719,0.851195752620697,0.4071408212184906
3473,31.78679656982422,0.9987980723381042,0.7390617728233337,0.8563488721847534,0.41856542229652405
3474,30.10045623779297,0.9987499713897705,0.7241069674491882,0.8481687903404236,0.3974895179271698
3475,29.772798538208008,1.0,0.7203633785247803,0.8359972834587097,0.4112069010734558
3476,30.8909969329834,1.0,0.7376809120178223,0.8651334047317505,0.4156661033630371
3477,32.730587005615234,0.9885132908821106,0.7324638366699219,0.8595587015151978,0.402079701423645
3478,28.85276985168457,0.9985795617103577,0.7272286415100098,0.8483002781867981,0.3974754512310028
3479,31.915374755859375,0.9973434209823608,0.7300139665603638,0.8557013273239136,0.40668365359306335
3480,30.043128967285156,0.9946314096450806,0.7301223278045654,0.8463790416717529,0.3915148079395294
3481,29.929935455322266,0.9989583492279053,0.7380746603012085,0.8525345325469971,0.396517276763916
3482,30.766727447509766,0.9989583492279053,0.7208499908447266,0.8461635708808899,0.4063042402267456
3483,30.637176513671875,0.998160183429718,0.7180109024047852,0.8446593284606934,0.3991735577583313
3484,30.913127899169922,1.0,0.7272256016731262,0.8560090065002441,0.40207672119140625
3485,30.531339645385742,0.9989583492279053,0.7239800095558167,0.8524419069290161,0.39569953083992004
3486,31.219764709472656,0.9978511333465576,0.7323604822158813,0.8559455871582031,0.4285300076007843
3487,30.79304313659668,0.9976332187652588,0.727940559387207,0.8418185710906982,0.40767720341682434
3488,32.429561614990234,0.9989919662475586,0.7403701543807983,0.8610348701477051,0.3993279039859772
3489,31.787696838378906,0.9987499713897705,0.7279708385467529,0.846962571144104,0.40753620862960815
3490,30.53489875793457,1.0,0.7315263748168945,0.8529384732246399,0.42003414034843445
3491,28.21470832824707,0.9989583492279053,0.7288354635238647,0.8457598686218262,0.3894009292125702
3492,30.839351654052734,0.9987499713897705,0.7294934988021851,0.8555815815925598,0.41785213351249695
3493,31.496259689331055,0.9986978769302368,0.7407467365264893,0.853835940361023,0.41417592763900757
3494,29.524763107299805,1.0,0.7173593640327454,0.8565781116485596,0.3877784311771393
3495,30.05420684814453,0.9978448152542114,0.7235335111618042,0.8397006988525391,0.3960706293582916
3496,31.83261489868164,1.0,0.7376577854156494,0.8623279333114624,0.40391817688941956
3497,30.51336097717285,0.9989583492279053,0.7365922927856445,0.8564099669456482,0.414325088262558
3498,31.194679260253906,0.9970787763595581,0.7154768705368042,0.8406575918197632,0.4090515971183777
3499,31.859949111938477,0.9967795610427856,0.7308961153030396,0.8527278900146484,0.3972950279712677
3500,27.79249382019043,0.9976406693458557,0.7190079092979431,0.8583322167396545,0.3989577293395996
3501,30.66299057006836,0.9988425970077515,0.7273221015930176,0.8512194156646729,0.4023503065109253
3502,28.617204666137695,0.9986978769302368,0.7320164442062378,0.8468365669250488,0.4126010537147522
3503,29.306766510009766,0.9987499713897705,0.7363199591636658,0.8489179015159607,0.41286784410476685
3504,29.786022186279297,0.9948281645774841,0.7351647615432739,0.8566040396690369,0.408321350812912
3505,32.689144134521484,0.9989919662475586,0.7376857995986938,0.8494150638580322,0.40534329414367676
3506,32.17856216430664,0.9989224076271057,0.7311959862709045,0.8621587753295898,0.41620269417762756
3507,28.66838836669922,0.9991554021835327,0.7241480946540833,0.8515025973320007,0.4026196002960205
3508,31.288476943969727,0.9978422522544861,0.7308780550956726,0.8523808121681213,0.40369316935539246
3509,30.443344116210938,0.9957925081253052,0.7387295961380005,0.8510291576385498,0.4084024131298065
3510,29.44002914428711,0.9975649118423462,0.7115699648857117,0.8504685759544373,0.3943784534931183
3511,31.032203674316406,0.9978422522544861,0.7225549817085266,0.8485854864120483,0.39851894974708557
3512,31.554702758789062,0.9980449676513672,0.7425379753112793,0.8607394099235535,0.41542428731918335
3513,30.17477798461914,0.9991554021835327,0.7314406633377075,0.8521424531936646,0.4112493097782135
3514,32.07277297973633,0.9976406693458557,0.7252974510192871,0.8432016372680664,0.3976389467716217
3515,29.224512100219727,0.9979817867279053,0.7303920984268188,0.852674126625061,0.40849030017852783
3516,32.49363708496094,0.9986978769302368,0.7485658526420593,0.8708423376083374,0.4162465035915375
3517,29.515409469604492,0.9980449676513672,0.7305636405944824,0.8498312830924988,0.4092351794242859
3518,31.58193588256836,1.0,0.7446596622467041,0.8644191026687622,0.40861132740974426
3519,30.142410278320312,0.998641312122345,0.7309250235557556,0.8631728887557983,0.39670616388320923
3520,30.742338180541992,0.9977650046348572,0.727350115776062,0.8579699993133545,0.39278778433799744
3521,30.410261154174805,0.996414065361023,0.7332296371459961,0.8506118655204773,0.39078497886657715
3522,30.63665008544922,0.9968449473381042,0.7300387620925903,0.8552162051200867,0.4045325815677643
3523,29.719865798950195,0.9988839626312256,0.7260134220123291,0.8660224676132202,0.40469375252723694
3524,30.99778175354004,0.9975714683532715,0.7315768003463745,0.859393835067749,0.4130246341228485
3525,31.519739151000977,0.9980392456054688,0.7345527410507202,0.857053279876709,0.41063597798347473
3526,31.335018157958984,0.9988425970077515,0.735751748085022,0.8608204126358032,0.4026941955089569
3527,29.516921997070312,0.998641312122345,0.7357968091964722,0.8635728359222412,0.4122158885002136
3528,29.29703140258789,0.9983552694320679,0.7326808571815491,0.8546839952468872,0.40648308396339417
3529,31.65382957458496,1.0,0.7208985090255737,0.8379635810852051,0.3999435007572174
3530,30.91720199584961,0.9979143142700195,0.7354005575180054,0.8564904928207397,0.405752569437027
3531,31.428564071655273,0.9970073103904724,0.7405981421470642,0.8570403456687927,0.41235920786857605
3532,31.628232955932617,0.9964765310287476,0.7348388433456421,0.8465673923492432,0.3982250392436981
3533,31.12070655822754,1.0,0.7191545367240906,0.8530606031417847,0.4055923819541931
3534,30.9378604888916,0.9975928068161011,0.7231221795082092,0.8455748558044434,0.39651358127593994
3535,29.771474838256836,0.9988425970077515,0.726736843585968,0.8570520877838135,0.3958451747894287
3536,30.25215721130371,0.9979503154754639,0.7242357730865479,0.8489673137664795,0.4024459421634674
3537,31.028322219848633,0.9942432641983032,0.7473218441009521,0.8652978539466858,0.4117140471935272
3538,29.925630569458008,0.9969696998596191,0.7432634234428406,0.8490439057350159,0.41419094800949097
3539,28.807031631469727,0.9961665868759155,0.7199039459228516,0.8415883779525757,0.40109139680862427
3540,30.671512603759766,0.9966428875923157,0.7499021291732788,0.8673859238624573,0.4234415590763092
3541,31.821834564208984,0.997710645198822,0.7254066467285156,0.8457693457603455,0.399829238653183
3542,32.303489685058594,0.9987980723381042,0.7284119129180908,0.8615065813064575,0.4021209478378296
3543,29.752384185791016,0.998641312122345,0.7263090014457703,0.8514154553413391,0.4157303273677826
3544,30.58889389038086,0.9961971044540405,0.7306793928146362,0.8533874750137329,0.4109550714492798
3545,31.308364868164062,0.9989583492279053,0.727188229560852,0.8624374866485596,0.4148508906364441
3546,30.176441192626953,0.9985119104385376,0.7375681400299072,0.8666172027587891,0.4219919443130493
3547,29.62628173828125,0.9985119104385376,0.7315889596939087,0.8472306728363037,0.41247832775115967
3548,30.47861671447754,0.997129499912262,0.7367038726806641,0.8468849658966064,0.4104539453983307
3549,30.712533950805664,0.9946995973587036,0.7210423350334167,0.8493852615356445,0.4240777790546417
3550,27.98369789123535,0.9974839091300964,0.7333618402481079,0.8495454788208008,0.4109277129173279
3551,31.919078826904297,0.9976029992103577,0.738316535949707,0.8546488881111145,0.415901243686676
3552,30.940576553344727,0.9957767128944397,0.7402957677841187,0.8645685911178589,0.41570502519607544
3553,31.10269546508789,0.9989919662475586,0.7449170351028442,0.8578454256057739,0.4019525647163391
3554,33.125633239746094,0.9989583492279053,0.7407692670822144,0.856380820274353,0.40299367904663086
3555,31.090473175048828,1.0,0.7175797820091248,0.8408753871917725,0.40284496545791626
3556,30.592357635498047,1.0,0.7289960384368896,0.8496383428573608,0.4043041467666626
3557,28.1004695892334,0.9964861273765564,0.7282171249389648,0.8475022315979004,0.3979763686656952
3558,31.118206024169922,0.9965691566467285,0.7377604246139526,0.8568174839019775,0.4117480218410492
3559,31.58736801147461,1.0,0.7315455079078674,0.8418450951576233,0.4096691906452179
3560,31.744848251342773,0.998106062412262,0.7258619070053101,0.847495973110199,0.3921455144882202
3561,29.266427993774414,0.9978063106536865,0.7223602533340454,0.8505862951278687,0.4020172953605652
3562,30.718481063842773,0.9973472356796265,0.7359541654586792,0.8502432107925415,0.4118136465549469
3563,30.766565322875977,0.9982221722602844,0.7368320226669312,0.8518694639205933,0.4030363857746124
3564,29.494159698486328,0.9973295331001282,0.7341455817222595,0.8621785044670105,0.4099801480770111
3565,31.201343536376953,0.998641312122345,0.7309516668319702,0.8497605323791504,0.3981083333492279
3566,29.53168296813965,1.0,0.7335249185562134,0.8435211777687073,0.41174817085266113
3567,30.469541549682617,0.9979502558708191,0.7295577526092529,0.8490768074989319,0.3967103362083435
3568,29.818376541137695,1.0,0.7314826250076294,0.8574085235595703,0.3941227197647095
3569,30.957841873168945,0.9954554438591003,0.7395464181900024,0.8571672439575195,0.41225069761276245
3570,30.072277069091797,0.9985795617103577,0.7292774319648743,0.8601242899894714,0.40968018770217896
3571,28.683311462402344,1.0,0.7285001277923584,0.8454357385635376,0.4140537679195404
3572,31.40383529663086,0.9990234375,0.7374379634857178,0.8536309003829956,0.4071873426437378
3573,30.53972053527832,0.9989583492279053,0.7303714156150818,0.8512500524520874,0.39104562997817993
3574,32.210784912109375,0.9989583492279053,0.7257544994354248,0.8507364392280579,0.39700374007225037
3575,29.269731521606445,0.9986978769302368,0.7436639070510864,0.8586254715919495,0.41921520233154297
3576,32.12348175048828,0.9979817867279053,0.7421454787254333,0.8591611385345459,0.41877254843711853
3577,31.76240348815918,1.0,0.7270511984825134,0.8561289310455322,0.40360409021377563
3578,31.402711868286133,0.9959523677825928,0.7294899821281433,0.8561563491821289,0.4054436981678009
3579,29.30843162536621,0.9989919662475586,0.7310539484024048,0.8568541407585144,0.3934379518032074
3580,29.537609100341797,1.0,0.7320462465286255,0.8602079153060913,0.4087570607662201
3581,29.646102905273438,1.0,0.725116491317749,0.8519579172134399,0.4035624563694
3582,29.157711029052734,1.0,0.7225160598754883,0.8466391563415527,0.3963186740875244
3583,31.88284683227539,0.9967968463897705,0.7384544610977173,0.8598945140838623,0.4070494771003723
3584,29.489212036132812,0.9968726634979248,0.7327225208282471,0.8537225723266602,0.405264675617218
3585,29.33528709411621,0.9991776347160339,0.729110062122345,0.8523677587509155,0.4117318391799927
3586,31.58562469482422,0.9953939914703369,0.7286883592605591,0.8548890352249146,0.40441179275512695
3587,27.83784294128418,1.0,0.7240151166915894,0.8612916469573975,0.41273921728134155
3588,29.694034576416016,1.0,0.7289513349533081,0.8496219515800476,0.41016072034835815
3589,31.184650421142578,0.9989919662475586,0.7422596216201782,0.8559983968734741,0.4090646505355835
3590,31.538354873657227,0.9974343180656433,0.7312102317810059,0.8523846864700317,0.39344263076782227
3591,31.343223571777344,0.9976029992103577,0.7312219142913818,0.8566535711288452,0.4014827311038971
3592,33.264530181884766,0.9991319179534912,0.729400634765625,0.8527356386184692,0.4004550576210022
3593,28.94269371032715,0.998641312122345,0.725408136844635,0.8442199230194092,0.4027976095676422
3594,27.33762550354004,0.9972147941589355,0.7460595965385437,0.8715130090713501,0.4146547019481659
3595,31.87830924987793,0.9985795617103577,0.7421112060546875,0.8425691723823547,0.401059091091156
3596,30.180606842041016,0.9989583492279053,0.7402145862579346,0.8642995357513428,0.41426926851272583
3597,31.340566635131836,0.9955732822418213,0.7288838624954224,0.8576591610908508,0.4083094596862793
3598,31.04819107055664,0.9961640238761902,0.727935254573822,0.8453773260116577,0.3976845443248749
3599,29.98772621154785,0.9987499713897705,0.7275974750518799,0.8444709777832031,0.40139663219451904
3600,30.118789672851562,0.9974479079246521,0.727039098739624,0.8512954711914062,0.40248024463653564
3601,29.9655704498291,0.9987499713897705,0.7122800350189209,0.8466991782188416,0.4061160385608673
3602,30.56078338623047,0.9974479079246521,0.7316438555717468,0.8462907075881958,0.3959827721118927
3603,30.805273056030273,0.9990234375,0.7293052077293396,0.8550146818161011,0.4025448262691498
3604,29.372093200683594,0.9973295331001282,0.723950982093811,0.8499195575714111,0.4051962196826935
3605,29.724390029907227,0.9977564215660095,0.7316949367523193,0.8567575812339783,0.4000000059604645
3606,29.958372116088867,0.99772047996521,0.7229700088500977,0.853562593460083,0.41315343976020813
3607,29.22747230529785,0.9978063106536865,0.7303205132484436,0.850165605545044,0.40672606229782104
3608,29.165950775146484,0.9993489980697632,0.7259715795516968,0.8536700010299683,0.39859744906425476
3609,32.260704040527344,0.9991071224212646,0.7357051968574524,0.865654706954956,0.4143337309360504
3610,32.13473129272461,0.9960017204284668,0.742963433265686,0.8517016768455505,0.4147109091281891
3611,29.924503326416016,0.9969308376312256,0.7312414646148682,0.852949321269989,0.3872815668582916
3612,29.67326545715332,1.0,0.7234575748443604,0.858250617980957,0.395100861787796
3613,30.45210075378418,0.9974960088729858,0.7332504987716675,0.8551978468894958,0.40242186188697815
3614,29.215938568115234,0.9952021837234497,0.7430238723754883,0.864976167678833,0.41239437460899353
3615,28.514503479003906,0.9972826242446899,0.7280392050743103,0.8525529503822327,0.4181194603443146
3616,31.88884925842285,1.0,0.7290282249450684,0.8536105155944824,0.4031428396701813
3617,32.77669143676758,1.0,0.7265739440917969,0.8455212116241455,0.39548349380493164
3618,31.00336456298828,0.9990808963775635,0.7272239923477173,0.8482487201690674,0.4042140245437622
3619,30.546756744384766,0.9910261631011963,0.728467583656311,0.8610406517982483,0.40320736169815063
3620,29.585472106933594,1.0,0.7273058891296387,0.8527650833129883,0.41290321946144104
3621,32.473628997802734,0.9935543537139893,0.730372428894043,0.8482640981674194,0.4195220470428467
3622,30.094324111938477,0.9985795617103577,0.7291179895401001,0.8502215147018433,0.40444692969322205
3623,29.361927032470703,0.9988839626312256,0.7169005274772644,0.860206127166748,0.4082658290863037
3624,29.005197525024414,1.0,0.7250076532363892,0.8434070348739624,0.3874390423297882
3625,29.74726676940918,0.9975019693374634,0.7322841882705688,0.8614342212677002,0.4060710370540619
3626,31.965087890625,0.9979234933853149,0.7360063195228577,0.8569338321685791,0.394987016916275
3627,32.56584167480469,0.9967381954193115,0.7262489199638367,0.8533662557601929,0.40224719047546387
3628,29.754079818725586,0.9958391785621643,0.7320316433906555,0.8573689460754395,0.4123974144458771
3629,30.18766212463379,0.9990808963775635,0.7304126024246216,0.858642578125,0.40438246726989746
3630,31.18770980834961,0.9979143142700195,0.7199295163154602,0.851300835609436,0.4041702449321747
3631,30.261037826538086,0.9962720274925232,0.7381510734558105,0.8496439456939697,0.4085524380207062
3632,29.196332931518555,0.996913492679596,0.7366101741790771,0.8592108488082886,0.4038620889186859
3633,27.878253936767578,0.9975038766860962,0.7146986722946167,0.8468159437179565,0.39723262190818787
3634,30.46763038635254,0.9990530014038086,0.7239916324615479,0.8496636152267456,0.40351855754852295
3635,30.10059928894043,0.9972774982452393,0.7284669280052185,0.8556069135665894,0.4118668735027313
3636,31.37880516052246,0.9974343180656433,0.7228288650512695,0.8418138027191162,0.40067341923713684
3637,29.25136947631836,0.9963542222976685,0.7358790636062622,0.8502238988876343,0.41809016466140747
3638,29.691030502319336,0.9976819753646851,0.7335576415061951,0.8511292934417725,0.4021990895271301
3639,30.508039474487305,0.9985119104385376,0.7255815267562866,0.8591910600662231,0.4152180254459381
3640,30.391881942749023,0.9978423118591309,0.7320728898048401,0.8548752069473267,0.40247055888175964
3641,29.07679557800293,1.0,0.729059100151062,0.8482542037963867,0.4091671407222748
3642,31.152612686157227,0.9989583492279053,0.7153223752975464,0.8453752994537354,0.3997159004211426
3643,29.53293800354004,0.9958125948905945,0.7148041725158691,0.8562612533569336,0.4019412100315094
3644,29.178674697875977,0.9977213144302368,0.7213517427444458,0.8483556509017944,0.3966401219367981
3645,29.90311050415039,0.995290219783783,0.720104992389679,0.8534286618232727,0.387579083442688
3646,30.36726951599121,1.0,0.7339426279067993,0.8506267070770264,0.3959195017814636
3647,29.851219177246094,0.9960117340087891,0.7330405116081238,0.8563793897628784,0.4029979705810547
3648,30.10145378112793,0.9977083206176758,0.7312139272689819,0.8605043888092041,0.42028170824050903
3649,32.29075241088867,1.0,0.7349032163619995,0.8517963886260986,0.40614137053489685
3650,30.04875946044922,0.998028576374054,0.7258742451667786,0.8558728098869324,0.3945673406124115
3651,30.222536087036133,1.0,0.7142983675003052,0.850579023361206,0.4034646451473236
3652,30.38300132751465,0.9979458451271057,0.7225348353385925,0.8570236563682556,0.3988472521305084
3653,32.804290771484375,0.9979143142700195,0.7256218194961548,0.8493126630783081,0.40223947167396545
3654,30.353240966796875,0.9987980723381042,0.7167814373970032,0.8483690619468689,0.39782172441482544
3655,30.191814422607422,0.9943011999130249,0.7189891338348389,0.8459162712097168,0.3851955235004425
3656,29.097545623779297,0.9972392320632935,0.7276277542114258,0.8562486171722412,0.4039716422557831
3657,30.456985473632812,1.0,0.7257054448127747,0.8415830135345459,0.4051748812198639
3658,29.589115142822266,0.995393693447113,0.7178481817245483,0.850301206111908,0.3963938057422638
3659,29.8753719329834,0.9941513538360596,0.7310934066772461,0.8481696844100952,0.4098929762840271
3660,33.823326110839844,0.9960532784461975,0.7204538583755493,0.8575772643089294,0.39807695150375366
3661,29.030132293701172,0.9989583492279053,0.7264695167541504,0.8581664562225342,0.4066437780857086
3662,31.554275512695312,0.9987499713897705,0.7157602906227112,0.849879264831543,0.4084228575229645
3663,32.76225280761719,0.9983552694320679,0.7444074153900146,0.8594363927841187,0.41381293535232544
3664,29.85186767578125,0.9983643889427185,0.7181419730186462,0.8525488376617432,0.39032623171806335
3665,30.09722328186035,0.9977734088897705,0.7264745831489563,0.8519298434257507,0.40925663709640503
3666,29.082130432128906,1.0,0.7208635807037354,0.8539502024650574,0.4031141698360443
3667,28.845993041992188,0.9985119104385376,0.711557149887085,0.8483886122703552,0.38880959153175354
3668,31.559749603271484,0.9988425970077515,0.7236034870147705,0.8557417392730713,0.4093398451805115
3669,30.932575225830078,0.9979838728904724,0.7255697250366211,0.8475042581558228,0.4010561406612396
3670,31.149194717407227,1.0,0.7327306866645813,0.8506650924682617,0.39704209566116333
3671,28.688344955444336,1.0,0.7352257966995239,0.8596447706222534,0.40016970038414
3672,32.371158599853516,0.9988425970077515,0.7177456021308899,0.8496373891830444,0.4038957357406616
3673,30.400081634521484,1.0,0.7299690842628479,0.8536224365234375,0.4147891402244568
3674,29.934904098510742,0.9976203441619873,0.7282959222793579,0.8456114530563354,0.39408057928085327
3675,29.570816040039062,1.0,0.7240203619003296,0.8483797311782837,0.3972485065460205
3676,29.564876556396484,0.9988425970077515,0.7376132011413574,0.856536865234375,0.419556587934494
3677,30.475738525390625,0.9978030323982239,0.7201886773109436,0.8322712182998657,0.3958154320716858
3678,30.094663619995117,0.9941394925117493,0.7260975241661072,0.8513091802597046,0.4015814960002899
3679,29.851348876953125,0.9959715604782104,0.7293211817741394,0.8515676259994507,0.40027931332588196
3680,30.552146911621094,0.9987980723381042,0.7269019484519958,0.8470331430435181,0.40965595841407776
3681,30.11932373046875,0.9961490035057068,0.723122239112854,0.8364140391349792,0.39662086963653564
3682,30.44138526916504,0.9974960088729858,0.7189910411834717,0.8485682010650635,0.385632187128067
3683,31.25258445739746,0.9967783093452454,0.7425017952919006,0.8597109317779541,0.4118136465549469
3684,30.17262077331543,0.9950818419456482,0.7230018377304077,0.8565472364425659,0.4116140305995941
3685,28.624446868896484,0.9988425970077515,0.7172191143035889,0.8480145931243896,0.3996018171310425
3686,30.431447982788086,0.9978050589561462,0.732350766658783,0.8605374097824097,0.4026980400085449
3687,30.875194549560547,0.9967086315155029,0.7358943819999695,0.8572349548339844,0.4121212065219879
3688,30.758596420288086,0.998670220375061,0.7356493473052979,0.8666591644287109,0.4192580580711365
3689,32.5813102722168,0.9976943731307983,0.7276047468185425,0.8634554147720337,0.41721662878990173
3690,30.782833099365234,0.9956498146057129,0.7366185784339905,0.853966474533081,0.4094533324241638
3691,31.622465133666992,0.9975000023841858,0.7298755645751953,0.8584420084953308,0.40876540541648865
3692,30.025131225585938,0.9988425970077515,0.7329406142234802,0.8490700721740723,0.401798278093338
3693,31.99761962890625,0.9978448152542114,0.7305121421813965,0.85491544008255,0.4070323705673218
3694,32.97224426269531,0.9986978769302368,0.7361159920692444,0.8347747921943665,0.40257880091667175
3695,30.869035720825195,1.0,0.735136866569519,0.8551415801048279,0.40218642354011536
3696,30.615617752075195,0.9988425970077515,0.7322777509689331,0.85467529296875,0.4116460084915161
3697,29.249832153320312,0.9969457387924194,0.7391131520271301,0.8519446849822998,0.4076116681098938
3698,31.548269271850586,0.9934896230697632,0.7434535026550293,0.8582203388214111,0.41528332233428955
3699,29.45391845703125,1.0,0.7354280948638916,0.8596689701080322,0.41771072149276733
3700,30.10773277282715,0.9987499713897705,0.7271140813827515,0.8569948673248291,0.4149210751056671
3701,30.85575294494629,0.9984375238418579,0.7323503494262695,0.8448781967163086,0.3921237885951996
3702,31.519329071044922,0.9981398582458496,0.7356834411621094,0.8457763195037842,0.4063023030757904
3703,30.84154510498047,0.9976203441619873,0.7227450609207153,0.8570622205734253,0.42023569345474243
3704,29.311132431030273,0.996346116065979,0.7256078124046326,0.854162335395813,0.4145786166191101
3705,31.23695182800293,0.9987499713897705,0.7190996408462524,0.854735255241394,0.3985070586204529
3706,30.714317321777344,0.9947429895401001,0.7289791107177734,0.8505070209503174,0.40404608845710754
3707,31.010080337524414,0.9985795617103577,0.7213801741600037,0.8496217727661133,0.3976109027862549
3708,31.470460891723633,0.9969348311424255,0.7335628271102905,0.8568724393844604,0.4075014293193817
3709,29.313095092773438,0.9988839626312256,0.7277951240539551,0.8514954447746277,0.4143311083316803
3710,31.427907943725586,0.9975404739379883,0.7408568859100342,0.857843816280365,0.4038516879081726
3711,30.527517318725586,0.9979166984558105,0.7308464050292969,0.843147873878479,0.40699610114097595
3712,31.053525924682617,1.0,0.7356662750244141,0.8590642213821411,0.41168051958084106
3713,30.3936710357666,1.0,0.7308679223060608,0.8620128631591797,0.4089619815349579
3714,28.36920738220215,0.9967339038848877,0.7381283044815063,0.8596653938293457,0.40005728602409363
3715,29.32811164855957,0.9974960088729858,0.7295768857002258,0.8446804285049438,0.39842653274536133
3716,28.667194366455078,0.9977899789810181,0.7318065166473389,0.8519167900085449,0.4086471199989319
3717,31.5833683013916,0.9975481033325195,0.726879894733429,0.848002552986145,0.40298935770988464
3718,30.906484603881836,0.9981238842010498,0.7316627502441406,0.8465334177017212,0.4051281809806824
3719,30.40060043334961,0.997147798538208,0.7275566458702087,0.8576565980911255,0.3993656039237976
3720,28.55301284790039,1.0,0.7194778919219971,0.8451133370399475,0.394906222820282
3721,28.93319320678711,0.9974702596664429,0.73061203956604,0.8504393100738525,0.39960238337516785
3722,27.276954650878906,0.9963406324386597,0.7256176471710205,0.8414684534072876,0.3998304307460785
3723,30.9569034576416,0.9978063106536865,0.7246005535125732,0.8522305488586426,0.3926927447319031
3724,30.747392654418945,0.9965568780899048,0.7284128665924072,0.8518018126487732,0.41268011927604675
3725,30.289749145507812,0.9979817867279053,0.720782458782196,0.8509938716888428,0.3982177972793579
3726,29.150733947753906,0.9910454750061035,0.7250243425369263,0.8471997976303101,0.4014306366443634
3727,30.255769729614258,0.9973958730697632,0.7316693067550659,0.8433679342269897,0.40464720129966736
3728,30.81938934326172,0.9989583492279053,0.7145872116088867,0.8395472764968872,0.395435094833374
3729,28.568872451782227,0.9989583492279053,0.725439190864563,0.8527771234512329,0.4020299017429352
3730,27.703758239746094,0.9975714683532715,0.7339471578598022,0.8588556051254272,0.3994421064853668
3731,31.834867477416992,0.9967067837715149,0.7304769158363342,0.8672868013381958,0.4011477530002594
3732,31.762420654296875,0.9988839626312256,0.7179285287857056,0.8461740016937256,0.38328123092651367
3733,31.167139053344727,0.9957288503646851,0.7322704792022705,0.85271155834198,0.41295546293258667
3734,31.95223617553711,0.995933473110199,0.7325001955032349,0.8584811687469482,0.4156206250190735
3735,31.57956314086914,0.9989919662475586,0.744331955909729,0.8573499321937561,0.4121813178062439
3736,31.51612091064453,0.998641312122345,0.7345160245895386,0.8557672500610352,0.4019942879676819
3737,28.81892967224121,0.9987499713897705,0.7420542240142822,0.8651483654975891,0.40074583888053894
3738,29.21379852294922,1.0,0.7231467962265015,0.8422362804412842,0.40722543001174927
3739,30.13840103149414,0.9973958730697632,0.7330706119537354,0.8511440753936768,0.41615766286849976
3740,32.65834426879883,0.9990234375,0.7308247089385986,0.848594069480896,0.4066876471042633
3741,29.94442367553711,0.9963799118995667,0.7368110418319702,0.8499953150749207,0.40539008378982544
3742,31.14759635925293,1.0,0.7248092889785767,0.845289409160614,0.40559840202331543
3743,29.97264289855957,0.9986978769302368,0.7284491062164307,0.8497654795646667,0.40061676502227783
3744,30.89774513244629,1.0,0.7279071807861328,0.8592612743377686,0.4121924042701721
3745,31.54511833190918,0.9945787191390991,0.7267385721206665,0.855669379234314,0.4061873257160187
3746,29.014324188232422,0.9966076016426086,0.721680760383606,0.8415464162826538,0.3924376964569092
3747,30.498666763305664,0.9962615966796875,0.7341886758804321,0.8601472973823547,0.4128546714782715
3748,30.60150909423828,0.9980778098106384,0.7246301770210266,0.8539984226226807,0.41105836629867554
3749,30.195781707763672,1.0,0.7247756719589233,0.8542503118515015,0.39412760734558105
3750,29.3858642578125,0.9977899789810181,0.7277456521987915,0.8543510437011719,0.39943018555641174
3751,30.378633499145508,0.9989224076271057,0.7387299537658691,0.8520123958587646,0.4083094596862793
3752,28.6015682220459,0.9946511387825012,0.7187273502349854,0.8369029760360718,0.4060869514942169
3753,31.00382423400879,0.9955300092697144,0.7279951572418213,0.8536516427993774,0.414640873670578
3754,33.6952018737793,0.9984375238418579,0.7352036833763123,0.8584181666374207,0.4040287435054779
3755,31.217252731323242,0.995475709438324,0.7311846017837524,0.8540738821029663,0.40061676502227783
3756,29.3835506439209,0.9981000423431396,0.7332296371459961,0.8555402755737305,0.39879241585731506
3757,29.71553611755371,1.0,0.721576452255249,0.8495056629180908,0.4069506824016571
3758,32.740230560302734,0.9963678121566772,0.7402459383010864,0.8588979840278625,0.4052232801914215
3759,29.171762466430664,1.0,0.7469809055328369,0.862215518951416,0.4167856276035309
3760,29.753910064697266,0.9983552694320679,0.7266924977302551,0.8545435070991516,0.40555235743522644
3761,27.128934860229492,0.9975404739379883,0.7215666174888611,0.8443338871002197,0.39953944087028503
3762,30.911306381225586,0.9988425970077515,0.7266043424606323,0.8557116985321045,0.40631166100502014
3763,28.313594818115234,0.9980764389038086,0.713237464427948,0.8399015069007874,0.3961625397205353
3764,30.91390609741211,0.996295690536499,0.740947961807251,0.8589866161346436,0.4143346846103668
3765,29.804731369018555,0.9983552694320679,0.7341469526290894,0.8578789234161377,0.4167856276035309
3766,31.555450439453125,0.9989919662475586,0.7353490591049194,0.8567854762077332,0.42347824573516846
3767,28.345335006713867,0.9951785802841187,0.7234060764312744,0.8475570678710938,0.40138503909111023
3768,31.997730255126953,0.9989224076271057,0.7479566931724548,0.8569467663764954,0.41130882501602173
3769,30.903095245361328,0.9989224076271057,0.7275267839431763,0.8575931787490845,0.3904148042201996
3770,29.168062210083008,0.9978423118591309,0.7272224426269531,0.8368929624557495,0.3987906873226166
3771,29.915306091308594,0.9989224076271057,0.7266907691955566,0.8433243036270142,0.400336891412735
3772,30.252233505249023,0.9972426295280457,0.7340618371963501,0.8571838140487671,0.40784314274787903
3773,31.23080825805664,0.9968101978302002,0.7401492595672607,0.8613694906234741,0.41390159726142883
3774,30.608081817626953,0.9987499713897705,0.7294594049453735,0.8546576499938965,0.40760868787765503
3775,30.475873947143555,0.9989919662475586,0.7427615523338318,0.8535516262054443,0.4149855971336365
3776,31.558870315551758,0.9967726469039917,0.7219435572624207,0.8503817319869995,0.4005051851272583
3777,31.77665138244629,0.9987499713897705,0.7357754707336426,0.849128246307373,0.40493759512901306
3778,29.794363021850586,0.9967968463897705,0.7113161087036133,0.857365608215332,0.3891415596008301
3779,30.820955276489258,0.9990234375,0.7110105752944946,0.84498530626297,0.3877142667770386
3780,30.125152587890625,0.9986978769302368,0.7344809770584106,0.8547087907791138,0.4031791687011719
3781,31.877779006958008,0.9970369338989258,0.7261254787445068,0.8467481136322021,0.4102069139480591
3782,29.659502029418945,0.9941421747207642,0.726063072681427,0.8590512275695801,0.3980414867401123
3783,31.75159454345703,0.9989919662475586,0.7226659059524536,0.8554086685180664,0.4049748480319977
3784,30.206235885620117,0.9947943687438965,0.7280892133712769,0.849778413772583,0.4072895646095276
3785,30.631011962890625,1.0,0.7378278970718384,0.8645519018173218,0.4029139578342438
3786,28.88651466369629,0.9984375238418579,0.7206922769546509,0.85309898853302,0.3993825316429138
3787,29.027345657348633,0.9977678656578064,0.7263021469116211,0.8500804901123047,0.40185025334358215
3788,30.539079666137695,0.9986978769302368,0.7324934601783752,0.8554724454879761,0.4011380076408386
3789,30.644804000854492,0.9940211772918701,0.7312600612640381,0.8496805429458618,0.40286943316459656
3790,31.571346282958984,1.0,0.7321703433990479,0.8525570631027222,0.40827739238739014
3791,29.3176326751709,0.9977678656578064,0.7124872803688049,0.8514528274536133,0.3993173837661743
3792,29.659082412719727,0.9973958730697632,0.7363440990447998,0.8550096750259399,0.4085191488265991
3793,28.920026779174805,0.9969379901885986,0.7340676784515381,0.8460567593574524,0.3937927186489105
3794,31.378849029541016,0.9987980723381042,0.7525930404663086,0.8636891841888428,0.4199942648410797
3795,30.696189880371094,1.0,0.7271590828895569,0.8555285930633545,0.4154016077518463
3796,30.004520416259766,0.9979166984558105,0.7276830673217773,0.8510057926177979,0.40956220030784607
3797,30.235746383666992,0.9985795617103577,0.746444821357727,0.8570556640625,0.4185456335544586
3798,30.879148483276367,0.9985119104385376,0.7271575927734375,0.8396333456039429,0.3993628919124603
3799,30.92656898498535,0.9982638955116272,0.733446478843689,0.8533973693847656,0.40794628858566284
3800,31.585317611694336,0.9972355365753174,0.7245886325836182,0.8500180244445801,0.3927272856235504
3801,31.061208724975586,0.9990234375,0.7229276895523071,0.8494696617126465,0.40501585602760315
3802,30.446748733520508,0.9988425970077515,0.7314858436584473,0.8451110124588013,0.40373027324676514
3803,29.90825653076172,0.997592568397522,0.7252903580665588,0.8571984767913818,0.4140893816947937
3804,28.884502410888672,0.9961681365966797,0.7304280400276184,0.8565869331359863,0.40664246678352356
3805,29.244619369506836,0.9990808963775635,0.735639750957489,0.8624778389930725,0.4077228605747223
3806,29.055252075195312,0.998641312122345,0.7265647053718567,0.8457844257354736,0.3957858979701996
3807,29.836334228515625,1.0,0.7293581962585449,0.8531649112701416,0.4105202853679657
3808,30.158676147460938,0.9978009462356567,0.7354202270507812,0.8568297624588013,0.4060693681240082
3809,29.893814086914062,0.9987980723381042,0.7161601781845093,0.8460522890090942,0.3963146209716797
3810,29.552719116210938,0.9965202808380127,0.7137504816055298,0.8501004576683044,0.39369627833366394
3811,29.79053497314453,0.9966517686843872,0.7317981719970703,0.8565319776535034,0.3993212878704071
3812,30.818275451660156,0.9962339401245117,0.7256283760070801,0.8585504293441772,0.41333717107772827
3813,30.093482971191406,0.9927164316177368,0.7269386053085327,0.8430171608924866,0.3996068835258484
3814,30.43438148498535,0.997896671295166,0.7457345128059387,0.8559531569480896,0.4093337059020996
3815,30.304004669189453,0.9978789687156677,0.7257474064826965,0.8426576852798462,0.39752089977264404
3816,31.265295028686523,0.9982128143310547,0.736958384513855,0.8529248833656311,0.4093116223812103
3817,29.950407028198242,1.0,0.7239915132522583,0.8472225666046143,0.39919471740722656
3818,30.549427032470703,0.9990234375,0.7301425933837891,0.8604636192321777,0.3984983265399933
3819,31.755817413330078,0.9957206845283508,0.7290616035461426,0.8556575775146484,0.40888383984565735
3820,30.68389129638672,0.9951245784759521,0.7403453588485718,0.8484880924224854,0.4158640205860138
3821,28.231178283691406,0.9976895451545715,0.740941047668457,0.8478711843490601,0.40389013290405273
3822,30.961503982543945,0.991604208946228,0.718461811542511,0.8636797666549683,0.4094715416431427
3823,29.9519100189209,0.9978030323982239,0.7395176291465759,0.8585572838783264,0.4113611578941345
3824,29.513591766357422,0.9945654273033142,0.7277528047561646,0.8419926166534424,0.4001144766807556
3825,31.186832427978516,0.9973099827766418,0.7342544794082642,0.8503788709640503,0.4067748486995697
3826,28.81254768371582,0.9989583492279053,0.73076331615448,0.8547739386558533,0.39994263648986816
3827,29.244672775268555,0.9961893558502197,0.734336256980896,0.8470635414123535,0.39763113856315613
3828,32.326026916503906,0.9953552484512329,0.719744086265564,0.8518480062484741,0.40947312116622925
3829,30.182668685913086,0.9990234375,0.7387897968292236,0.8543232083320618,0.4155132472515106
3830,30.750566482543945,0.9954785108566284,0.7253986597061157,0.8570719957351685,0.41134345531463623
3831,29.01374053955078,1.0,0.7279249429702759,0.8538476228713989,0.39454805850982666
3832,31.333459854125977,0.9985795617103577,0.7222325801849365,0.8491748571395874,0.4101638197898865
3833,28.937786102294922,1.0,0.7401353120803833,0.8468019962310791,0.41446059942245483
3834,31.771595001220703,0.998251736164093,0.7559821605682373,0.8605620861053467,0.422507107257843
3835,30.541717529296875,0.9987499713897705,0.7303270101547241,0.8534427881240845,0.40573063492774963
3836,29.731830596923828,1.0,0.7366386651992798,0.8500110507011414,0.4014976918697357
3837,26.88932991027832,0.9978215098381042,0.7346348166465759,0.8540400266647339,0.4080962836742401
3838,30.04214096069336,0.9977349638938904,0.7277610301971436,0.8398321866989136,0.3994837701320648
3839,28.688438415527344,1.0,0.7465857267379761,0.8619874119758606,0.4155251085758209
3840,31.756311416625977,1.0,0.7346508502960205,0.8590990304946899,0.4057846665382385
3841,30.752052307128906,0.9944545030593872,0.7125721573829651,0.8622635006904602,0.3851332366466522
3842,29.706180572509766,0.995144248008728,0.7289735078811646,0.8452417850494385,0.3971291780471802
3843,32.866424560546875,1.0,0.7353065013885498,0.8571031093597412,0.4075028896331787
3844,32.79990768432617,0.9985119104385376,0.7315045595169067,0.8550540208816528,0.41271209716796875
3845,29.747880935668945,0.9979503154754639,0.7342075109481812,0.8531227111816406,0.4180092215538025
3846,31.38165855407715,0.9974960088729858,0.746180534362793,0.8688091039657593,0.4206896722316742
3847,29.998075485229492,0.9978758692741394,0.7327567338943481,0.854841411113739,0.4060623347759247
3848,32.171504974365234,1.0,0.746399998664856,0.856998860836029,0.41215062141418457
3849,32.28342056274414,0.9941624999046326,0.7182151079177856,0.8590580224990845,0.403443306684494
3850,29.68006134033203,0.9977650046348572,0.7358016967773438,0.8529694676399231,0.4163391590118408
3851,32.342796325683594,0.9965178966522217,0.7404730319976807,0.8509132266044617,0.4133109748363495
3852,32.60631561279297,0.9986978769302368,0.724963903427124,0.8574161529541016,0.4112069010734558
3853,28.625301361083984,0.9964577555656433,0.7206932902336121,0.8498561382293701,0.3982326090335846
3854,28.868324279785156,0.9988839626312256,0.7340294122695923,0.8626084327697754,0.4268921911716461
3855,29.21027183532715,1.0,0.7189873456954956,0.8480337262153625,0.39353933930397034
3856,28.151958465576172,1.0,0.7300053834915161,0.8526076078414917,0.3984619677066803
3857,31.64008140563965,0.9979458451271057,0.7436522841453552,0.8488414287567139,0.40733426809310913
3858,28.511987686157227,0.9950519800186157,0.7325106263160706,0.8563703298568726,0.39393937587738037
3859,30.05620765686035,1.0,0.7260911464691162,0.8517774343490601,0.40741807222366333
3860,29.900251388549805,0.9981788396835327,0.7229922413825989,0.861976146697998,0.4126146137714386
3861,31.853057861328125,1.0,0.7354558706283569,0.861128568649292,0.4115626811981201
3862,32.33728790283203,0.9976851940155029,0.7226696610450745,0.8549533486366272,0.39829790592193604
3863,31.771263122558594,0.992742657661438,0.7437706589698792,0.8590108156204224,0.4217005670070648
3864,29.897964477539062,0.998161792755127,0.7321919202804565,0.8593932390213013,0.41486674547195435
3865,29.372509002685547,0.996666669845581,0.7394258379936218,0.8622578382492065,0.4232272207736969
3866,30.15877914428711,1.0,0.7364100217819214,0.8549402356147766,0.3991958796977997
3867,29.27352523803711,0.9971532225608826,0.731163740158081,0.8617473840713501,0.40988290309906006
3868,31.623493194580078,0.9978298544883728,0.7372844815254211,0.8659192323684692,0.41083261370658875
3869,33.57573318481445,0.9962940216064453,0.7394965291023254,0.8477505445480347,0.4062587320804596
3870,29.4843807220459,0.9988839626312256,0.7241106033325195,0.8560382723808289,0.4015904664993286
3871,31.17423439025879,0.9986978769302368,0.7328534126281738,0.8548977375030518,0.4178217649459839
3872,30.292245864868164,0.9974479079246521,0.7317377328872681,0.8486295938491821,0.39856112003326416
3873,32.350486755371094,0.9962975978851318,0.7199239730834961,0.8533501029014587,0.4160899519920349
3874,29.289745330810547,1.0,0.7432990074157715,0.8484487533569336,0.4126497805118561
3875,30.54338264465332,0.9966380596160889,0.7228368520736694,0.8545231819152832,0.4199542701244354
3876,30.828420639038086,0.9952335357666016,0.7293319702148438,0.8468465805053711,0.40701955556869507
3877,30.97684669494629,0.9966251850128174,0.7409025430679321,0.8509175181388855,0.4187375009059906
3878,32.01470184326172,1.0,0.7461482882499695,0.8603280782699585,0.42232874035835266
3879,29.83853530883789,0.9988839626312256,0.7129349112510681,0.8532271385192871,0.3988294303417206
3880,29.217050552368164,0.9978030323982239,0.7296896576881409,0.8399147391319275,0.3981083333492279
3881,30.673717498779297,0.9988425970077515,0.7350729703903198,0.857299268245697,0.40935003757476807
3882,30.580717086791992,0.9958058595657349,0.7294222116470337,0.8505803942680359,0.40835264325141907
3883,31.900163650512695,0.9990234375,0.7380983829498291,0.8520378470420837,0.40445682406425476
3884,27.90872573852539,0.9979838728904724,0.7298958897590637,0.8525739312171936,0.39903709292411804
3885,30.050382614135742,0.9987980723381042,0.7290984988212585,0.855118989944458,0.4066685736179352
3886,30.104183197021484,0.9966734647750854,0.7326539754867554,0.8536416888237,0.4079588055610657
3887,31.548311233520508,0.9987980723381042,0.7491769790649414,0.8715199828147888,0.4071717858314514
3888,30.80080795288086,0.9985119104385376,0.7449707984924316,0.8674258589744568,0.410277783870697
3889,30.514469146728516,0.9943031072616577,0.7312917709350586,0.855898380279541,0.4191155731678009
3890,31.321575164794922,1.0,0.7417154312133789,0.8691758513450623,0.40625
3891,31.265085220336914,0.996648907661438,0.7411543130874634,0.8552447557449341,0.4050813615322113
3892,31.40036392211914,1.0,0.7414461374282837,0.8545569181442261,0.4095744788646698
3893,31.684764862060547,0.9973913431167603,0.7326513528823853,0.8507646322250366,0.4064335823059082
3894,30.514917373657227,0.9978789687156677,0.7312928438186646,0.8621968030929565,0.4157367944717407
3895,31.91710090637207,0.9960404634475708,0.732770562171936,0.869315505027771,0.407822847366333
3896,31.18319320678711,0.996483564376831,0.729735255241394,0.8462865352630615,0.3909643888473511
3897,30.998891830444336,0.998046875,0.7409654855728149,0.8497158885002136,0.4189679026603699
3898,31.01434326171875,0.9974960088729858,0.7434161901473999,0.863612711429596,0.409335196018219
3899,31.55083656311035,0.9987499713897705,0.7445496320724487,0.8521403074264526,0.41571757197380066
