iteration,Train/mean_reward,Skill/push,Skill/pick-lift,Skill/place-down,Episode/success
0,-0.5007456541061401,0.01951449364423752,0.0,0.0,0.0
1,-1.2547125816345215,0.03398877754807472,0.0,0.0,0.0
2,-1.686011791229248,0.04323253035545349,0.0,0.00034722223062999547,0.0
3,-2.3931782245635986,0.04236353561282158,0.0,0.0004595588252414018,0.0
4,-2.6874043941497803,0.05327310040593147,0.0,0.0,0.0
5,-2.912156581878662,0.03227894753217697,0.0,0.0,0.0
6,-2.7376320362091064,0.04819360747933388,0.0,0.0,0.0
7,-2.57381272315979,0.06602168083190918,0.0,0.0,0.0
8,-2.2836081981658936,0.09399095922708511,0.0,0.0003094059356953949,0.0
9,-2.6289725303649902,0.09766444563865662,0.0,0.00498158298432827,0.0
10,-1.6863868236541748,0.1217164397239685,0.0,0.003324077231809497,0.0
11,-1.874962568283081,0.1570029854774475,0.0,0.004403202794492245,0.0
12,-1.2173120975494385,0.21068406105041504,0.0,0.006032845005393028,0.0
13,-0.07188821583986282,0.2819123864173889,0.0,0.008495856076478958,0.0
14,-0.9510067701339722,0.3892228603363037,0.0,0.014627168886363506,0.0
15,-0.5172669887542725,0.45936042070388794,0.0,0.01587967947125435,0.0
16,0.9988343715667725,0.5186267495155334,0.0,0.02348284237086773,0.0
17,0.4076641798019409,0.5757423043251038,0.0,0.02563084289431572,0.0
18,0.2958705425262451,0.660393238067627,0.0,0.025589480996131897,0.0
19,1.6666977405548096,0.6993029117584229,0.0,0.03274070844054222,0.0
20,2.3296220302581787,0.7703759670257568,0.0002765486715361476,0.03391558676958084,0.0
21,1.7440497875213623,0.8234680891036987,0.0,0.0382465161383152,0.0
22,2.254448175430298,0.8853819966316223,0.0,0.03800057992339134,0.0
23,2.9196720123291016,0.9034476280212402,0.0,0.043228261172771454,0.0
24,3.128520965576172,0.942129373550415,0.0,0.05823562666773796,0.0
25,2.701085090637207,0.9445085525512695,0.00026709403027780354,0.05997990444302559,0.0
26,4.743166923522949,0.9403412342071533,0.0,0.06377845257520676,0.0
27,3.6367738246917725,0.9527266025543213,0.00025201612152159214,0.06672994792461395,0.0
28,2.7997028827667236,0.9611493349075317,0.0006253733299672604,0.0828133374452591,0.0
29,2.4508755207061768,0.9703694581985474,0.0009271733579225838,0.09219156950712204,0.0
30,4.038907051086426,0.9649567604064941,0.0005782616208307445,0.0867147445678711,0.0
31,4.100862979888916,0.9729311466217041,0.00027901786961592734,0.09241094440221786,0.0
32,4.015191078186035,0.9729906320571899,0.0003221649385523051,0.09495779871940613,0.0
33,4.290168285369873,0.9797589778900146,0.0011706280056387186,0.11145491898059845,0.0002844140981324017
34,4.757853984832764,0.982053816318512,0.0016334797255694866,0.11502259969711304,0.0
35,4.803398609161377,0.9758013486862183,0.0008377630729228258,0.10992015153169632,0.0
36,5.612293720245361,0.96830153465271,0.0011774343438446522,0.11855156719684601,0.0
37,4.912010669708252,0.9721537828445435,0.0012219329364597797,0.11753582954406738,0.0002786291588563472
38,2.452467441558838,0.9841175079345703,0.0009182223584502935,0.11845053732395172,0.0
39,4.859008312225342,0.9748442769050598,0.0016459864564239979,0.12202433496713638,0.0002836879575625062
40,5.559414863586426,0.9770740270614624,0.00029761905898340046,0.1321917474269867,0.0
41,6.497472286224365,0.9743329882621765,0.0005606395425274968,0.1450137495994568,0.0
42,4.237760066986084,0.991241455078125,0.0023070659954100847,0.14430537819862366,0.0
43,7.212862014770508,0.9764547348022461,0.002309409435838461,0.14086133241653442,0.0
44,7.774488925933838,0.9813674688339233,0.002547655953094363,0.1491660326719284,0.0002862868714146316
45,7.535800933837891,0.9879918694496155,0.0017101005651056767,0.14999213814735413,0.0
46,6.355827808380127,0.9943821430206299,0.0002604166802484542,0.15989944338798523,0.0
47,6.9962286949157715,0.9906693696975708,0.002863510511815548,0.15560516715049744,0.0
48,9.077738761901855,0.9890499114990234,0.0005413792096078396,0.149200439453125,0.0
49,8.813956260681152,0.9897818565368652,0.002232150873169303,0.16357198357582092,0.0
50,9.628392219543457,0.9941338896751404,0.0023570519406348467,0.1626031994819641,0.00028851701063103974
51,7.5680623054504395,0.9888997077941895,0.0027466288302093744,0.1579999178647995,0.0
52,9.54732894897461,0.9920934438705444,0.004248323850333691,0.16746951639652252,0.0002836879575625062
53,10.15354061126709,0.9981553554534912,0.003321387805044651,0.16034598648548126,0.0008496176451444626
54,11.401985168457031,0.9925931096076965,0.003255679737776518,0.16227871179580688,0.0
55,9.694791793823242,0.9927089214324951,0.0028831649105995893,0.1526072770357132,0.0002797202905640006
56,12.396374702453613,0.9925270080566406,0.004027909599244595,0.17814335227012634,0.0002805049007292837
57,10.725279808044434,0.9976332187652588,0.004708198364824057,0.17139211297035217,0.0002867794537451118
58,10.528014183044434,0.9929028153419495,0.004647719208151102,0.17466813325881958,0.001149425283074379
59,13.806540489196777,0.9898039102554321,0.0029080850072205067,0.17355918884277344,0.0
60,12.409339904785156,0.9929846525192261,0.0025049839168787003,0.16551733016967773,0.0002794857427943498
61,11.733901023864746,0.9929803609848022,0.004596490412950516,0.1633642017841339,0.000563856796361506
62,12.045942306518555,0.9931728839874268,0.002228527097031474,0.18197639286518097,0.0
63,11.476462364196777,0.9959805011749268,0.0019285252783447504,0.16512463986873627,0.0
64,12.377076148986816,0.9890415668487549,0.002527239266782999,0.17560967803001404,0.00028843380277976394
65,12.210869789123535,0.995923638343811,0.003891376545652747,0.17503106594085693,0.0002772386942524463
66,12.502629280090332,0.9937981367111206,0.003429468721151352,0.17455410957336426,0.0005714285653084517
67,12.752614974975586,0.9952211380004883,0.004572832491248846,0.17722487449645996,0.0005619556177407503
68,13.93150806427002,0.9921914935112,0.0022991844452917576,0.16313210129737854,0.0
69,13.944680213928223,0.9951958060264587,0.005046110600233078,0.17356735467910767,0.0002789400168694556
70,13.529458045959473,0.9972618818283081,0.002647100016474724,0.17322441935539246,0.00028169015422463417
71,13.752889633178711,0.9978448152542114,0.003326424630358815,0.1744941920042038,0.0005714285653084517
72,14.260270118713379,0.9965029954910278,0.005542673636227846,0.1794637143611908,0.0
73,14.611682891845703,0.9985795617103577,0.003344364929944277,0.17889252305030823,0.0002879355160985142
74,14.208646774291992,0.9941208958625793,0.005636768881231546,0.17491206526756287,0.000562746194191277
75,15.06605052947998,0.9988839626312256,0.00633593276143074,0.19829589128494263,0.0008460237295366824
76,14.458121299743652,0.9934768080711365,0.007170901168137789,0.18295173346996307,0.0002846569987013936
77,14.609718322753906,0.9975019693374634,0.0027563506737351418,0.18908172845840454,0.0
78,14.511999130249023,0.9984375238418579,0.004885577131062746,0.1858755499124527,0.00028801843291148543
79,13.954211235046387,0.9937328696250916,0.004245353396981955,0.18581056594848633,0.0011163828894495964
80,13.722346305847168,0.9932437539100647,0.004476507660001516,0.18192371726036072,0.0002846569987013936
81,13.231380462646484,0.9925136566162109,0.004553477745503187,0.18276657164096832,0.00028058362659066916
82,12.568387031555176,0.9968671798706055,0.00427472498267889,0.18456360697746277,0.0005785363027825952
83,13.662535667419434,0.9975818395614624,0.0043914709240198135,0.19467230141162872,0.00027995521668344736
84,14.47032642364502,0.9975714683532715,0.004820763133466244,0.1910509318113327,0.0002821670495904982
85,13.538727760314941,0.9980113506317139,0.009064704179763794,0.19237083196640015,0.0011379801435396075
86,14.834980964660645,0.9966122508049011,0.007296920288354158,0.18614885210990906,0.0008638065773993731
87,13.834189414978027,0.9987499713897705,0.00596651341766119,0.19215863943099976,0.0017251294339075685
88,14.509931564331055,1.0,0.004582412540912628,0.17678505182266235,0.00028003359329886734
89,14.331910133361816,0.9975996613502502,0.0065785180777311325,0.17882007360458374,0.0008510638726875186
90,14.322569847106934,0.9964622259140015,0.0069834990426898,0.19053417444229126,0.0005672149709425867
91,14.824894905090332,0.9977349638938904,0.006440989673137665,0.19448572397232056,0.0011500862892717123
92,14.258880615234375,0.9979458451271057,0.004700442776083946,0.18888287246227264,0.0005758710321970284
93,13.863079071044922,0.9948010444641113,0.010030475445091724,0.18943984806537628,0.0005563282174989581
94,15.064986228942871,1.0,0.006056495010852814,0.17691099643707275,0.0002853881160262972
95,14.238896369934082,0.9988425970077515,0.005251860246062279,0.1709936559200287,0.0005605381447821856
96,13.457758903503418,1.0,0.005449513904750347,0.1889422982931137,0.0002900231920648366
97,14.123069763183594,0.998477578163147,0.005845267325639725,0.17994830012321472,0.0
98,15.17397403717041,0.9972618818283081,0.005747430492192507,0.19746443629264832,0.00028184891561977565
99,15.100411415100098,0.998046875,0.00697774812579155,0.19141918420791626,0.0017231476958841085
100,14.378880500793457,0.9989224076271057,0.006115621421486139,0.1995968222618103,0.0002870263997465372
101,15.811643600463867,0.9985119104385376,0.006274268962442875,0.1903771162033081,0.00028620491502806544
102,14.793770790100098,0.9940404891967773,0.004773893393576145,0.1927158683538437,0.0008408072171732783
103,14.251522064208984,0.9969965815544128,0.008220548741519451,0.19172972440719604,0.0014216662384569645
104,14.919875144958496,1.0,0.00423301151022315,0.187333345413208,0.0005670541431754827
105,15.793084144592285,1.0,0.007268846966326237,0.20197509229183197,0.0011438375804573298
106,14.866662979125977,1.0,0.005932335741817951,0.1813446283340454,0.00028901733458042145
107,15.258495330810547,0.9922938346862793,0.004976886790245771,0.18470469117164612,0.0002770850551314652
108,15.56312084197998,0.9987980723381042,0.008708855137228966,0.20959779620170593,0.0011405759723857045
109,14.727178573608398,0.9990234375,0.007574570830911398,0.19531893730163574,0.001693480066023767
110,15.12870979309082,0.9951351284980774,0.006708504632115364,0.2067202925682068,0.0011584130115807056
111,14.022452354431152,0.9989224076271057,0.008287174627184868,0.20477864146232605,0.0013970383442938328
112,15.239948272705078,0.99674391746521,0.0071938531473279,0.18539825081825256,0.000561797758564353
113,14.527331352233887,0.9975000023841858,0.006322125438600779,0.18953055143356323,0.0005743825458921492
114,15.445024490356445,0.9977650046348572,0.007407035678625107,0.1925458461046219,0.0014376079197973013
115,15.306344032287598,0.9976339340209961,0.007446101866662502,0.1878664493560791,0.0014347201213240623
116,13.247949600219727,1.0,0.005820323247462511,0.18171808123588562,0.00027979855076409876
117,14.9295654296875,0.9991071224212646,0.007404054049402475,0.19188541173934937,0.001418439787812531
118,15.935440063476562,0.9957188367843628,0.008945521898567677,0.18536321818828583,0.0005667327786795795
119,15.968287467956543,0.9985119104385376,0.008316650986671448,0.19179928302764893,0.001722652930766344
120,14.59233283996582,0.9972392320632935,0.012168455868959427,0.19572243094444275,0.0017441860400140285
121,16.105514526367188,0.9967141151428223,0.009192273952066898,0.19374559819698334,0.0013770312070846558
122,15.335996627807617,0.9979074001312256,0.008196785114705563,0.18848957121372223,0.0008537279209122062
123,14.733513832092285,0.9974393844604492,0.00744865695014596,0.19086919724941254,0.0011321823112666607
124,14.480315208435059,0.9972208738327026,0.009351208806037903,0.20289278030395508,0.0023008340504020452
125,14.478120803833008,0.9953460693359375,0.007577069103717804,0.19971945881843567,0.0011220196029171348
126,14.077730178833008,0.9958147406578064,0.007188699208199978,0.18112194538116455,0.0014148274203762412
127,15.159289360046387,0.99601149559021,0.00926477275788784,0.18452367186546326,0.0008610791992396116
128,15.474552154541016,0.9968342185020447,0.011637527495622635,0.18787100911140442,0.002000571694225073
129,15.254347801208496,0.9988425970077515,0.00889226421713829,0.19022220373153687,0.0008645533234812319
130,16.544614791870117,0.9978215098381042,0.009881476871669292,0.18592405319213867,0.0011166945332661271
131,14.669087409973145,0.9965277910232544,0.009967232123017311,0.2006915807723999,0.0019835648126900196
132,14.723315238952637,0.9971354007720947,0.011106515303254128,0.2013750821352005,0.0019774010870605707
133,14.951643943786621,0.9966573715209961,0.011260515078902245,0.19234824180603027,0.0025869503151625395
134,16.86908721923828,0.9980113506317139,0.013113824650645256,0.20182865858078003,0.0014505366561934352
135,15.050634384155273,0.9972208738327026,0.00994839332997799,0.1940711885690689,0.0019283747533336282
136,16.376983642578125,0.9978063106536865,0.010280284099280834,0.20609688758850098,0.0008525148732587695
137,15.157655715942383,0.997726559638977,0.011867480352520943,0.19272565841674805,0.0019943020306527615
138,16.432615280151367,0.9991071224212646,0.012924553826451302,0.18909373879432678,0.001147446921095252
139,15.888748168945312,1.0,0.012981058098375797,0.1924779713153839,0.0022541561629623175
140,15.380126953125,0.994708240032196,0.011325370520353317,0.20396488904953003,0.0011273956624791026
141,15.436656951904297,0.9982638955116272,0.01364101842045784,0.1874082386493683,0.0017187052872031927
142,16.009822845458984,0.9973913431167603,0.01149616576731205,0.17924270033836365,0.0002870263997465372
143,15.976887702941895,0.9975184202194214,0.011906271800398827,0.2160700261592865,0.0011500862892717123
144,17.215478897094727,0.9950355291366577,0.011291996575891972,0.1914082169532776,0.0016717750113457441
145,16.274171829223633,0.9987499713897705,0.014071181416511536,0.18758678436279297,0.0017030939925462008
146,15.80121898651123,0.9956456422805786,0.013621331192553043,0.18803060054779053,0.0016953940503299236
147,14.759492874145508,0.9975996613502502,0.01349503081291914,0.19049903750419617,0.0014384349342435598
148,15.296772003173828,0.9977213144302368,0.01165587455034256,0.19530944526195526,0.0014467593282461166
149,16.00733757019043,0.9989919662475586,0.010890720412135124,0.20170167088508606,0.002750274958088994
150,16.955020904541016,0.9950370788574219,0.012678021565079689,0.2087760865688324,0.0014289796818047762
151,15.461484909057617,0.9988425970077515,0.013772189617156982,0.19601890444755554,0.0014216662384569645
152,15.546566009521484,0.9952762126922607,0.015449230559170246,0.1930357813835144,0.003448275849223137
153,16.06923484802246,0.9957181215286255,0.015434857457876205,0.19815172255039215,0.0019607844296842813
154,16.587156295776367,0.9983552694320679,0.02206280827522278,0.20443785190582275,0.0028288541361689568
155,16.568552017211914,0.9990234375,0.013218299485743046,0.21014323830604553,0.0017133067594841123
156,15.609973907470703,0.9973913431167603,0.02009756676852703,0.1924845576286316,0.0028735632076859474
157,15.125239372253418,0.9971532225608826,0.017162609845399857,0.190123051404953,0.003170028794556856
158,18.030000686645508,0.9973958134651184,0.01902519352734089,0.20473094284534454,0.00472353445366025
159,16.77574920654297,1.0,0.019932737573981285,0.21069180965423584,0.001701644854620099
160,16.20781898498535,0.9958193302154541,0.020050793886184692,0.2033994495868683,0.0042601535096764565
161,16.015256881713867,0.9970910549163818,0.01694968156516552,0.20678937435150146,0.002016128972172737
162,18.067785263061523,0.9970914721488953,0.02599138207733631,0.19820968806743622,0.005332584492862225
163,16.670616149902344,0.9953328371047974,0.02838968113064766,0.21731853485107422,0.005068994592875242
164,14.73530387878418,0.9986978769302368,0.02817366272211075,0.21067139506340027,0.005720823537558317
165,16.617158889770508,0.9953935146331787,0.022539986297488213,0.20498034358024597,0.004271070938557386
166,17.269126892089844,0.9973913431167603,0.024861469864845276,0.2038966566324234,0.004892086144536734
167,15.931632995605469,0.9975404739379883,0.022944923490285873,0.1983204185962677,0.0036414568312466145
168,16.514196395874023,0.9973776340484619,0.024787601083517075,0.20786970853805542,0.003694231156259775
169,17.99843406677246,0.9988425970077515,0.02906729467213154,0.21325913071632385,0.005090497899800539
170,16.370140075683594,0.9957098364830017,0.036858558654785156,0.21047870814800262,0.007488479372113943
171,16.011667251586914,0.9987499713897705,0.03318886458873749,0.21257618069648743,0.006926406640559435
172,17.6246280670166,0.9966733455657959,0.03550998866558075,0.21265935897827148,0.007512520998716354
173,16.54821014404297,0.9970841407775879,0.03022831305861473,0.21997171640396118,0.006833713501691818
174,17.572874069213867,0.9954103231430054,0.04149866849184036,0.22179342806339264,0.007338413503021002
175,17.199426651000977,0.9979052543640137,0.04000042378902435,0.21735456585884094,0.008658008649945259
176,17.4796142578125,0.9988425970077515,0.03469685837626457,0.21774715185165405,0.005869200453162193
177,16.976234436035156,0.9987980723381042,0.039487872272729874,0.22360509634017944,0.007332205772399902
178,16.5366153717041,0.9988839626312256,0.03867388516664505,0.21510285139083862,0.006872852332890034
179,16.959165573120117,1.0,0.03868549317121506,0.21790039539337158,0.006269592326134443
180,17.602275848388672,1.0,0.04565231502056122,0.23065634071826935,0.0077809798531234264
181,18.301246643066406,0.9980851411819458,0.0455794557929039,0.21739275753498077,0.010343863628804684
182,18.446903228759766,0.9959779977798462,0.04225974529981613,0.22496619820594788,0.006258890964090824
183,17.704570770263672,0.994156002998352,0.04905558377504349,0.22378984093666077,0.012208972126245499
184,17.559926986694336,0.9960089921951294,0.052320756018161774,0.2341497242450714,0.011464603245258331
185,16.478031158447266,0.9955949783325195,0.04866278916597366,0.23648576438426971,0.010112684220075607
186,18.534122467041016,0.9969737529754639,0.05638954043388367,0.23678059875965118,0.012562813237309456
187,16.916400909423828,0.9988425970077515,0.056912221014499664,0.22971926629543304,0.009937535040080547
188,18.662973403930664,0.9955893754959106,0.06289385259151459,0.24430128931999207,0.013314447365701199
189,18.16351890563965,1.0,0.07361754775047302,0.2406715303659439,0.017241379246115685
190,18.950517654418945,1.0,0.07190464437007904,0.2508930265903473,0.01683974079787731
191,18.444477081298828,0.9967371225357056,0.06914345175027847,0.23471501469612122,0.015488594770431519
192,17.291698455810547,0.9969598054885864,0.07172811031341553,0.24332132935523987,0.015958962962031364
193,17.21380615234375,0.9962043762207031,0.07546228170394897,0.23813608288764954,0.012864493764936924
194,19.02145767211914,0.9987499713897705,0.08052819967269897,0.2618836760520935,0.020443420857191086
195,17.812747955322266,0.9973099827766418,0.08318333327770233,0.26235267519950867,0.01762237772345543
196,17.659578323364258,0.9944666624069214,0.08806861937046051,0.252916157245636,0.017246253788471222
197,17.728816986083984,0.9979074001312256,0.08449357748031616,0.244158536195755,0.021136818453669548
198,18.816238403320312,0.9985795617103577,0.0926685705780983,0.26286014914512634,0.019776439294219017
199,20.52336311340332,1.0,0.09710615873336792,0.25764888525009155,0.0219146478921175
200,18.706314086914062,1.0,0.10046934336423874,0.266132116317749,0.024002231657505035
201,17.035585403442383,0.996213436126709,0.0985971987247467,0.2534252405166626,0.022675737738609314
202,18.776348114013672,0.9976819753646851,0.11638791859149933,0.30096229910850525,0.028021512553095818
203,18.074207305908203,0.9976819753646851,0.11057619750499725,0.2835322618484497,0.025921659544110298
204,20.727556228637695,0.9985795617103577,0.11961027979850769,0.28385597467422485,0.02745867148041725
205,19.27821159362793,1.0,0.12944015860557556,0.2959015965461731,0.031179776415228844
206,17.933259963989258,1.0,0.11928661167621613,0.28607451915740967,0.027817606925964355
207,19.71391487121582,0.9989919662475586,0.13339895009994507,0.3163022994995117,0.027546627447009087
208,20.738792419433594,1.0,0.14874842762947083,0.30676645040512085,0.03462203964591026
209,19.303478240966797,1.0,0.1583596169948578,0.3102428615093231,0.039171796292066574
210,19.677343368530273,0.996227502822876,0.15503382682800293,0.30519720911979675,0.03863508254289627
211,20.428422927856445,1.0,0.16479407250881195,0.32292640209198,0.03616173192858696
212,18.85175132751465,0.9990234375,0.17262083292007446,0.3319382667541504,0.040334198623895645
213,21.29265785217285,0.9988425970077515,0.18933480978012085,0.3602573275566101,0.05014409124851227
214,20.414613723754883,0.9977734088897705,0.16946713626384735,0.3219807744026184,0.046085506677627563
215,21.589771270751953,0.9989919662475586,0.19525489211082458,0.3376769423484802,0.04336661845445633
216,20.86447525024414,1.0,0.19627654552459717,0.35458484292030334,0.04831460863351822
217,21.5094051361084,0.9980728030204773,0.20925787091255188,0.3517218828201294,0.046626124531030655
218,21.696273803710938,0.9953776001930237,0.22349262237548828,0.3740905523300171,0.054144568741321564
219,20.96761703491211,0.9971787929534912,0.23633626103401184,0.37976303696632385,0.06031566858291626
220,21.854326248168945,0.9987499713897705,0.2228582501411438,0.38051891326904297,0.057428572326898575
221,20.571704864501953,0.9987499713897705,0.24477899074554443,0.4000599980354309,0.05565117672085762
222,21.850683212280273,0.9977419376373291,0.2333168089389801,0.38526809215545654,0.05673963204026222
223,23.12982940673828,0.998046875,0.2512737214565277,0.40396109223365784,0.06248240917921066
224,21.687620162963867,0.9980295896530151,0.24142959713935852,0.3839043974876404,0.06845070421695709
225,22.218582153320312,0.9987499713897705,0.2504987120628357,0.39682310819625854,0.06492027640342712
226,20.64497947692871,0.9988839626312256,0.24348369240760803,0.3868820369243622,0.06754814833402634
227,23.276004791259766,0.9987499713897705,0.257872998714447,0.4031665325164795,0.07639288157224655
228,23.047325134277344,0.9982478618621826,0.26800960302352905,0.4145125150680542,0.0746435597538948
229,20.84771156311035,0.9989919662475586,0.2716711163520813,0.4120093286037445,0.07167235016822815
230,22.292333602905273,0.998641312122345,0.26514169573783875,0.4119935631752014,0.07964105904102325
231,22.71813201904297,0.9974393844604492,0.2895743250846863,0.44563719630241394,0.08181555569171906
232,22.333086013793945,0.9978063106536865,0.29593056440353394,0.4252719581127167,0.0801120474934578
233,21.818260192871094,0.9972801208496094,0.2954569458961487,0.4325617849826813,0.08041761070489883
234,23.04056167602539,0.9987499713897705,0.313968300819397,0.45782411098480225,0.08790896832942963
235,24.80674171447754,0.9946259260177612,0.2962872385978699,0.4487934112548828,0.07893978804349899
236,24.069141387939453,1.0,0.3087659478187561,0.4526718258857727,0.08850574493408203
237,23.15410041809082,0.9967233538627625,0.32805824279785156,0.4635823965072632,0.09218268096446991
238,24.343326568603516,1.0,0.3202415704727173,0.4644373059272766,0.08387645334005356
239,25.150453567504883,0.9987980723381042,0.324129194021225,0.45932573080062866,0.09310247004032135
240,23.527515411376953,0.9979458451271057,0.31886789202690125,0.4466573894023895,0.09344451129436493
241,23.785974502563477,1.0,0.3349378705024719,0.4806879460811615,0.10462776571512222
242,23.465646743774414,1.0,0.33568906784057617,0.48230722546577454,0.09969368577003479
243,24.016855239868164,1.0,0.33802399039268494,0.4828680157661438,0.10134170949459076
244,25.176816940307617,0.9988839626312256,0.3547583818435669,0.4993232190608978,0.10350631177425385
245,22.659502029418945,0.9982638955116272,0.35589104890823364,0.5011513829231262,0.10309875756502151
246,24.405410766601562,0.9982638955116272,0.3657582402229309,0.5118588805198669,0.10844046622514725
247,24.498207092285156,0.9987499713897705,0.37520062923431396,0.5097986459732056,0.11433399468660355
248,23.98366928100586,1.0,0.3642718195915222,0.4908480644226074,0.10874568670988083
249,24.861984252929688,0.9973295331001282,0.376767098903656,0.5061017274856567,0.10725551843643188
250,25.77943992614746,0.9979754686355591,0.39808499813079834,0.5218072533607483,0.12049227207899094
251,23.238605499267578,0.9986978769302368,0.38039398193359375,0.523233950138092,0.10880538821220398
252,24.8537654876709,0.997147798538208,0.39154189825057983,0.526584267616272,0.12581652402877808
253,24.820629119873047,1.0,0.4012567400932312,0.5373256206512451,0.12091966718435287
254,25.13774871826172,0.9977564215660095,0.4069986045360565,0.5525459051132202,0.12567837536334991
255,23.824827194213867,0.9987980723381042,0.39654189348220825,0.535600483417511,0.12752452492713928
256,24.74211883544922,0.9993489980697632,0.4030611515045166,0.5323482751846313,0.1249653622508049
257,25.981382369995117,0.9941988587379456,0.41248074173927307,0.5349031686782837,0.14009112119674683
258,26.0505313873291,0.9975649118423462,0.4342471659183502,0.5543458461761475,0.13805758953094482
259,27.298158645629883,0.9990234375,0.42866700887680054,0.5611015558242798,0.12738853693008423
260,25.65534019470215,0.9991776347160339,0.4251375198364258,0.5645959377288818,0.13389120995998383
261,26.93745231628418,1.0,0.44219905138015747,0.5663137435913086,0.1484396904706955
262,25.464078903198242,0.9973136186599731,0.4414568245410919,0.5774043202400208,0.1476258933544159
263,24.839746475219727,0.9971978664398193,0.44619691371917725,0.5857563614845276,0.14330844581127167
264,28.725858688354492,0.9976898431777954,0.44879892468452454,0.5821108818054199,0.1417931765317917
265,26.295730590820312,1.0,0.4476768970489502,0.5690538883209229,0.14161768555641174
266,28.660114288330078,1.0,0.4662603437900543,0.5964854955673218,0.15018418431282043
267,25.83765411376953,0.9989583492279053,0.4763869643211365,0.595536470413208,0.14618222415447235
268,27.313573837280273,0.9988839626312256,0.4677371382713318,0.5917332172393799,0.1483500599861145
269,24.705806732177734,1.0,0.46642792224884033,0.6026060581207275,0.15520742535591125
270,27.403675079345703,0.9989583492279053,0.4789855480194092,0.6120431423187256,0.15931643545627594
271,29.257837295532227,0.9964879155158997,0.4779041111469269,0.6054649949073792,0.16240045428276062
272,27.18360710144043,0.9970619678497314,0.49264273047447205,0.6074379682540894,0.16217748820781708
273,28.07935333251953,0.9979053735733032,0.5007326006889343,0.6157053709030151,0.16944284737110138
274,26.691408157348633,0.9978030323982239,0.5025107860565186,0.6299456357955933,0.16923508048057556
275,26.31202507019043,0.9988839626312256,0.5005865097045898,0.6298611164093018,0.16610074043273926
276,27.753732681274414,0.9989224076271057,0.49972519278526306,0.6292158961296082,0.16786432266235352
277,28.269567489624023,1.0,0.5015109181404114,0.6260755062103271,0.16385473310947418
278,28.216007232666016,1.0,0.521223247051239,0.63681960105896,0.17669063806533813
279,28.151166915893555,0.9989224076271057,0.5116227865219116,0.6413261890411377,0.17681564390659332
280,28.451213836669922,0.995240330696106,0.509511411190033,0.6342111825942993,0.17227722704410553
281,28.511743545532227,0.9990234375,0.5204126834869385,0.6402314901351929,0.18168935179710388
282,28.35757064819336,0.9974479079246521,0.5216752290725708,0.6449537873268127,0.17402522265911102
283,28.56111717224121,1.0,0.5128144025802612,0.6413877010345459,0.17510855197906494
284,28.01849937438965,0.9986978769302368,0.5237449407577515,0.6412228941917419,0.1885698437690735
285,28.769561767578125,0.9987980723381042,0.5352086424827576,0.6593742370605469,0.18331442773342133
286,28.120065689086914,0.9990234375,0.512874186038971,0.6479827165603638,0.1835569590330124
287,29.963655471801758,0.9986978769302368,0.5458595752716064,0.6762251257896423,0.19885551929473877
288,28.828826904296875,0.998160183429718,0.5256133079528809,0.6639169454574585,0.18507042527198792
289,29.790950775146484,0.9980985522270203,0.5405929088592529,0.6642895936965942,0.18450705707073212
290,29.025829315185547,1.0,0.5420803427696228,0.6556071639060974,0.2068866491317749
291,30.71816635131836,1.0,0.5340147018432617,0.652834415435791,0.18811027705669403
292,27.613710403442383,0.9989919662475586,0.5519142150878906,0.6832345128059387,0.2030981034040451
293,29.472434997558594,0.9988425970077515,0.553649365901947,0.6825305223464966,0.20790424942970276
294,31.534759521484375,0.9978789687156677,0.561796247959137,0.6827967166900635,0.20600736141204834
295,27.979692459106445,0.9990234375,0.5562907457351685,0.6838882565498352,0.20261068642139435
296,28.301565170288086,1.0,0.5494710206985474,0.6834505200386047,0.20195065438747406
297,29.505136489868164,1.0,0.546938419342041,0.6826395392417908,0.20561018586158752
298,29.588651657104492,0.9976203441619873,0.5665656328201294,0.7019249200820923,0.20429514348506927
299,29.58955955505371,0.9979166984558105,0.560112714767456,0.6816219091415405,0.21090181171894073
300,29.188077926635742,0.9988839626312256,0.5586932897567749,0.6906458139419556,0.21208664774894714
301,28.485631942749023,0.998641312122345,0.5589760541915894,0.6783038973808289,0.21180854737758636
302,31.524980545043945,1.0,0.5796821117401123,0.7051352262496948,0.21144139766693115
303,31.21849250793457,0.9981570243835449,0.5495389699935913,0.6937476992607117,0.20892150700092316
304,26.987384796142578,1.0,0.575992226600647,0.702289342880249,0.21841052174568176
305,31.113420486450195,1.0,0.5840749144554138,0.7027720212936401,0.21944205462932587
306,29.751171112060547,1.0,0.5946385264396667,0.7207993865013123,0.21539345383644104
307,28.76306915283203,0.9975404739379883,0.592715322971344,0.7261443138122559,0.22586925327777863
308,27.742908477783203,0.9968155026435852,0.5846922397613525,0.7066233158111572,0.22002263367176056
309,29.69157600402832,0.9987980723381042,0.603324830532074,0.7248416543006897,0.22513537108898163
310,30.317541122436523,0.9978215098381042,0.5711963176727295,0.7103794813156128,0.2109643965959549
311,30.76702308654785,1.0,0.5940349698066711,0.7202664017677307,0.23321157693862915
312,28.044132232666016,0.9987980723381042,0.5930625796318054,0.7289878129959106,0.22907862067222595
313,29.900999069213867,0.9956870675086975,0.5931991934776306,0.7160797119140625,0.2322193682193756
314,28.94473648071289,0.9991776347160339,0.6012490391731262,0.7203161120414734,0.2355796843767166
315,31.22052001953125,1.0,0.6121140718460083,0.7309064865112305,0.2352266162633896
316,29.53081703186035,0.9985119104385376,0.6101586818695068,0.7304773330688477,0.23996631801128387
317,29.95361328125,0.998161792755127,0.6034922003746033,0.7390508651733398,0.23212260007858276
318,29.51519012451172,0.9973958730697632,0.5991753339767456,0.7269184589385986,0.23868779838085175
319,27.812461853027344,1.0,0.602577269077301,0.7227916717529297,0.23178808391094208
320,30.85784339904785,1.0,0.6105444431304932,0.736492395401001,0.23856113851070404
321,29.125579833984375,0.9988839626312256,0.606287956237793,0.7354047298431396,0.24065811932086945
322,29.032569885253906,0.9966902732849121,0.6134229898452759,0.736393392086029,0.2426825761795044
323,31.76896095275879,0.9980033040046692,0.6218505501747131,0.7453456521034241,0.235277459025383
324,31.143630981445312,1.0,0.6158509254455566,0.743477463722229,0.24726855754852295
325,31.107810974121094,0.9985119104385376,0.619615912437439,0.7367085218429565,0.2551704943180084
326,32.03726577758789,0.9976190328598022,0.6247583031654358,0.7531130313873291,0.25346142053604126
327,31.21356964111328,1.0,0.6191904544830322,0.7586941719055176,0.25200000405311584
328,31.648313522338867,0.9985795617103577,0.6198586225509644,0.7488791942596436,0.2435055673122406
329,31.34661293029785,0.9965324401855469,0.6280122399330139,0.7438582181930542,0.24360080063343048
330,30.999719619750977,0.9978422522544861,0.6329848766326904,0.7641805410385132,0.2572706937789917
331,29.780292510986328,0.998641312122345,0.6349601149559021,0.7488574385643005,0.2496441900730133
332,32.21561813354492,0.9942440390586853,0.6272322535514832,0.7555093765258789,0.25149020552635193
333,31.74983787536621,0.9975252151489258,0.6290611028671265,0.7616312503814697,0.25665998458862305
334,30.588607788085938,0.9988425970077515,0.6249405145645142,0.7466485500335693,0.2510097920894623
335,31.456533432006836,1.0,0.642071008682251,0.7625199556350708,0.2747344970703125
336,31.536413192749023,1.0,0.6267721652984619,0.7603998780250549,0.24822492897510529
337,31.625534057617188,0.9989919662475586,0.6471719741821289,0.757541298866272,0.2658156156539917
338,30.403156280517578,0.9989919662475586,0.643334150314331,0.7737233638763428,0.2667621672153473
339,28.38736343383789,1.0,0.6258997917175293,0.7483433485031128,0.2535804808139801
340,29.131927490234375,0.9984375238418579,0.6449342370033264,0.7791783809661865,0.2621331810951233
341,31.50304412841797,1.0,0.6443425416946411,0.7745741605758667,0.26719728112220764
342,30.091093063354492,0.9972097873687744,0.6427347660064697,0.7605810761451721,0.25207439064979553
343,32.108787536621094,0.9986978769302368,0.6669093370437622,0.7855417728424072,0.2703480124473572
344,31.114778518676758,0.9927310347557068,0.6545296311378479,0.7847185134887695,0.2636439800262451
345,31.733028411865234,0.997664749622345,0.6558333039283752,0.7706794738769531,0.27064481377601624
346,32.238563537597656,0.997726559638977,0.6613389253616333,0.7850497961044312,0.2785244584083557
347,32.32831573486328,1.0,0.6556248664855957,0.7799028158187866,0.2709585130214691
348,31.769628524780273,0.9969348311424255,0.6530491709709167,0.7784011960029602,0.279758483171463
349,31.765727996826172,1.0,0.6573339700698853,0.7784474492073059,0.27270185947418213
350,32.65023422241211,0.9972826242446899,0.6556887030601501,0.7754566669464111,0.2634561061859131
351,32.816139221191406,0.9962169528007507,0.6485364437103271,0.7772417068481445,0.2652136981487274
352,31.47711753845215,0.995510458946228,0.6611906290054321,0.7795018553733826,0.26492536067962646
353,31.563526153564453,0.9956597089767456,0.6715338826179504,0.7891247272491455,0.2791934907436371
354,32.38731002807617,0.9987499713897705,0.6728062629699707,0.7861937284469604,0.27592021226882935
355,33.18430709838867,0.9988839626312256,0.669967532157898,0.793586015701294,0.2762177586555481
356,31.194536209106445,1.0,0.6593070030212402,0.7967596054077148,0.2759609818458557
357,30.72304916381836,1.0,0.6841807961463928,0.7877079248428345,0.28274667263031006
358,33.963890075683594,0.9974905252456665,0.6707689762115479,0.8018125295639038,0.2780419588088989
359,32.13349914550781,0.9991319179534912,0.6660023331642151,0.798537015914917,0.2801918685436249
360,31.58599281311035,0.998046875,0.6781539916992188,0.7937184572219849,0.2805468440055847
361,31.954742431640625,0.9984375238418579,0.6685744524002075,0.7890912294387817,0.28283989429473877
362,32.31195831298828,0.9976562261581421,0.6860922574996948,0.8127378225326538,0.2884337902069092
363,31.914987564086914,1.0,0.6710953116416931,0.8043203353881836,0.2779783308506012
364,33.56367111206055,1.0,0.6698610782623291,0.8019397258758545,0.26552706956863403
365,31.996923446655273,0.9987499713897705,0.6817731857299805,0.7987673282623291,0.2830241620540619
366,32.50090026855469,0.9975019693374634,0.6802756190299988,0.8019751310348511,0.28459984064102173
367,32.91109848022461,1.0,0.6823793649673462,0.7922768592834473,0.2913517951965332
368,30.41274642944336,0.9971863031387329,0.6948145031929016,0.8205517530441284,0.2956276535987854
369,32.878509521484375,0.9973099827766418,0.6834691166877747,0.8046828508377075,0.2968660891056061
370,33.17719650268555,1.0,0.6964812278747559,0.8160741329193115,0.2953174412250519
371,30.81269073486328,0.9976406693458557,0.6825828552246094,0.8095043897628784,0.3002016544342041
372,31.362611770629883,1.0,0.6830514669418335,0.8143677115440369,0.2860759496688843
373,33.29010009765625,0.9977222084999084,0.6898455619812012,0.7993140816688538,0.28458720445632935
374,32.776084899902344,0.9990530014038086,0.6888560056686401,0.8070700764656067,0.285673588514328
375,33.64586639404297,1.0,0.6865478754043579,0.817968487739563,0.2956696152687073
376,33.903785705566406,0.9968657493591309,0.6935875415802002,0.829725980758667,0.28776565194129944
377,32.349327087402344,1.0,0.6793496608734131,0.7967010736465454,0.2993844449520111
378,32.328338623046875,0.9987499713897705,0.6953851580619812,0.8062477111816406,0.3002558946609497
379,31.988433837890625,0.9960757493972778,0.7096530199050903,0.8231469392776489,0.32313308119773865
380,32.656063079833984,0.9981571435928345,0.6980006694793701,0.8214985728263855,0.30443549156188965
381,34.63941192626953,0.9987980723381042,0.6877439022064209,0.8261845707893372,0.2975856363773346
382,32.48013687133789,1.0,0.7024252414703369,0.8127044439315796,0.30011293292045593
383,31.66575813293457,0.9980728626251221,0.7097876071929932,0.8290190696716309,0.29326513409614563
384,33.229408264160156,0.9977484941482544,0.7190074920654297,0.8241634368896484,0.3133294880390167
385,33.2665901184082,0.9976150989532471,0.7165162563323975,0.8328371047973633,0.3101175129413605
386,33.00471878051758,0.9983552694320679,0.7188802361488342,0.8263664841651917,0.3057735562324524
387,35.5520133972168,0.9962615370750427,0.7079004049301147,0.8297512531280518,0.3071267008781433
388,33.452781677246094,0.9975481033325195,0.7017695307731628,0.8386342525482178,0.32271823287010193
389,32.50215530395508,0.9988839626312256,0.6967833042144775,0.8233067989349365,0.3019787669181824
390,34.45766067504883,0.9987499713897705,0.7135931253433228,0.8400125503540039,0.3159862160682678
391,33.95943832397461,0.9970170259475708,0.7098396420478821,0.8283258080482483,0.31185492873191833
392,32.47967529296875,0.9955424070358276,0.7128989696502686,0.8323245048522949,0.30640116333961487
393,32.677398681640625,1.0,0.7236001491546631,0.8374011516571045,0.3076707124710083
394,34.48988723754883,0.9988425970077515,0.7176865339279175,0.8334189653396606,0.31967684626579285
395,34.15423583984375,0.9986978769302368,0.7260760068893433,0.8338690996170044,0.3169093132019043
396,34.56454086303711,0.9970889091491699,0.7178056240081787,0.8480210900306702,0.3089064061641693
397,35.5576286315918,0.9989583492279053,0.7339727282524109,0.8453333973884583,0.3103448152542114
398,36.046016693115234,0.9992559552192688,0.7348883748054504,0.844265341758728,0.3333333432674408
399,33.467281341552734,0.9984375238418579,0.7196416854858398,0.844468355178833,0.3284775912761688
400,33.88613510131836,0.9988839626312256,0.729934573173523,0.8391015529632568,0.32285234332084656
401,32.862648010253906,0.9966573715209961,0.7223343849182129,0.8451328277587891,0.32123616337776184
402,33.67622756958008,0.9966167211532593,0.7111930847167969,0.8353480100631714,0.30360692739486694
403,34.05686569213867,1.0,0.716780424118042,0.8291119337081909,0.31680911779403687
404,34.49569320678711,0.9988839626312256,0.7214736342430115,0.8439937233924866,0.33006346225738525
405,33.495262145996094,0.9988425970077515,0.7376199960708618,0.8506344556808472,0.3367602229118347
406,35.20799255371094,0.9991071224212646,0.7283366322517395,0.8500041961669922,0.33276352286338806
407,33.027523040771484,1.0,0.7325881719589233,0.8479002714157104,0.32513427734375
408,31.762723922729492,1.0,0.7279425263404846,0.8474671840667725,0.32016152143478394
409,33.973426818847656,0.9987499713897705,0.7328149080276489,0.8416054248809814,0.3192501366138458
410,34.027923583984375,0.9986978769302368,0.7282484769821167,0.8541314601898193,0.3317415714263916
411,33.301273345947266,1.0,0.7388631105422974,0.8507776260375977,0.33630868792533875
412,33.733551025390625,0.9987499713897705,0.7305046916007996,0.8485181331634521,0.3265306055545807
413,34.280521392822266,1.0,0.7271744012832642,0.8410632610321045,0.32569465041160583
414,34.2086067199707,0.9980626106262207,0.7274616956710815,0.8360764980316162,0.31559786200523376
415,33.33000946044922,0.9970563054084778,0.7243172526359558,0.8418796062469482,0.31295982003211975
416,33.36192321777344,0.9969052076339722,0.7191436290740967,0.8479331731796265,0.3187624216079712
417,33.565155029296875,0.9961979389190674,0.7282788753509521,0.8525006771087646,0.33104631304740906
418,34.5133171081543,0.9978030323982239,0.7297788858413696,0.8579437732696533,0.3354632556438446
419,32.68800354003906,0.9989224076271057,0.7320413589477539,0.8542240858078003,0.33130699396133423
420,34.014007568359375,1.0,0.7419303059577942,0.8532496690750122,0.3355095088481903
421,33.4384765625,0.9974702596664429,0.741819441318512,0.8549113869667053,0.3357000946998596
422,31.67231559753418,0.9989224076271057,0.7389947175979614,0.8507166504859924,0.32942184805870056
423,35.71795654296875,0.9985795617103577,0.7369328141212463,0.8497493267059326,0.33819812536239624
424,33.8151741027832,0.9973599314689636,0.7470765113830566,0.8587436079978943,0.3475678861141205
425,34.430912017822266,0.9987980723381042,0.7302882671356201,0.8414970636367798,0.33668777346611023
426,34.18947219848633,1.0,0.7279250621795654,0.8534960150718689,0.3269505500793457
427,34.24694061279297,1.0,0.7324479818344116,0.8550329804420471,0.3440551459789276
428,34.917110443115234,0.9985119104385376,0.7430068850517273,0.8606412410736084,0.34043148159980774
429,33.79998016357422,0.9991071224212646,0.7281981706619263,0.847953200340271,0.3239118158817291
430,34.60900115966797,0.9973545074462891,0.7336409687995911,0.8469213247299194,0.32785025238990784
431,31.382654190063477,1.0,0.7396834492683411,0.8585560321807861,0.33714285492897034
432,33.46277618408203,0.9987499713897705,0.7328327298164368,0.8547669649124146,0.332947313785553
433,33.286163330078125,0.9979234933853149,0.7421563863754272,0.8665444850921631,0.33065855503082275
434,33.662750244140625,0.9959571361541748,0.7380087971687317,0.8567160367965698,0.33361703157424927
435,33.96476364135742,0.9991554021835327,0.7456600666046143,0.8631918430328369,0.3337142765522003
436,35.94691848754883,0.9967105388641357,0.7407587766647339,0.8595542907714844,0.3452211320400238
437,32.90378189086914,0.9968434572219849,0.7414869070053101,0.849461555480957,0.3333333134651184
438,32.902400970458984,0.9953903555870056,0.731863796710968,0.8409159183502197,0.32826149463653564
439,36.38447189331055,0.9989919662475586,0.7531659603118896,0.8655604124069214,0.35037335753440857
440,32.83651351928711,0.9985119104385376,0.745305061340332,0.8551948070526123,0.3365797698497772
441,33.633724212646484,0.9989919662475586,0.7525408267974854,0.8617586493492126,0.3464183211326599
442,34.48392105102539,0.9987499713897705,0.7533441781997681,0.8650703430175781,0.3474125862121582
443,34.624778747558594,0.9975929260253906,0.7585811614990234,0.869758129119873,0.3490806221961975
444,33.46680450439453,0.997726559638977,0.7543548345565796,0.8582247495651245,0.3363610506057739
445,34.57231903076172,0.9946995973587036,0.7429994344711304,0.8622276186943054,0.3399028778076172
446,35.038673400878906,0.9960756301879883,0.7490048408508301,0.8709321022033691,0.35057803988456726
447,34.87226486206055,0.9988425970077515,0.750224769115448,0.856692910194397,0.3418874144554138
448,34.61409378051758,0.9933353066444397,0.7560811638832092,0.8698948621749878,0.3377068042755127
449,33.34626007080078,0.9989583492279053,0.7491030097007751,0.8674636483192444,0.3568168878555298
450,34.5576171875,1.0,0.7552634477615356,0.8636423945426941,0.34325796365737915
451,32.8299560546875,0.9985119104385376,0.7601568698883057,0.8720663189888,0.3581043481826782
452,34.48169708251953,1.0,0.7612112164497375,0.8720791339874268,0.36209332942962646
453,35.495880126953125,1.0,0.7532023191452026,0.8715107440948486,0.34686875343322754
454,34.23707962036133,1.0,0.755669355392456,0.8771014213562012,0.3609994351863861
455,33.17379379272461,0.9979074001312256,0.7452923059463501,0.8629591464996338,0.3369721472263336
456,35.03020477294922,0.9975714683532715,0.7598962783813477,0.8702954053878784,0.34892788529396057
457,35.39126968383789,1.0,0.7646746039390564,0.8711246252059937,0.35435521602630615
458,35.18468475341797,1.0,0.7660220265388489,0.8798779249191284,0.3675506114959717
459,35.600975036621094,0.9934855699539185,0.7680494785308838,0.8746393918991089,0.35061585903167725
460,32.67231369018555,0.9990234375,0.7709592580795288,0.8809670209884644,0.35884496569633484
461,34.1154899597168,1.0,0.7545566558837891,0.859635055065155,0.3505942225456238
462,35.03665542602539,0.9986978769302368,0.7607302665710449,0.8741072416305542,0.35500428080558777
463,34.79875183105469,1.0,0.780668318271637,0.8814377784729004,0.3619999885559082
464,32.86448669433594,1.0,0.7713897228240967,0.8794587850570679,0.37116652727127075
465,34.48172378540039,0.9977899789810181,0.7426081895828247,0.8504939675331116,0.34466293454170227
466,33.497108459472656,1.0,0.7812764644622803,0.8804951906204224,0.3565957546234131
467,34.756744384765625,0.9964256286621094,0.7595431804656982,0.8640313148498535,0.35505807399749756
468,35.53591537475586,0.9972208738327026,0.7682576775550842,0.8685400485992432,0.3557858467102051
469,32.73933029174805,0.9980202317237854,0.7605006694793701,0.8741671442985535,0.3648377060890198
470,35.602542877197266,0.9957589507102966,0.7701781988143921,0.879525363445282,0.3777219355106354
471,36.00749969482422,0.9989583492279053,0.7671554088592529,0.8710483312606812,0.35996589064598083
472,35.18926239013672,0.9975714683532715,0.7681407928466797,0.8786468505859375,0.36901727318763733
473,33.58701705932617,1.0,0.7700022459030151,0.8757197856903076,0.36520737409591675
474,35.82408142089844,0.9989224076271057,0.7803394198417664,0.884468138217926,0.3652828335762024
475,33.94230270385742,0.9989224076271057,0.7686740159988403,0.8783449530601501,0.3645626902580261
476,34.081398010253906,0.9989583492279053,0.7698014974594116,0.8732455968856812,0.36858609318733215
477,36.12560272216797,0.9974960088729858,0.7818689346313477,0.8904565572738647,0.38320961594581604
478,34.234188079833984,0.9978345632553101,0.7719946503639221,0.8819524049758911,0.35937950015068054
479,34.14574432373047,1.0,0.7727160453796387,0.8746432065963745,0.37426576018333435
480,34.885414123535156,0.9977419376373291,0.7824109792709351,0.8783825635910034,0.3633778989315033
481,34.872528076171875,0.9988425970077515,0.7930108308792114,0.8902896642684937,0.36854058504104614
482,36.80522155761719,0.99671471118927,0.7711061239242554,0.8831472396850586,0.36712488532066345
483,33.8565788269043,0.9986978769302368,0.7730749845504761,0.8729320764541626,0.3654734492301941
484,34.52184295654297,0.9966325759887695,0.7861284017562866,0.8894547820091248,0.3767467737197876
485,33.56671142578125,1.0,0.784527063369751,0.8891379833221436,0.3765607476234436
486,34.711570739746094,0.9986978769302368,0.7726700305938721,0.8878990411758423,0.3693310618400574
487,34.892433166503906,0.9986978769302368,0.7836697101593018,0.8802263736724854,0.38081562519073486
488,34.736412048339844,1.0,0.7637786269187927,0.8867188692092896,0.3640436828136444
489,35.7759895324707,0.9985795617103577,0.776057779788971,0.8891457319259644,0.37351444363594055
490,35.70231246948242,1.0,0.7843748331069946,0.8905444145202637,0.3754962980747223
491,34.76545715332031,1.0,0.786196231842041,0.8976666927337646,0.3805157542228699
492,35.80440139770508,0.9984375238418579,0.7845853567123413,0.8934670686721802,0.369221955537796
493,36.02608108520508,1.0,0.7840703725814819,0.8904861211776733,0.3713884949684143
494,34.333194732666016,1.0,0.7790394425392151,0.8894782066345215,0.36828717589378357
495,37.308650970458984,0.9985795617103577,0.7768994569778442,0.8805913925170898,0.3694722056388855
496,34.611671447753906,0.9988425970077515,0.7879748940467834,0.8882059454917908,0.37610745429992676
497,35.04420471191406,0.9979910850524902,0.7868518829345703,0.8815182447433472,0.36999714374542236
498,35.61703872680664,0.9993622303009033,0.7922378778457642,0.8998547792434692,0.3769941031932831
499,34.844783782958984,0.9977509379386902,0.7891541719436646,0.8924156427383423,0.38380980491638184
500,37.24042892456055,0.9965512752532959,0.780586838722229,0.8963723182678223,0.3684210479259491
501,35.97557830810547,0.9985795617103577,0.7933270931243896,0.8922693133354187,0.3707639276981354
502,34.885704040527344,0.9980728626251221,0.7855182886123657,0.8915697336196899,0.3649328947067261
503,36.287506103515625,0.9988839626312256,0.7833317518234253,0.8940210342407227,0.3764805495738983
504,34.38787078857422,0.9976406693458557,0.7811975479125977,0.8749827742576599,0.3748568296432495
505,35.47740173339844,0.9973776340484619,0.7840014100074768,0.8899818658828735,0.37173226475715637
506,35.02043533325195,0.9989583492279053,0.7921086549758911,0.885220468044281,0.3740282356739044
507,34.853031158447266,1.0,0.7884936332702637,0.8915435075759888,0.3785373866558075
508,38.65495300292969,0.9974361658096313,0.7918602824211121,0.8967511653900146,0.3888888955116272
509,37.12405776977539,0.9971863031387329,0.7876465320587158,0.8930321931838989,0.3834565281867981
510,34.2137336730957,1.0,0.7906656265258789,0.8934310674667358,0.3832232356071472
511,36.02952194213867,0.9990530014038086,0.7890968918800354,0.889937162399292,0.3740634024143219
512,35.37923049926758,0.9973958730697632,0.7963629364967346,0.8977007865905762,0.3875451683998108
513,36.802406311035156,1.0,0.7927224636077881,0.8994347453117371,0.3698005676269531
514,35.007835388183594,0.9989224076271057,0.7987124919891357,0.8944202661514282,0.3849183917045593
515,35.28169631958008,0.9989224076271057,0.7825887799263,0.8934532403945923,0.3836368918418884
516,35.51569747924805,1.0,0.7854944467544556,0.8892625570297241,0.383091539144516
517,33.84151840209961,0.9985795617103577,0.7750890254974365,0.8913371562957764,0.37627118825912476
518,36.63521194458008,1.0,0.7868720293045044,0.8998979926109314,0.3810202479362488
519,36.59011459350586,0.9985119104385376,0.789963960647583,0.8965485095977783,0.384172648191452
520,34.44801330566406,0.9985119104385376,0.7932737469673157,0.8921934366226196,0.3903420567512512
521,35.57945251464844,1.0,0.7899268865585327,0.8843653202056885,0.39261552691459656
522,34.95839309692383,0.9989224076271057,0.7958193421363831,0.9051350355148315,0.3836194574832916
523,36.457366943359375,0.9989919662475586,0.7905198335647583,0.894687831401825,0.3671030104160309
524,35.54798889160156,1.0,0.7857133746147156,0.8923407196998596,0.3832712769508362
525,38.48433303833008,0.9982638955116272,0.799236536026001,0.8972415924072266,0.3990825414657593
526,37.720550537109375,0.99643874168396,0.7880638241767883,0.8994126319885254,0.3817008137702942
527,34.68107986450195,1.0,0.7966392040252686,0.9002850651741028,0.3882419764995575
528,34.3721809387207,0.9978063106536865,0.7967671155929565,0.8974440693855286,0.3874683976173401
529,36.81061935424805,0.9960371255874634,0.7859273552894592,0.8919309973716736,0.37938976287841797
530,34.1856803894043,0.9970170259475708,0.7917333841323853,0.8951359987258911,0.3977591097354889
531,35.764404296875,1.0,0.7914760112762451,0.9040415287017822,0.3860045373439789
532,36.116024017333984,0.9988839626312256,0.7958113551139832,0.906835675239563,0.3732234239578247
533,36.017826080322266,1.0,0.8060733079910278,0.8979159593582153,0.3912290632724762
534,35.84638214111328,1.0,0.7920845746994019,0.8975395560264587,0.3900972902774811
535,35.913475036621094,0.9981695413589478,0.7915734052658081,0.8961893320083618,0.3791842758655548
536,34.5981330871582,0.9967129826545715,0.7942116260528564,0.8918614387512207,0.39322033524513245
537,35.7569580078125,0.9991319179534912,0.7947430610656738,0.9029886722564697,0.39078497886657715
538,34.751800537109375,0.998641312122345,0.7951178550720215,0.8923279047012329,0.38911172747612
539,33.692474365234375,0.9970170259475708,0.7927903532981873,0.9059580564498901,0.3872450590133667
540,36.006771087646484,0.9977419376373291,0.7991659045219421,0.9019435048103333,0.4043028652667999
541,35.49698257446289,1.0,0.7989565134048462,0.912385880947113,0.39937376976013184
542,34.42783737182617,0.9978532791137695,0.798763632774353,0.8981567621231079,0.3859550654888153
543,36.03175735473633,0.9988425970077515,0.7938023209571838,0.9061705470085144,0.3909405469894409
544,35.085514068603516,0.998161792755127,0.813896119594574,0.9044843912124634,0.38924670219421387
545,35.736175537109375,0.998641312122345,0.8001481294631958,0.8948917388916016,0.39053255319595337
546,34.23465347290039,0.9989583492279053,0.7990944385528564,0.9080017805099487,0.396502286195755
547,37.37541961669922,1.0,0.8054813146591187,0.9010943174362183,0.38439470529556274
548,35.688880920410156,0.9976898431777954,0.7855862379074097,0.9013253450393677,0.3904598653316498
549,33.99919128417969,0.9938873648643494,0.797087550163269,0.903218150138855,0.3983694016933441
550,37.837158203125,0.996071457862854,0.8039164543151855,0.9068528413772583,0.4074702858924866
551,36.01637268066406,0.9987980723381042,0.8040206432342529,0.9103260040283203,0.3925631642341614
552,34.963653564453125,0.9985795617103577,0.7899500131607056,0.9042719006538391,0.39925798773765564
553,36.20903015136719,0.9984375238418579,0.8013217449188232,0.9049053192138672,0.4063309133052826
554,36.61890411376953,1.0,0.7890244126319885,0.9055349826812744,0.3986618220806122
555,35.10124588012695,0.9985795617103577,0.7895117998123169,0.8985900282859802,0.3789772689342499
556,35.36871337890625,0.9978955984115601,0.8063325881958008,0.9153218269348145,0.37948572635650635
557,36.5388069152832,0.9973392486572266,0.7999758720397949,0.9034360647201538,0.3975764513015747
558,36.929298400878906,0.9981043338775635,0.7943425178527832,0.9022965431213379,0.38532623648643494
559,35.7562255859375,1.0,0.8020864725112915,0.9068224430084229,0.4062850773334503
560,36.44785690307617,0.9968043565750122,0.7989321947097778,0.8994655609130859,0.3912043571472168
561,34.912052154541016,0.9990234375,0.8099851608276367,0.9051855802536011,0.3892078101634979
562,34.03759002685547,0.9978009462356567,0.8010068535804749,0.9005290865898132,0.3998854160308838
563,34.47718811035156,0.9979300498962402,0.8104908466339111,0.903641939163208,0.3912310302257538
564,35.72071075439453,0.9987980723381042,0.792712390422821,0.9023580551147461,0.3931092917919159
565,35.84640884399414,1.0,0.8089408874511719,0.9032038450241089,0.39914771914482117
566,35.70650863647461,1.0,0.7998378276824951,0.904400110244751,0.4104178547859192
567,36.58377456665039,0.998641312122345,0.8101270198822021,0.9117062091827393,0.39918768405914307
568,35.76077651977539,0.9989583492279053,0.8069536685943604,0.9032947421073914,0.4006640911102295
569,34.571876525878906,0.9975481033325195,0.8082907199859619,0.9067928791046143,0.40979892015457153
570,36.61177062988281,0.9985119104385376,0.8092146515846252,0.8996647000312805,0.41146427392959595
571,34.9068717956543,1.0,0.8138057589530945,0.9093648195266724,0.4026941955089569
572,35.78565979003906,0.997672438621521,0.8023604154586792,0.9087764024734497,0.4090525805950165
573,37.64216995239258,0.9987980723381042,0.8106139898300171,0.9082132577896118,0.4121793210506439
574,36.07923889160156,0.9990234375,0.8062599897384644,0.9025070071220398,0.4029293656349182
575,37.10923385620117,1.0,0.8058829307556152,0.91222083568573,0.4020588994026184
576,35.668182373046875,0.9968262910842896,0.8115322589874268,0.915249764919281,0.4043041467666626
577,37.064605712890625,1.0,0.8133234977722168,0.9149702787399292,0.41418957710266113
578,35.575355529785156,0.9978532791137695,0.8036321401596069,0.9051917195320129,0.40276211500167847
579,36.29494857788086,0.9990530014038086,0.8302468657493591,0.9125672578811646,0.4152013659477234
580,37.0578498840332,1.0,0.8116863965988159,0.9137418270111084,0.40292099118232727
581,37.651180267333984,1.0,0.816775918006897,0.9194087982177734,0.4217981994152069
582,35.713356018066406,0.9964398145675659,0.8180169463157654,0.9155040979385376,0.4199889302253723
583,36.75468444824219,0.998641312122345,0.8134897947311401,0.916827380657196,0.4236760139465332
584,36.04655075073242,0.997726559638977,0.8108029365539551,0.9076101779937744,0.4203766882419586
585,36.085548400878906,1.0,0.8087108135223389,0.9222202897071838,0.4106225073337555
586,34.71272277832031,0.9976203441619873,0.8088692426681519,0.9160239696502686,0.41661956906318665
587,37.51457595825195,1.0,0.8108474016189575,0.9132369756698608,0.42362871766090393
588,37.42302703857422,1.0,0.8148433566093445,0.9151464700698853,0.40097448229789734
589,35.072784423828125,1.0,0.8072100281715393,0.9077169299125671,0.4177905023097992
590,38.30008316040039,0.9973392486572266,0.8152719140052795,0.922813892364502,0.4241468012332916
591,35.727088928222656,0.9989583492279053,0.818004310131073,0.9247040748596191,0.4074488878250122
592,36.236656188964844,0.9978660345077515,0.8173184990882874,0.923170804977417,0.40722960233688354
593,36.6315803527832,0.9967653751373291,0.8190259337425232,0.9160580635070801,0.41376379132270813
594,39.11468505859375,0.9989224076271057,0.8130877017974854,0.9182921051979065,0.4216417670249939
595,34.64588928222656,0.9979878067970276,0.8010225296020508,0.9096169471740723,0.40063363313674927
596,35.59893798828125,1.0,0.8159571886062622,0.9133564233779907,0.4213436543941498
597,37.65959930419922,0.9980202317237854,0.8217465281486511,0.9184422492980957,0.42442357540130615
598,35.769256591796875,0.9975996613502502,0.8172092437744141,0.9109275341033936,0.40421295166015625
599,34.349708557128906,0.9986978769302368,0.8121000528335571,0.9147511720657349,0.41468310356140137
600,37.113529205322266,0.9979817867279053,0.8114602565765381,0.9144341945648193,0.4090398848056793
601,37.18217849731445,0.9981849789619446,0.8136654496192932,0.914696455001831,0.4191819429397583
602,34.12336349487305,0.9974634647369385,0.8165442943572998,0.9216972589492798,0.41107624769210815
603,38.651756286621094,0.9987499713897705,0.8170144557952881,0.9155281186103821,0.417696088552475
604,35.8052978515625,1.0,0.8063952922821045,0.9132497310638428,0.40138012170791626
605,37.580322265625,0.9987980723381042,0.8231276273727417,0.9150748252868652,0.4257812798023224
606,35.671791076660156,0.9939425587654114,0.8170877695083618,0.9112594723701477,0.41050252318382263
607,37.31636428833008,0.9971064925193787,0.8223727345466614,0.9202303886413574,0.4336937963962555
608,37.86368179321289,1.0,0.8241294622421265,0.9206795692443848,0.41645097732543945
609,38.88066101074219,0.9986978769302368,0.8148356080055237,0.9229429364204407,0.4055415391921997
610,38.988746643066406,1.0,0.8228446841239929,0.9148714542388916,0.41607698798179626
611,36.256107330322266,0.9987499713897705,0.8203306198120117,0.9129237532615662,0.41548091173171997
612,35.730735778808594,0.9988425970077515,0.8280267119407654,0.9216408729553223,0.4224507212638855
613,35.89992141723633,0.9984375238418579,0.8229126334190369,0.9119182825088501,0.4182443916797638
614,36.7751579284668,0.9975818395614624,0.8231229186058044,0.9217013120651245,0.4183501899242401
615,36.53343200683594,0.997726559638977,0.8238554000854492,0.9227875471115112,0.42497166991233826
616,37.50822830200195,0.9988425970077515,0.8215140104293823,0.9152960777282715,0.40407469868659973
617,37.66996765136719,1.0,0.8175574541091919,0.9200925827026367,0.4350331127643585
618,34.465145111083984,0.9963182210922241,0.8125611543655396,0.9217026829719543,0.4135749340057373
619,37.04016876220703,1.0,0.8153048753738403,0.9247276782989502,0.4090528190135956
620,33.68064880371094,0.9988425970077515,0.8145397305488586,0.9174449443817139,0.4269886314868927
621,36.70684051513672,0.9970170259475708,0.8220553398132324,0.9297024011611938,0.4294998347759247
622,37.505149841308594,0.9967002868652344,0.8228336572647095,0.9149537086486816,0.424783855676651
623,34.50520324707031,1.0,0.8284926414489746,0.9204893112182617,0.4285714626312256
624,35.75090789794922,0.9966052770614624,0.8192411065101624,0.921014666557312,0.4250565767288208
625,39.60319137573242,0.9979166984558105,0.822975754737854,0.9309222102165222,0.44054746627807617
626,37.36797332763672,1.0,0.8337223529815674,0.9284332394599915,0.442291259765625
627,35.15381622314453,1.0,0.8212462067604065,0.9102690815925598,0.4253237247467041
628,37.09046936035156,0.9987980723381042,0.8240209221839905,0.9257441759109497,0.44416454434394836
629,36.426998138427734,0.9970170259475708,0.823326826095581,0.9265444278717041,0.43543797731399536
630,37.77163314819336,0.9966517686843872,0.8149908781051636,0.9152175188064575,0.432463139295578
631,36.61613845825195,0.9991319179534912,0.8177664279937744,0.9250554442405701,0.4194842278957367
632,36.183746337890625,0.9965871572494507,0.821405291557312,0.9157543182373047,0.43154245615005493
633,36.254032135009766,0.9950566291809082,0.8138325214385986,0.9144225120544434,0.4117482602596283
634,37.73434066772461,0.9980764389038086,0.8129206895828247,0.9325717091560364,0.4175886809825897
635,36.04045104980469,0.9988425970077515,0.8131492137908936,0.9184313416481018,0.42497166991233826
636,34.76425552368164,1.0,0.8133328557014465,0.9176962971687317,0.41014617681503296
637,36.758480072021484,0.9992897510528564,0.8303459882736206,0.9252805113792419,0.4382716119289398
638,36.15913009643555,0.9973958730697632,0.8347733616828918,0.9365940093994141,0.4499151110649109
639,37.19507598876953,0.9963703155517578,0.8325399160385132,0.9305376410484314,0.43606463074684143
640,36.70396041870117,0.998161792755127,0.821150541305542,0.928127646446228,0.4336763918399811
641,37.051239013671875,0.9986978769302368,0.8342514038085938,0.9204035997390747,0.4408046007156372
642,35.92011260986328,1.0,0.8177631497383118,0.9230185747146606,0.4274103343486786
643,35.17314910888672,1.0,0.8218224048614502,0.928572416305542,0.4307169020175934
644,36.279014587402344,0.9985795617103577,0.8219203948974609,0.9231737852096558,0.4385514557361603
645,37.522098541259766,0.9955742359161377,0.8269749879837036,0.9313493967056274,0.43519315123558044
646,36.890193939208984,0.9975818395614624,0.8235510587692261,0.9231550693511963,0.4238067865371704
647,36.21765899658203,0.9959753751754761,0.832841157913208,0.9327359199523926,0.4379029870033264
648,37.41339111328125,0.9986978769302368,0.8254191875457764,0.9178552627563477,0.43039050698280334
649,36.000152587890625,0.9986978769302368,0.8269333839416504,0.9330329895019531,0.43966007232666016
650,35.82813262939453,0.9988839626312256,0.8274784684181213,0.9256736040115356,0.4298447370529175
651,37.098663330078125,0.9986978769302368,0.8193832635879517,0.9193586707115173,0.44111889600753784
652,36.45269012451172,0.9964422583580017,0.8230350613594055,0.9228528141975403,0.44033852219581604
653,36.81295394897461,0.9987499713897705,0.832524836063385,0.9306700229644775,0.4396232068538666
654,36.96739959716797,1.0,0.8406041264533997,0.9194795489311218,0.4417670667171478
655,37.35572052001953,0.9957435727119446,0.8216161131858826,0.9232627153396606,0.4303833842277527
656,36.887107849121094,1.0,0.8225507140159607,0.9251886010169983,0.42985156178474426
657,33.86333084106445,0.9979074001312256,0.8331827521324158,0.9277934432029724,0.44102710485458374
658,36.76087188720703,0.9977115392684937,0.8308613300323486,0.9222424626350403,0.4332386255264282
659,36.026161193847656,0.9989919662475586,0.8293890357017517,0.9309968948364258,0.4333716332912445
660,34.89756393432617,0.9972355365753174,0.8243274688720703,0.9139495491981506,0.41755393147468567
661,36.412261962890625,1.0,0.824013352394104,0.9246281385421753,0.4227551817893982
662,36.76731872558594,0.9977678656578064,0.835555911064148,0.9378374814987183,0.4363274872303009
663,36.18062973022461,0.9990808963775635,0.825188159942627,0.9305256605148315,0.43790483474731445
664,37.08796691894531,0.9986978769302368,0.8339327573776245,0.9325085878372192,0.4311688244342804
665,36.862972259521484,0.9987499713897705,0.8312343955039978,0.9190227389335632,0.4330357313156128
666,35.94419479370117,1.0,0.8209110498428345,0.9266747236251831,0.4396381080150604
667,37.98933792114258,1.0,0.8271735906600952,0.9300885200500488,0.4363274872303009
668,36.89118957519531,0.9979234933853149,0.821593165397644,0.9263885617256165,0.41874462366104126
669,36.05501174926758,0.9970531463623047,0.8253636360168457,0.9255443811416626,0.418973445892334
670,37.13097381591797,1.0,0.832309365272522,0.9279711246490479,0.43420684337615967
671,35.28865051269531,0.9961998462677002,0.8307867050170898,0.9242095947265625,0.4342327117919922
672,37.59605407714844,0.9985795617103577,0.8253331184387207,0.9317241311073303,0.4448874890804291
673,35.53424072265625,1.0,0.8327144384384155,0.9302497506141663,0.440561443567276
674,37.077537536621094,0.9970170259475708,0.8302760124206543,0.9328814744949341,0.4390243887901306
675,38.32670211791992,0.9975996017456055,0.8238609433174133,0.9229806661605835,0.43391454219818115
676,36.5195198059082,1.0,0.8301836252212524,0.9290467500686646,0.4368629455566406
677,35.97700119018555,1.0,0.8249006271362305,0.921934962272644,0.42229729890823364
678,36.703643798828125,1.0,0.8339203596115112,0.9284895062446594,0.4288594424724579
679,36.31792449951172,1.0,0.8342022895812988,0.9300991296768188,0.4428851902484894
680,37.331504821777344,0.998641312122345,0.8188295960426331,0.9185197353363037,0.43066930770874023
681,37.06895446777344,0.998641312122345,0.8274619579315186,0.9323176741600037,0.45150312781333923
682,37.44810485839844,0.9989583492279053,0.8346288204193115,0.9242191910743713,0.43145161867141724
683,35.600311279296875,0.997880756855011,0.829880952835083,0.9294074773788452,0.425086110830307
684,37.233097076416016,0.9977083206176758,0.8326996564865112,0.9290978908538818,0.44272443652153015
685,37.84368133544922,0.996997594833374,0.8255627751350403,0.9349256753921509,0.4391206204891205
686,39.20253372192383,0.9985119104385376,0.829877495765686,0.9269428849220276,0.4417544901371002
687,37.170082092285156,0.9989224076271057,0.8358873128890991,0.9313716888427734,0.44651028513908386
688,37.093162536621094,0.9986978769302368,0.8216243386268616,0.9337095618247986,0.4460741877555847
689,36.87166213989258,0.9952046871185303,0.8273311853408813,0.9346354007720947,0.42845165729522705
690,35.966976165771484,1.0,0.8399144411087036,0.9334786534309387,0.44431817531585693
691,36.23659896850586,0.9987980723381042,0.8310023546218872,0.9297785758972168,0.4458509385585785
692,36.31690979003906,0.995302677154541,0.8346627950668335,0.9272599220275879,0.440345823764801
693,37.922645568847656,0.9985795617103577,0.8289400339126587,0.9303981065750122,0.44643861055374146
694,36.387351989746094,0.9968819618225098,0.8341642618179321,0.9345569610595703,0.44309860467910767
695,35.13551330566406,0.9986978769302368,0.8238920569419861,0.9326627254486084,0.4188646674156189
696,37.968910217285156,0.9965490102767944,0.8240975141525269,0.926328182220459,0.4224706292152405
697,35.59156036376953,0.9943255186080933,0.8356466889381409,0.9288197755813599,0.44463467597961426
698,38.7482795715332,0.9979817867279053,0.840116024017334,0.9334181547164917,0.452340692281723
699,36.327064514160156,0.9974839091300964,0.8292421102523804,0.9268304109573364,0.43483176827430725
700,38.38666534423828,0.9964398145675659,0.8484463691711426,0.9358738660812378,0.45139285922050476
701,36.53200149536133,0.9991776347160339,0.8285272121429443,0.9257427453994751,0.4392816424369812
702,36.81135177612305,0.9976898431777954,0.8444869518280029,0.9275727272033691,0.460696816444397
703,37.601314544677734,0.9991776347160339,0.8328588604927063,0.9315416812896729,0.4333890974521637
704,36.838592529296875,0.9975019693374634,0.8442394733428955,0.9368542432785034,0.44961678981781006
705,35.83108139038086,0.9986978769302368,0.8460246324539185,0.9360299110412598,0.45524078607559204
706,36.97822952270508,1.0,0.8305858969688416,0.9313610196113586,0.4424906075000763
707,36.437259674072266,0.9987499713897705,0.8289719223976135,0.9263162612915039,0.43312814831733704
708,37.06367111206055,0.9987499713897705,0.831723690032959,0.9287156462669373,0.44001126289367676
709,38.558876037597656,0.9987499713897705,0.8381900787353516,0.9300395846366882,0.45112136006355286
710,36.745357513427734,1.0,0.8212944269180298,0.9232057332992554,0.4387725591659546
711,35.1745491027832,0.997830867767334,0.8222559690475464,0.9222429990768433,0.4368210434913635
712,35.809452056884766,1.0,0.8337405920028687,0.9231711626052856,0.4517037570476532
713,37.494598388671875,0.9986978769302368,0.8263412714004517,0.927844226360321,0.4272419810295105
714,35.532318115234375,0.9989583492279053,0.8423690795898438,0.9220483303070068,0.43380680680274963
715,37.68573760986328,0.9985795617103577,0.8400337100028992,0.935822069644928,0.43254080414772034
716,37.05436706542969,1.0,0.8329012393951416,0.9316996335983276,0.44277024269104004
717,37.057899475097656,0.9965150356292725,0.8329611420631409,0.931207001209259,0.4368770718574524
718,36.30245590209961,0.9987980723381042,0.8309825658798218,0.9318761825561523,0.44797277450561523
719,37.351890563964844,0.9987499713897705,0.8244109749794006,0.92552649974823,0.4432140588760376
720,38.11574935913086,1.0,0.8403283357620239,0.9289684295654297,0.44135358929634094
721,37.3381233215332,0.9989224076271057,0.8442347049713135,0.93719482421875,0.4390106797218323
722,35.55121994018555,0.9975961446762085,0.8240067362785339,0.9246983528137207,0.4370056688785553
723,35.469520568847656,1.0,0.8373472094535828,0.9345492124557495,0.43049582839012146
724,33.89636993408203,0.9990808963775635,0.8283735513687134,0.9279073476791382,0.44203314185142517
725,35.976478576660156,0.9989224076271057,0.8318509459495544,0.932288646697998,0.44829562306404114
726,35.22273635864258,0.9994103908538818,0.8342130184173584,0.9307674169540405,0.448750376701355
727,36.43144607543945,0.9989919662475586,0.8401798009872437,0.9357271790504456,0.45084747672080994
728,37.97471237182617,0.9954761862754822,0.8308868408203125,0.9311220645904541,0.4352140426635742
729,36.476112365722656,0.997830867767334,0.8346149325370789,0.9292780160903931,0.44565215706825256
730,38.16023254394531,0.9983552694320679,0.8437220454216003,0.9332723617553711,0.4456302225589752
731,37.67409133911133,0.9989224076271057,0.8323783278465271,0.9343686103820801,0.43815863132476807
732,36.44892883300781,0.9990234375,0.8428736329078674,0.9340696334838867,0.4441293179988861
733,38.47303771972656,0.9988425970077515,0.8329181671142578,0.9239351153373718,0.43081313371658325
734,36.2642707824707,0.9992377758026123,0.8386546969413757,0.933259129524231,0.43618232011795044
735,36.04719543457031,0.9970170259475708,0.836073637008667,0.933043360710144,0.4466101825237274
736,36.685089111328125,1.0,0.8366040587425232,0.9294331073760986,0.44908320903778076
737,35.92738723754883,0.9974479079246521,0.82928466796875,0.934107780456543,0.4468633532524109
738,36.91868591308594,0.9983552694320679,0.8472866415977478,0.9261071681976318,0.4491840898990631
739,36.951210021972656,1.0,0.8308990001678467,0.9363054037094116,0.43823444843292236
740,36.39980697631836,1.0,0.8415820598602295,0.9377454519271851,0.4508265554904938
741,36.760589599609375,0.9974960088729858,0.8370353579521179,0.9406924247741699,0.4560112953186035
742,36.35334396362305,0.9980033040046692,0.8476759791374207,0.9371939897537231,0.4468386769294739
743,36.543190002441406,0.9976867437362671,0.839485228061676,0.9400498867034912,0.4507445693016052
744,37.85493469238281,0.9987499713897705,0.8313744068145752,0.9257326126098633,0.4460741877555847
745,37.87729263305664,0.9980713129043579,0.8380195498466492,0.9286428689956665,0.44349029660224915
746,37.10331726074219,1.0,0.8367063999176025,0.9363584518432617,0.45405247807502747
747,37.63480758666992,1.0,0.8341591954231262,0.9422054290771484,0.44713592529296875
748,37.44089126586914,0.9992377758026123,0.8458178043365479,0.9401694536209106,0.45690637826919556
749,36.44572830200195,0.9940532445907593,0.8449083566665649,0.9336739778518677,0.4512229263782501
750,38.176700592041016,0.9986978769302368,0.8387467861175537,0.9358205199241638,0.4553167521953583
751,38.70421600341797,0.9987499713897705,0.8414942026138306,0.9373840093612671,0.45563483238220215
752,35.44113540649414,0.9985795617103577,0.8326234221458435,0.930787980556488,0.4402642250061035
753,35.83800506591797,0.9989583492279053,0.8334610462188721,0.9243725538253784,0.44399771094322205
754,33.55067443847656,0.998160183429718,0.8335207104682922,0.923851490020752,0.4530988037586212
755,35.28639221191406,0.9988839626312256,0.8469398617744446,0.937113344669342,0.4546738266944885
756,36.853145599365234,0.9987980723381042,0.823897123336792,0.9333168268203735,0.4391911029815674
757,36.11913299560547,1.0,0.8415524959564209,0.9275739192962646,0.45710185170173645
758,35.4900016784668,0.9984375238418579,0.8269977569580078,0.9376274347305298,0.46024638414382935
759,37.70981216430664,0.9987980723381042,0.8516815900802612,0.9362936615943909,0.4590071141719818
760,37.16048049926758,0.9985795617103577,0.8376485705375671,0.9326298832893372,0.45206260681152344
761,36.67670440673828,1.0,0.845128059387207,0.9376877546310425,0.45969125628471375
762,37.082340240478516,0.9986978769302368,0.8405632972717285,0.9328112602233887,0.4594285786151886
763,37.54740905761719,0.9978758692741394,0.8307614922523499,0.9360742568969727,0.4603709876537323
764,35.51481628417969,0.9975818395614624,0.8276126384735107,0.9366722106933594,0.44062498211860657
765,38.64277648925781,1.0,0.8395224809646606,0.9344985485076904,0.45518800616264343
766,37.809326171875,0.9987499713897705,0.8396880626678467,0.940365195274353,0.45695367455482483
767,37.015541076660156,1.0,0.8348636627197266,0.9373973608016968,0.4590778052806854
768,36.68777847290039,0.9981192350387573,0.8266932964324951,0.9303061962127686,0.446956992149353
769,36.4373664855957,0.9988425970077515,0.845858097076416,0.9410282373428345,0.45130980014801025
770,38.58137893676758,1.0,0.844318151473999,0.9413625001907349,0.4552914500236511
771,36.600677490234375,1.0,0.8415063619613647,0.9404563903808594,0.46056419610977173
772,38.403038024902344,0.9983552694320679,0.8380769491195679,0.936542272567749,0.464046835899353
773,36.81947708129883,0.993222713470459,0.8454630970954895,0.9396393299102783,0.45935994386672974
774,36.83868408203125,0.9956310391426086,0.815952479839325,0.9251172542572021,0.4338277280330658
775,36.531166076660156,0.9970486164093018,0.8371424078941345,0.9304296970367432,0.46467235684394836
776,35.91085433959961,0.9990530014038086,0.8432521820068359,0.9344121217727661,0.46032655239105225
777,37.16069412231445,0.9963541626930237,0.838762104511261,0.9354326725006104,0.4528883993625641
778,37.322242736816406,0.9977222084999084,0.8333828449249268,0.9241107106208801,0.4420661926269531
779,37.7990837097168,0.9978571534156799,0.8536815047264099,0.9361177682876587,0.46151670813560486
780,37.28540802001953,0.998641312122345,0.8310810327529907,0.9417186975479126,0.4466075301170349
781,37.81885528564453,0.998641312122345,0.843917191028595,0.949266791343689,0.47353196144104004
782,37.86662673950195,0.9961087107658386,0.839450478553772,0.9381148815155029,0.46405595541000366
783,37.35334014892578,0.9978345632553101,0.8381759524345398,0.9380264282226562,0.4664020240306854
784,37.40092468261719,0.9989583492279053,0.8319149017333984,0.933972954750061,0.4594900906085968
785,39.144142150878906,1.0,0.8425092101097107,0.9458633661270142,0.46804240345954895
786,37.61198806762695,0.9993055462837219,0.8380961418151855,0.9398500919342041,0.4537815451622009
787,35.8702278137207,0.996321976184845,0.8444159030914307,0.9464185237884521,0.4614730775356293
788,37.285858154296875,0.9990234375,0.8496776819229126,0.9387129545211792,0.46382981538772583
789,38.18998336791992,1.0,0.8359056115150452,0.931699275970459,0.4519999921321869
790,37.722957611083984,0.997672438621521,0.8423775434494019,0.9395265579223633,0.4688844084739685
791,37.3679084777832,0.9978609085083008,0.8398762941360474,0.9257087707519531,0.4564851224422455
792,37.543209075927734,0.9972774982452393,0.8445627689361572,0.9314242005348206,0.456145316362381
793,37.31294250488281,0.9971978664398193,0.8497885465621948,0.9341472387313843,0.46875
794,36.45509338378906,0.9981305599212646,0.8340445756912231,0.9294054508209229,0.4681337773799896
795,36.518741607666016,0.9961843490600586,0.8347796201705933,0.9310851693153381,0.45949840545654297
796,38.821434020996094,0.997255802154541,0.8431237936019897,0.9376453757286072,0.471787691116333
797,38.41808319091797,1.0,0.8510124087333679,0.9381108283996582,0.46849390864372253
798,37.67497634887695,0.9985119104385376,0.8467904329299927,0.9411798715591431,0.47180503606796265
799,37.62532043457031,1.0,0.8505832552909851,0.9415186643600464,0.4606095552444458
800,37.34366989135742,0.9975000023841858,0.8358677625656128,0.9404867887496948,0.4716242849826813
801,38.18890380859375,1.0,0.8546984791755676,0.9356923699378967,0.4616906940937042
802,38.51606750488281,0.9962121248245239,0.836917519569397,0.9329812526702881,0.4592592418193817
803,37.66366195678711,0.9983552694320679,0.8439733386039734,0.9418832659721375,0.4659970998764038
804,38.702903747558594,0.9991319179534912,0.8512767553329468,0.9407225847244263,0.48172658681869507
805,38.430145263671875,0.9981602430343628,0.8394284248352051,0.9488308429718018,0.45171254873275757
806,34.9169807434082,0.9991071224212646,0.8401703834533691,0.9393647909164429,0.45662614703178406
807,35.89006042480469,0.995407223701477,0.854335367679596,0.9468238949775696,0.4512471854686737
808,38.74871063232422,0.9988839626312256,0.8408445715904236,0.9400686025619507,0.4713302552700043
809,36.79874801635742,1.0,0.841460645198822,0.9384787082672119,0.4518176317214966
810,37.76724624633789,1.0,0.8520338535308838,0.9362097978591919,0.47144052386283875
811,37.75796890258789,1.0,0.8578303456306458,0.9408611059188843,0.47030404210090637
812,37.71590042114258,1.0,0.8519088625907898,0.9419819116592407,0.4764457046985626
813,38.38835144042969,0.9974343180656433,0.8351972103118896,0.9406381845474243,0.4525526463985443
814,36.887821197509766,0.9977650046348572,0.850405216217041,0.9468070268630981,0.46048590540885925
815,37.334232330322266,0.9972774982452393,0.8426989316940308,0.9339427947998047,0.46334561705589294
816,36.678802490234375,0.9989224076271057,0.8495921492576599,0.940543532371521,0.4475405216217041
817,38.40900802612305,1.0,0.8406819105148315,0.938675045967102,0.4565279483795166
818,37.67551040649414,0.9958717823028564,0.838773787021637,0.9393203258514404,0.45195627212524414
819,36.229713439941406,0.9972012042999268,0.8395892381668091,0.9355082511901855,0.44369179010391235
820,39.09010314941406,0.9989224076271057,0.8395164012908936,0.9442155361175537,0.4555680751800537
821,38.33940124511719,0.9965659379959106,0.8487411737442017,0.9340035915374756,0.46265265345573425
822,34.195884704589844,1.0,0.8436365127563477,0.9378572702407837,0.4542333781719208
823,38.95297622680664,0.9985795617103577,0.8404146432876587,0.947111189365387,0.47155171632766724
824,37.58248519897461,0.9982638955116272,0.8498184084892273,0.9482803344726562,0.4642656147480011
825,37.82312774658203,0.9975252151489258,0.8548933267593384,0.9432249665260315,0.4504097104072571
826,36.286827087402344,0.9963060617446899,0.8437093496322632,0.9402451515197754,0.4636004567146301
827,36.957252502441406,0.9988839626312256,0.8441110253334045,0.9418171644210815,0.4637722969055176
828,38.086448669433594,0.9989224076271057,0.8458928465843201,0.9425872564315796,0.4670221507549286
829,36.45825958251953,0.9990530014038086,0.8331667184829712,0.9382026195526123,0.47013869881629944
830,38.584449768066406,1.0,0.8528497219085693,0.9450144171714783,0.4742063581943512
831,39.4316291809082,1.0,0.858460545539856,0.9437156915664673,0.48801615834236145
832,39.77392578125,1.0,0.8481435179710388,0.932782769203186,0.459002286195755
833,39.66983413696289,0.9971874952316284,0.8479306697845459,0.9395678639411926,0.45224007964134216
834,37.10452651977539,0.9989583492279053,0.8518551588058472,0.9384812712669373,0.4880248010158539
835,37.55562210083008,1.0,0.8601930141448975,0.938614010810852,0.475932776927948
836,37.31370162963867,1.0,0.8450464606285095,0.9388411045074463,0.4656205475330353
837,37.52223587036133,0.9990808963775635,0.8374280333518982,0.9322506785392761,0.46067413687705994
838,38.8393669128418,0.9973958134651184,0.8447877168655396,0.9414892792701721,0.46476510167121887
839,35.40293884277344,1.0,0.8432755470275879,0.9355826377868652,0.4640226662158966
840,37.10062789916992,0.9961971044540405,0.841862678527832,0.9436253309249878,0.46407440304756165
841,37.757469177246094,0.9987499713897705,0.8357573747634888,0.9398338198661804,0.469046950340271
842,38.37745666503906,0.9937087893486023,0.8522334098815918,0.9483383893966675,0.45852020382881165
843,39.56704330444336,0.9985795617103577,0.8433660268783569,0.9399436712265015,0.4670422673225403
844,37.46033477783203,0.9975000023841858,0.8352688550949097,0.943118691444397,0.4481280446052551
845,36.64515686035156,0.9989224076271057,0.8433933854103088,0.9392927885055542,0.46438828110694885
846,39.63369369506836,0.9991776347160339,0.8522159457206726,0.9471476078033447,0.4649699628353119
847,36.44742965698242,1.0,0.8512355089187622,0.9438824653625488,0.4595660865306854
848,36.804447174072266,0.9973710775375366,0.8575090765953064,0.9467426538467407,0.4815024137496948
849,38.852027893066406,0.996976912021637,0.8551044464111328,0.9480412006378174,0.4675583243370056
850,38.266685485839844,0.9956767559051514,0.8427491784095764,0.9438630938529968,0.4738338887691498
851,38.31517028808594,0.9985795617103577,0.844944953918457,0.9468896985054016,0.45564866065979004
852,36.863948822021484,0.9968390464782715,0.8473748564720154,0.9464060068130493,0.47478407621383667
853,36.825069427490234,0.9977787733078003,0.840593159198761,0.9403915405273438,0.4616038501262665
854,37.69765090942383,0.9989224076271057,0.8507832288742065,0.9434072971343994,0.47095492482185364
855,35.53104782104492,0.9961884021759033,0.8502410054206848,0.9389252662658691,0.46264782547950745
856,38.21623229980469,0.9990530014038086,0.8432846069335938,0.9420194029808044,0.4652661383152008
857,38.579566955566406,0.9985119104385376,0.832603931427002,0.9388777017593384,0.4550309181213379
858,38.88516616821289,0.9959843754768372,0.8399075269699097,0.9478034973144531,0.45944395661354065
859,39.40843200683594,0.9974960088729858,0.8502292037010193,0.9468289613723755,0.48020654916763306
860,38.520416259765625,0.9988425970077515,0.8449477553367615,0.9402435421943665,0.4662471115589142
861,37.694793701171875,0.9974393844604492,0.8475735187530518,0.9458894729614258,0.47002533078193665
862,36.011199951171875,0.9977787733078003,0.845980167388916,0.9447630047798157,0.465668261051178
863,36.83735275268555,0.9962409734725952,0.8541701436042786,0.9359807968139648,0.4757721722126007
864,37.891441345214844,0.9974905252456665,0.8411258459091187,0.9459547996520996,0.469796746969223
865,37.67788314819336,1.0,0.8467202186584473,0.9342329502105713,0.4615384638309479
866,37.6271858215332,0.997592568397522,0.837785005569458,0.938184916973114,0.4769273102283478
867,36.687068939208984,1.0,0.8372669219970703,0.9400297403335571,0.46313101053237915
868,36.10158157348633,0.9984375238418579,0.8536785840988159,0.9442724585533142,0.4687677323818207
869,37.310359954833984,1.0,0.8524571657180786,0.9383041262626648,0.4620887339115143
870,37.23731231689453,0.9962384104728699,0.8404408693313599,0.9375473260879517,0.4496210813522339
871,38.35635757446289,0.9990234375,0.8535249829292297,0.9450896382331848,0.46177801489830017
872,39.22291946411133,1.0,0.8526264429092407,0.9487816095352173,0.4729304015636444
873,36.26198959350586,0.9990234375,0.841742217540741,0.9348849654197693,0.4633867144584656
874,37.5260124206543,0.9967734813690186,0.8441736102104187,0.9356800317764282,0.463148832321167
875,37.59833526611328,0.9987499713897705,0.8472656011581421,0.9361854791641235,0.4723857343196869
876,37.78654861450195,0.9974343180656433,0.856316328048706,0.9431459903717041,0.46476083993911743
877,38.039649963378906,0.9983552694320679,0.8561416864395142,0.9460545778274536,0.47778093814849854
878,37.22184753417969,0.9959512948989868,0.8480045795440674,0.9489378333091736,0.4758087694644928
879,38.28876495361328,0.9992377758026123,0.8418488502502441,0.9495390057563782,0.47353196144104004
880,37.30781936645508,0.9979878067970276,0.8416800498962402,0.9453459978103638,0.46869805455207825
881,37.148258209228516,0.9986978769302368,0.847341775894165,0.9454455971717834,0.47237175703048706
882,37.406700134277344,0.9978345632553101,0.8493362069129944,0.9433951377868652,0.4678295850753784
883,38.341156005859375,1.0,0.8490573763847351,0.9403623342514038,0.47548457980155945
884,36.94843673706055,0.9990808963775635,0.8508039712905884,0.9452291131019592,0.4792196750640869
885,37.77641296386719,0.9970697164535522,0.847899317741394,0.9436638355255127,0.4612567126750946
886,38.450347900390625,0.9976406693458557,0.847291886806488,0.945875346660614,0.47599998116493225
887,38.293312072753906,0.9954949617385864,0.8491863012313843,0.9369069337844849,0.47594502568244934
888,37.30986022949219,0.9979166984558105,0.857657790184021,0.9492281675338745,0.4671448767185211
889,37.7061653137207,0.9966230988502502,0.8460767269134521,0.9378145933151245,0.47045645117759705
890,37.26412582397461,0.9969696998596191,0.8523725271224976,0.9428974390029907,0.48388922214508057
891,37.91614532470703,0.9988839626312256,0.851615309715271,0.9451862573623657,0.454365074634552
892,37.386314392089844,0.9987980723381042,0.8432772159576416,0.9422318339347839,0.469153493642807
893,38.270477294921875,1.0,0.8557547330856323,0.9399401545524597,0.47983869910240173
894,35.30533981323242,0.9979143142700195,0.844590425491333,0.9323070049285889,0.46912211179733276
895,38.08079528808594,0.9966187477111816,0.8528066277503967,0.9436811208724976,0.4713756740093231
896,37.047645568847656,0.9961276054382324,0.8503620028495789,0.9418457746505737,0.474179744720459
897,37.71332550048828,1.0,0.8480628728866577,0.9433078765869141,0.4623287618160248
898,36.90726852416992,0.9988425970077515,0.8474417924880981,0.9463343024253845,0.47073718905448914
899,34.97317886352539,0.9971533417701721,0.8441692590713501,0.946901798248291,0.4842909872531891
900,36.703285217285156,0.9986978769302368,0.8450775146484375,0.9441103935241699,0.4769230782985687
901,38.43108367919922,1.0,0.8501877188682556,0.9363659620285034,0.478808730840683
902,37.6629638671875,0.9970052242279053,0.8476190567016602,0.9412821531295776,0.4789625406265259
903,37.832298278808594,1.0,0.8567867279052734,0.9469623565673828,0.4671309292316437
904,38.73671340942383,0.998641312122345,0.8482130169868469,0.9422867298126221,0.46725013852119446
905,37.546756744384766,1.0,0.8430651426315308,0.9476057291030884,0.4759465157985687
906,36.1260986328125,0.9988839626312256,0.8473098874092102,0.9397252798080444,0.4768744707107544
907,38.662540435791016,1.0,0.8547338843345642,0.9454703330993652,0.47672465443611145
908,36.8344612121582,0.9990808963775635,0.8470664024353027,0.9420202970504761,0.47123831510543823
909,38.27431869506836,0.9975996613502502,0.851594090461731,0.9457047581672668,0.47754406929016113
910,37.851680755615234,0.9969494342803955,0.8582929372787476,0.9493492245674133,0.49185481667518616
911,36.938438415527344,0.9987499713897705,0.8410958647727966,0.941657543182373,0.4677142798900604
912,39.70726776123047,0.996098518371582,0.8591254949569702,0.9520696401596069,0.47498592734336853
913,36.65624237060547,0.9966724514961243,0.855547308921814,0.9529683589935303,0.47613635659217834
914,39.24054718017578,0.9989224076271057,0.857123076915741,0.9450433850288391,0.4928027093410492
915,37.96527099609375,0.9989919662475586,0.8545758128166199,0.9462937116622925,0.4895145297050476
916,36.81652069091797,0.997664749622345,0.8518551588058472,0.9480395317077637,0.4783487319946289
917,36.340126037597656,1.0,0.8612746596336365,0.9512970447540283,0.5022309422492981
918,39.2335090637207,1.0,0.8501533269882202,0.9410249590873718,0.4796701967716217
919,37.87027359008789,0.9987499713897705,0.8454375267028809,0.9422438144683838,0.45984163880348206
920,37.67372131347656,0.9988425970077515,0.8625412583351135,0.9438586235046387,0.47768503427505493
921,38.38684844970703,0.9971978664398193,0.851956844329834,0.9435002207756042,0.4806244671344757
922,36.1602897644043,1.0,0.847502589225769,0.9409831762313843,0.4638502895832062
923,37.999755859375,0.998641312122345,0.8560219407081604,0.9496104121208191,0.4611000418663025
924,37.568668365478516,0.9982143044471741,0.8634573221206665,0.9491859674453735,0.4845978617668152
925,37.259559631347656,0.9946143627166748,0.8462061285972595,0.9395864009857178,0.4777015447616577
926,37.45826721191406,1.0,0.8544940948486328,0.9392899870872498,0.47434818744659424
927,37.36516571044922,0.9977678656578064,0.8538112640380859,0.9460469484329224,0.4868796467781067
928,39.53297424316406,0.9976943731307983,0.8589812517166138,0.9469677209854126,0.4934844374656677
929,37.545894622802734,1.0,0.8528411984443665,0.9448834657669067,0.4850042760372162
930,37.11119842529297,1.0,0.8496547341346741,0.9469534158706665,0.4814707636833191
931,37.47613525390625,0.9975537061691284,0.8527200818061829,0.942926824092865,0.47930648922920227
932,38.63803482055664,0.9991319179534912,0.846400797367096,0.9406948089599609,0.4882403016090393
933,36.337181091308594,0.9970145225524902,0.8545269966125488,0.9523455500602722,0.4693877696990967
934,37.11067581176758,1.0,0.8504739999771118,0.9422916769981384,0.4812374711036682
935,35.68817901611328,1.0,0.859710693359375,0.9455556869506836,0.4716610908508301
936,38.42656707763672,0.9990808963775635,0.8503394722938538,0.9428927302360535,0.473191499710083
937,36.07640838623047,0.9977678656578064,0.8507413268089294,0.9441816210746765,0.47110483050346375
938,36.19070053100586,0.9972097873687744,0.8560675382614136,0.9547976851463318,0.4652757942676544
939,35.6545295715332,0.9986978769302368,0.8562119603157043,0.9449512958526611,0.4899483025074005
940,38.3307991027832,0.9993749856948853,0.8587090969085693,0.9446290731430054,0.47558924555778503
941,37.08176040649414,1.0,0.8478633761405945,0.9510825872421265,0.47971633076667786
942,36.34823989868164,1.0,0.8413268327713013,0.9363034963607788,0.47371411323547363
943,35.98598861694336,0.9989224076271057,0.8642321825027466,0.9516405463218689,0.48284733295440674
944,37.234012603759766,0.9987980723381042,0.8464633226394653,0.9476593136787415,0.47824832797050476
945,37.04579544067383,1.0,0.8598039746284485,0.9482300281524658,0.4994394779205322
946,38.47134017944336,0.9989583492279053,0.8617298007011414,0.9488604664802551,0.46849390864372253
947,36.76738739013672,0.9980449676513672,0.8524088859558105,0.9430148601531982,0.48157596588134766
948,39.863731384277344,0.9987980723381042,0.8632304668426514,0.9521045088768005,0.4921000003814697
949,37.86432647705078,0.9985119104385376,0.8495808243751526,0.9488773345947266,0.476656436920166
950,39.861351013183594,0.9988839626312256,0.8638082146644592,0.9454364776611328,0.4752335250377655
951,38.251216888427734,0.9989919662475586,0.871412992477417,0.9542373418807983,0.4840637445449829
952,39.09174346923828,1.0,0.8636613488197327,0.9555116891860962,0.48204541206359863
953,37.87590408325195,0.9989583492279053,0.8533300161361694,0.9506275653839111,0.48272886872291565
954,37.99909973144531,0.9984375238418579,0.8541104793548584,0.9522073268890381,0.4851207435131073
955,35.459922790527344,0.9974960088729858,0.850983202457428,0.9445710778236389,0.4806551933288574
956,37.025142669677734,0.9989919662475586,0.864139199256897,0.9486482739448547,0.4892168343067169
957,39.64020538330078,1.0,0.8559794425964355,0.9501417875289917,0.4845183193683624
958,38.33494567871094,1.0,0.8617104887962341,0.946979820728302,0.4890553057193756
959,37.144073486328125,0.9988425970077515,0.8557771444320679,0.9473377466201782,0.48407819867134094
960,37.4286003112793,0.9990808963775635,0.8535869121551514,0.9478057622909546,0.47662225365638733
961,38.24217987060547,1.0,0.8554023504257202,0.9514409303665161,0.4778311252593994
962,38.74823760986328,1.0,0.8514804840087891,0.9562488794326782,0.4878752827644348
963,38.038536071777344,1.0,0.8587377071380615,0.9487994313240051,0.48368197679519653
964,37.43134689331055,0.997672438621521,0.8545018434524536,0.9502571821212769,0.4860953688621521
965,36.55136489868164,0.9974839091300964,0.8537572026252747,0.9514681696891785,0.4862411618232727
966,38.33143997192383,1.0,0.8469538688659668,0.945547342300415,0.48521390557289124
967,38.702880859375,1.0,0.8556308746337891,0.9511591196060181,0.49482461810112
968,37.159297943115234,1.0,0.8541268110275269,0.9403826594352722,0.48447203636169434
969,37.34739685058594,0.9989583492279053,0.8578757047653198,0.9485927224159241,0.48017990589141846
970,37.1741943359375,0.9991071224212646,0.8471177220344543,0.9441229701042175,0.4756479561328888
971,36.65601348876953,0.9978345632553101,0.8486396074295044,0.9491735696792603,0.4855838119983673
972,38.57993698120117,1.0,0.8537427186965942,0.9480654001235962,0.4956945776939392
973,36.20591354370117,0.9961938858032227,0.8570016026496887,0.9412372708320618,0.4880315363407135
974,38.1160888671875,1.0,0.8493982553482056,0.9493507146835327,0.4887133240699768
975,37.505043029785156,0.9985795617103577,0.8578548431396484,0.951468825340271,0.4916642904281616
976,39.33015823364258,0.9963445663452148,0.8473544120788574,0.9394848346710205,0.47025007009506226
977,38.607704162597656,0.9958282709121704,0.8563929200172424,0.9500955939292908,0.4754420220851898
978,39.846248626708984,0.998641312122345,0.8650064468383789,0.9453616738319397,0.4787655472755432
979,38.349185943603516,1.0,0.8584095239639282,0.9416670799255371,0.4814605414867401
980,38.064430236816406,1.0,0.8438175320625305,0.9429406523704529,0.47202998399734497
981,37.21528244018555,0.9980654716491699,0.8615713119506836,0.946510910987854,0.4706219434738159
982,37.75900650024414,1.0,0.8665248155593872,0.9541927576065063,0.4947755038738251
983,36.29889678955078,1.0,0.8555372357368469,0.9499205350875854,0.4847038686275482
984,38.219200134277344,0.9989919662475586,0.8517889976501465,0.9483675956726074,0.4772922098636627
985,38.08124542236328,0.9989583492279053,0.8578563332557678,0.9364905953407288,0.4804898798465729
986,38.453453063964844,1.0,0.8506581783294678,0.9510582685470581,0.475079208612442
987,37.57993698120117,0.9975961446762085,0.8674686551094055,0.9504836201667786,0.48388904333114624
988,38.733760833740234,0.9980902671813965,0.8573760986328125,0.9459550380706787,0.4910890758037567
989,38.099525451660156,0.9970644116401672,0.8557474613189697,0.9476704597473145,0.4826614260673523
990,38.21784973144531,0.9990808963775635,0.8572720289230347,0.9437564015388489,0.48890167474746704
991,37.978057861328125,0.9974393844604492,0.852737307548523,0.9462019801139832,0.4773109555244446
992,37.810909271240234,1.0,0.8608753681182861,0.9582375288009644,0.4855932295322418
993,37.36922836303711,0.9988425970077515,0.8638516664505005,0.9512066841125488,0.48912420868873596
994,37.60558319091797,1.0,0.8554885387420654,0.9504612684249878,0.47947174310684204
995,37.23623275756836,0.9987980723381042,0.8557245135307312,0.9542492628097534,0.49885714054107666
996,37.17469024658203,0.9987980723381042,0.8627349138259888,0.9506390690803528,0.4898534119129181
997,38.74076843261719,0.9972873330116272,0.8487990498542786,0.9419122934341431,0.47969546914100647
998,37.40578842163086,0.9991776347160339,0.8521647453308105,0.9487884044647217,0.4833475947380066
999,37.63711166381836,0.9980392456054688,0.8617108464241028,0.9476470947265625,0.4899176359176636
1000,37.715267181396484,0.9983306527137756,0.8632677793502808,0.9454778432846069,0.497545450925827
1001,40.27337646484375,1.0,0.8522224426269531,0.9502840042114258,0.4702762961387634
1002,38.94302749633789,1.0,0.8563776016235352,0.9543581604957581,0.4893617331981659
1003,37.658447265625,0.994678258895874,0.8611451387405396,0.9526346921920776,0.4885431230068207
1004,38.423667907714844,0.9988839626312256,0.8559073209762573,0.9443913698196411,0.48369407653808594
1005,35.69642639160156,0.9983108043670654,0.854274570941925,0.9518784284591675,0.48392507433891296
1006,37.281490325927734,0.9970619678497314,0.8553414940834045,0.946861207485199,0.4815545082092285
1007,37.95158767700195,0.9969618320465088,0.8543316125869751,0.9421079754829407,0.4714818000793457
1008,38.27983474731445,0.9974839091300964,0.8599603772163391,0.9541864395141602,0.48897165060043335
1009,35.9997673034668,0.9979166984558105,0.8704534769058228,0.9526340365409851,0.49627506732940674
1010,36.20187759399414,1.0,0.8541253805160522,0.948632001876831,0.47719594836235046
1011,36.50878143310547,0.9949954748153687,0.8437395095825195,0.946058452129364,0.4786662757396698
1012,36.08034896850586,0.9949839115142822,0.8574960231781006,0.9553406238555908,0.49745044112205505
1013,39.03293228149414,0.9990234375,0.8612477779388428,0.9462941884994507,0.4818415939807892
1014,38.91728591918945,0.9973776340484619,0.8743960857391357,0.9561658501625061,0.5166522264480591
1015,35.81264877319336,0.9989583492279053,0.861125648021698,0.9403313994407654,0.46995291113853455
1016,37.11334228515625,0.9989919662475586,0.8629642128944397,0.9446992874145508,0.48080751299858093
1017,37.22725296020508,0.9949128031730652,0.8512477874755859,0.9467481374740601,0.48443689942359924
1018,38.65187454223633,0.9972801208496094,0.8571714758872986,0.9569504261016846,0.48321375250816345
1019,38.246726989746094,1.0,0.8590731024742126,0.9583105444908142,0.48876404762268066
1020,38.136749267578125,0.9986978769302368,0.8499170541763306,0.9518955945968628,0.47850680351257324
1021,38.89202117919922,0.9947410821914673,0.8499123454093933,0.9514838457107544,0.4881054759025574
1022,37.308746337890625,0.9986978769302368,0.8620657920837402,0.9594061374664307,0.49942824244499207
1023,38.39773178100586,0.998641312122345,0.8551316857337952,0.9515525102615356,0.48352906107902527
1024,38.84751892089844,0.9987499713897705,0.8636231422424316,0.952335000038147,0.49467194080352783
1025,39.58241653442383,0.9955627918243408,0.8574755191802979,0.9478727579116821,0.5053855180740356
1026,39.18669891357422,0.9955365657806396,0.863707423210144,0.9452992677688599,0.4874258041381836
1027,37.51985168457031,0.9987499713897705,0.8554545640945435,0.9507354497909546,0.48671048879623413
1028,36.82061004638672,0.9969618320465088,0.8481721878051758,0.9436287879943848,0.4662240147590637
1029,38.492469787597656,1.0,0.859589695930481,0.9498564600944519,0.49431344866752625
1030,40.28215408325195,0.9987980723381042,0.8579996824264526,0.9451027512550354,0.49701789021492004
1031,38.46311569213867,0.9989224076271057,0.8566475510597229,0.9519530534744263,0.49544158577919006
1032,37.32990646362305,0.99629807472229,0.8568540811538696,0.9384102821350098,0.4733238220214844
1033,38.07881164550781,0.9989919662475586,0.8579950332641602,0.9480541348457336,0.4765404462814331
1034,37.31148910522461,0.9956178069114685,0.8529115319252014,0.9526391625404358,0.48082348704338074
1035,38.61692810058594,0.9989919662475586,0.8563411831855774,0.9477555751800537,0.49214062094688416
1036,38.41582489013672,0.9987499713897705,0.8607789874076843,0.951337993144989,0.4938448667526245
1037,38.65189743041992,1.0,0.8638267517089844,0.9503195285797119,0.4825214743614197
1038,35.85209655761719,0.9974839091300964,0.861723005771637,0.9483188390731812,0.4900420606136322
1039,36.03882598876953,0.9967455863952637,0.8622747659683228,0.9529985189437866,0.48727378249168396
1040,37.9204216003418,0.9952149391174316,0.853549063205719,0.939645528793335,0.4864330291748047
1041,39.47434997558594,0.9989583492279053,0.8657532930374146,0.9522407650947571,0.49712809920310974
1042,38.129695892333984,0.9987980723381042,0.8598965406417847,0.9450568556785583,0.47356322407722473
1043,38.503665924072266,0.9990808963775635,0.8693668246269226,0.9512673020362854,0.4866592586040497
1044,36.676292419433594,0.9977787733078003,0.8479824066162109,0.9451358914375305,0.47948718070983887
1045,37.1256103515625,1.0,0.8481366634368896,0.948306679725647,0.4750783145427704
1046,39.00984573364258,0.9979497194290161,0.867394208908081,0.9562762975692749,0.4880273640155792
1047,38.48835372924805,1.0,0.8617676496505737,0.953606128692627,0.49732017517089844
1048,37.486690521240234,0.9955650568008423,0.8692759275436401,0.9522786140441895,0.49759411811828613
1049,38.2385139465332,0.9961938858032227,0.8711028695106506,0.9554144740104675,0.486755907535553
1050,36.68738555908203,0.9978050589561462,0.8527796268463135,0.9624534845352173,0.47595876455307007
1051,37.90269088745117,1.0,0.8573774099349976,0.9528658390045166,0.48076921701431274
1052,37.71517562866211,0.9988839626312256,0.8586047887802124,0.9479755163192749,0.4935574531555176
1053,36.40312194824219,0.9958053827285767,0.862826406955719,0.9525371789932251,0.4747103452682495
1054,36.85663604736328,0.9986978769302368,0.8605879545211792,0.9555885791778564,0.47639361023902893
1055,37.338592529296875,0.9986978769302368,0.8542713522911072,0.9471187591552734,0.47321683168411255
1056,38.67951202392578,0.9988425970077515,0.8390217423439026,0.9494717121124268,0.47389107942581177
1057,38.22098159790039,1.0,0.8646732568740845,0.9576671123504639,0.4836786687374115
1058,37.69936752319336,0.9957943558692932,0.8654837012290955,0.9496413469314575,0.49274539947509766
1059,39.75111389160156,0.9967447519302368,0.8591216802597046,0.9491591453552246,0.48584499955177307
1060,39.576026916503906,1.0,0.8703495860099792,0.9496355056762695,0.47562018036842346
1061,36.08087158203125,0.998161792755127,0.85792076587677,0.9450795650482178,0.4763646423816681
1062,37.52712631225586,0.9973913431167603,0.8507062196731567,0.9480324983596802,0.48277828097343445
1063,38.26506042480469,0.9962409734725952,0.8721182346343994,0.9519366025924683,0.48265162110328674
1064,37.94438171386719,0.998641312122345,0.8577020168304443,0.9504091143608093,0.4939793348312378
1065,38.67437744140625,0.9977787733078003,0.8594229221343994,0.9495189189910889,0.48459547758102417
1066,38.73466873168945,1.0,0.8640938997268677,0.9507185220718384,0.4874020218849182
1067,35.98564529418945,0.9970388412475586,0.8568174839019775,0.9490692019462585,0.4963088929653168
1068,39.51929473876953,1.0,0.8665010333061218,0.943238377571106,0.4788016080856323
1069,39.68926239013672,1.0,0.8623238801956177,0.9441317319869995,0.4961240291595459
1070,39.09804916381836,1.0,0.8599115610122681,0.9535316228866577,0.5050392150878906
1071,38.8449592590332,0.9976866841316223,0.8622267842292786,0.9511456489562988,0.4841179847717285
1072,37.8264045715332,0.9955465197563171,0.8618534803390503,0.9468756914138794,0.49244800209999084
1073,38.58131790161133,0.9944841265678406,0.8617048859596252,0.9471918344497681,0.4971526265144348
1074,38.223270416259766,1.0,0.8671245574951172,0.9508743286132812,0.4928489625453949
1075,38.900577545166016,0.9965947866439819,0.855527400970459,0.9498003721237183,0.48877036571502686
1076,37.94791793823242,1.0,0.8593463897705078,0.9428156018257141,0.4984290301799774
1077,38.11481857299805,0.9987499713897705,0.8599412441253662,0.9511984586715698,0.489518404006958
1078,35.56688690185547,0.9988839626312256,0.8536458015441895,0.939153790473938,0.4815977215766907
1079,36.95515060424805,0.9975637197494507,0.8514861464500427,0.9504857063293457,0.4923476576805115
1080,38.037147521972656,0.9977650046348572,0.8634599447250366,0.949916422367096,0.49831652641296387
1081,36.60063552856445,0.9983552694320679,0.8652276396751404,0.9468846321105957,0.4948979616165161
1082,37.29291915893555,1.0,0.8561744689941406,0.9437461495399475,0.4954674243927002
1083,38.52149200439453,0.9979234933853149,0.8708324432373047,0.9507275819778442,0.48899686336517334
1084,37.80369567871094,0.9973214268684387,0.8600001335144043,0.9511654376983643,0.47593581676483154
1085,39.087074279785156,1.0,0.8555169701576233,0.9458497166633606,0.4766090214252472
1086,38.261966705322266,0.9989919662475586,0.8569813370704651,0.9512518048286438,0.4922029972076416
1087,39.405094146728516,0.9989919662475586,0.8672839403152466,0.9543911218643188,0.4923032820224762
1088,39.444366455078125,1.0,0.8706759810447693,0.9517094492912292,0.48434358835220337
1089,38.43696975708008,0.9935609102249146,0.862315833568573,0.9575468897819519,0.4836803674697876
1090,37.57978057861328,0.9970998764038086,0.858599066734314,0.9478641748428345,0.4896395206451416
1091,38.397369384765625,0.9933733344078064,0.8488427996635437,0.9446295499801636,0.47959184646606445
1092,36.64205551147461,1.0,0.8576053977012634,0.9530268907546997,0.5029991269111633
1093,39.04342269897461,1.0,0.8588625192642212,0.9449015259742737,0.4917891025543213
1094,38.19598388671875,1.0,0.8612159490585327,0.9457180500030518,0.5074250102043152
1095,37.66920852661133,0.9986978769302368,0.8594314455986023,0.9444669485092163,0.5050962567329407
1096,38.06355667114258,0.9982796311378479,0.8656983375549316,0.9518219232559204,0.4804532527923584
1097,37.780616760253906,0.9989224076271057,0.8593870997428894,0.9503421783447266,0.49066898226737976
1098,39.95568084716797,0.9977650046348572,0.8584980368614197,0.9518890380859375,0.49088868498802185
1099,37.90125274658203,1.0,0.8603612184524536,0.950980544090271,0.479196161031723
1100,39.291587829589844,0.9987499713897705,0.8506243824958801,0.9460037350654602,0.47525596618652344
1101,37.80160140991211,0.997632622718811,0.8618018627166748,0.9550701379776001,0.4902466833591461
1102,38.944061279296875,0.9980295896530151,0.8602158427238464,0.9549261927604675,0.4887866675853729
1103,38.684661865234375,1.0,0.8621188402175903,0.9435306787490845,0.48647889494895935
1104,37.578163146972656,0.9971591234207153,0.8632442951202393,0.9514912366867065,0.4987298846244812
1105,38.90168380737305,1.0,0.8530436754226685,0.9465627670288086,0.4903791844844818
1106,39.17781066894531,0.9977787733078003,0.8578627705574036,0.9502371549606323,0.4961351454257965
1107,38.66349792480469,0.9986978769302368,0.8637091517448425,0.9528546929359436,0.49322959780693054
1108,35.89860916137695,0.9951345920562744,0.8548383712768555,0.9397825002670288,0.4867355525493622
1109,38.416046142578125,0.9985795617103577,0.872667133808136,0.9539298415184021,0.4767705500125885
1110,37.93767166137695,0.9979878067970276,0.8639823198318481,0.9512664079666138,0.4918079078197479
1111,35.98133850097656,0.9974839091300964,0.8603570461273193,0.953079342842102,0.4834437370300293
1112,37.94341278076172,0.9988839626312256,0.8621416091918945,0.9519446492195129,0.4776161313056946
1113,37.601654052734375,1.0,0.8519783020019531,0.9470103979110718,0.48342305421829224
1114,38.16280746459961,0.9985119104385376,0.8569670915603638,0.9491927623748779,0.4930535852909088
1115,39.43540573120117,0.9961771368980408,0.8550478219985962,0.9496254920959473,0.48477888107299805
1116,37.289154052734375,0.9989224076271057,0.8556712865829468,0.9493581056594849,0.4855010211467743
1117,38.62837600708008,0.9990530014038086,0.8548822402954102,0.9482545852661133,0.48768752813339233
1118,38.38291549682617,0.9989583492279053,0.8666517734527588,0.9510940909385681,0.48664605617523193
1119,38.39265823364258,1.0,0.858948826789856,0.9411026239395142,0.48280760645866394
1120,35.809993743896484,0.9976898431777954,0.8555876612663269,0.9495149850845337,0.4891614615917206
1121,38.36914825439453,0.9975019693374634,0.8635985851287842,0.9413394331932068,0.47512224316596985
1122,38.268985748291016,0.9982638955116272,0.8522977828979492,0.9485777616500854,0.47448548674583435
1123,37.29201889038086,0.9990530014038086,0.8613849878311157,0.9507457613945007,0.4929656684398651
1124,38.086158752441406,0.9964869022369385,0.853478729724884,0.9485726356506348,0.48569807410240173
1125,37.209896087646484,1.0,0.8602316379547119,0.9503186941146851,0.4849527180194855
1126,38.27872848510742,1.0,0.8662814497947693,0.9497866630554199,0.48351648449897766
1127,37.364200592041016,0.9990530014038086,0.8639534115791321,0.9534993767738342,0.4888260066509247
1128,38.64988327026367,1.0,0.851077675819397,0.9444986581802368,0.4851568937301636
1129,38.04389572143555,0.996414065361023,0.8634462356567383,0.9516527652740479,0.49739882349967957
1130,38.36859130859375,1.0,0.8539459109306335,0.9516632556915283,0.4772922098636627
1131,38.7724609375,1.0,0.8582733869552612,0.9528802633285522,0.48980745673179626
1132,40.692848205566406,1.0,0.8612242937088013,0.9550362825393677,0.4952274262905121
1133,37.876155853271484,1.0,0.8560532331466675,0.9482688903808594,0.4844241440296173
1134,39.635040283203125,0.9989583492279053,0.857431173324585,0.9533329606056213,0.4921764135360718
1135,38.99369430541992,0.9974702596664429,0.8695902824401855,0.9529402256011963,0.5098208785057068
1136,38.6182975769043,0.9965977072715759,0.8597860932350159,0.9486172199249268,0.48335665464401245
1137,36.58106231689453,1.0,0.8692132830619812,0.9445816874504089,0.4950467050075531
1138,38.10884475708008,0.9972826242446899,0.8553396463394165,0.9438607692718506,0.47869035601615906
1139,38.52627182006836,0.9975637197494507,0.8663836717605591,0.9527963995933533,0.4995691180229187
1140,38.348873138427734,1.0,0.8577545881271362,0.9484758973121643,0.4915635883808136
1141,37.65705108642578,1.0,0.8512811064720154,0.9360969066619873,0.4857545793056488
1142,37.94140625,0.993610680103302,0.8514541983604431,0.9504910707473755,0.47957727313041687
1143,37.8259391784668,0.9969604015350342,0.8534986972808838,0.9459596872329712,0.48562392592430115
1144,36.175437927246094,0.9990808963775635,0.8492541909217834,0.9489201903343201,0.47102484107017517
1145,39.26149368286133,0.9978422522544861,0.8621904253959656,0.9550385475158691,0.48770835995674133
1146,37.97311019897461,0.9987499713897705,0.8640940189361572,0.9452488422393799,0.48662349581718445
1147,38.627723693847656,0.9990808963775635,0.8691421747207642,0.9540168046951294,0.48874324560165405
1148,38.763370513916016,1.0,0.8539007902145386,0.950080156326294,0.47118932008743286
1149,38.48082733154297,1.0,0.8600165843963623,0.9443904757499695,0.48769187927246094
1150,39.35309600830078,0.9989919662475586,0.8632498383522034,0.9530951976776123,0.4965132176876068
1151,39.14767837524414,0.9989224076271057,0.8576706647872925,0.9485613703727722,0.4927823543548584
1152,37.36376953125,1.0,0.8489682078361511,0.9484289288520813,0.4814395010471344
1153,36.71180725097656,0.9971533417701721,0.8703159093856812,0.948576807975769,0.4920863211154938
1154,37.14794921875,0.9951366186141968,0.8654834628105164,0.9487133622169495,0.49409452080726624
1155,36.60880661010742,1.0,0.8580668568611145,0.9571933746337891,0.4876474142074585
1156,37.84823989868164,0.9979074001312256,0.8573002815246582,0.9541577696800232,0.4918455183506012
1157,37.71217346191406,0.998641312122345,0.8592283725738525,0.9495306015014648,0.4959908723831177
1158,38.6096076965332,0.9989224076271057,0.8553687334060669,0.9520339369773865,0.48709121346473694
1159,36.79782485961914,0.9989224076271057,0.8635092973709106,0.9488973617553711,0.5056402087211609
1160,38.4014778137207,0.9955987334251404,0.8594338893890381,0.9457505345344543,0.48166951537132263
1161,39.03536605834961,1.0,0.8525909781455994,0.948025107383728,0.4934659004211426
1162,38.650245666503906,0.9977083206176758,0.8636174201965332,0.9493556618690491,0.4840182363986969
1163,36.41391372680664,1.0,0.8586910367012024,0.9528723359107971,0.48578885197639465
1164,37.88156509399414,0.9979166984558105,0.8582999110221863,0.9541141986846924,0.48808202147483826
1165,38.45176315307617,0.9966230988502502,0.857119083404541,0.9435957670211792,0.4766090214252472
1166,39.28398895263672,0.999218761920929,0.8624839782714844,0.9514167904853821,0.5021277070045471
1167,39.446754455566406,0.9980393648147583,0.8556200265884399,0.9532129764556885,0.467621773481369
1168,37.022735595703125,0.9973099827766418,0.8617563247680664,0.9495500326156616,0.49281084537506104
1169,36.61499786376953,0.9972774386405945,0.8536481857299805,0.9489009380340576,0.48771536350250244
1170,38.533138275146484,0.9973958134651184,0.8510274887084961,0.9541594982147217,0.475306898355484
1171,38.208274841308594,0.9978448152542114,0.8678798675537109,0.9539384245872498,0.49085190892219543
1172,37.62188720703125,0.9991319179534912,0.8628454804420471,0.9524116516113281,0.487958699464798
1173,37.22456741333008,0.9988425970077515,0.8555934429168701,0.9469441771507263,0.48132550716400146
1174,36.8359375,0.9989919662475586,0.84642493724823,0.9506043195724487,0.48131370544433594
1175,36.62236022949219,0.9989919662475586,0.8552621603012085,0.9554397463798523,0.48330503702163696
1176,38.197509765625,0.9980654716491699,0.8630697131156921,0.9476526975631714,0.4877423048019409
1177,37.289188385009766,1.0,0.8602139949798584,0.9490889310836792,0.48984917998313904
1178,37.5090446472168,0.9969288110733032,0.8658628463745117,0.9505994319915771,0.48157382011413574
1179,38.347652435302734,0.9895234107971191,0.8540875911712646,0.9476672410964966,0.47208839654922485
1180,38.51007843017578,0.9974960088729858,0.861298143863678,0.9530768394470215,0.49115294218063354
1181,40.827945709228516,1.0,0.845874547958374,0.9503821730613708,0.47261837124824524
1182,37.56386184692383,0.9944531321525574,0.8584065437316895,0.9500868320465088,0.4821327328681946
1183,38.73015213012695,1.0,0.873034656047821,0.9536476135253906,0.4956350326538086
1184,37.126609802246094,0.9954017996788025,0.8618261218070984,0.946125864982605,0.48045650124549866
1185,38.58293914794922,0.9978789687156677,0.864931583404541,0.9479913711547852,0.4905444085597992
1186,37.09170150756836,0.9979754686355591,0.8632020950317383,0.9481316804885864,0.4822349548339844
1187,38.60582733154297,0.9975961446762085,0.8671138286590576,0.9475713968276978,0.49116408824920654
1188,38.25147247314453,0.9986978769302368,0.8656388521194458,0.9483975172042847,0.480361670255661
1189,38.123565673828125,0.9975353479385376,0.8596206903457642,0.9472847580909729,0.4831301271915436
1190,39.19500732421875,0.9989583492279053,0.8598582744598389,0.9527214765548706,0.48740696907043457
1191,39.52326583862305,0.9982638955116272,0.8572141528129578,0.9457026124000549,0.4893248379230499
1192,36.995399475097656,1.0,0.8640944957733154,0.9520289301872253,0.48973363637924194
1193,38.04617691040039,0.9970531463623047,0.8547854423522949,0.9471161365509033,0.4718109667301178
1194,39.184288024902344,0.9987980723381042,0.8586955666542053,0.955914318561554,0.4882924258708954
1195,37.63032531738281,1.0,0.8608422875404358,0.9458249807357788,0.4915882349014282
1196,36.47068405151367,0.9978345632553101,0.8620458841323853,0.9492934942245483,0.4867456555366516
1197,40.07456970214844,0.9990808963775635,0.8543254733085632,0.9511092901229858,0.48190048336982727
1198,38.32575607299805,1.0,0.8706748485565186,0.9460113644599915,0.48633259534835815
1199,41.06167984008789,0.9975379109382629,0.8666025996208191,0.9520440101623535,0.5018598437309265
1200,37.92727279663086,0.9988425970077515,0.862376868724823,0.9526389837265015,0.48937392234802246
1201,39.23184585571289,0.9973995685577393,0.866489827632904,0.9490931034088135,0.4956570267677307
1202,37.42353439331055,0.9989919662475586,0.8635588884353638,0.9458535313606262,0.49492669105529785
1203,38.00123977661133,0.9965871572494507,0.867793619632721,0.9503693580627441,0.5009974241256714
1204,38.17563247680664,0.9972774982452393,0.8603472113609314,0.9453232884407043,0.4864247143268585
1205,39.68631362915039,0.9988839626312256,0.863270103931427,0.9514216184616089,0.4932318329811096
1206,36.66256332397461,0.9975404739379883,0.8600791692733765,0.9483728408813477,0.48712143301963806
1207,38.06059265136719,0.9987980723381042,0.8693543672561646,0.9446192979812622,0.4900568127632141
1208,38.78732681274414,1.0,0.8661489486694336,0.9561433792114258,0.4909767806529999
1209,38.47226333618164,0.9988425970077515,0.8609300851821899,0.9543067216873169,0.4910077154636383
1210,37.9099235534668,0.9985795617103577,0.8599639534950256,0.9514458775520325,0.48298174142837524
1211,39.465087890625,1.0,0.8511438369750977,0.9539061784744263,0.4839351773262024
1212,37.775596618652344,1.0,0.8534401655197144,0.9478497505187988,0.47864213585853577
1213,37.92916488647461,0.998641312122345,0.867007851600647,0.9467246532440186,0.4829561710357666
1214,36.22211837768555,1.0,0.8498493432998657,0.9475464224815369,0.478561133146286
1215,36.88196563720703,0.9991319179534912,0.8576408624649048,0.9489827752113342,0.4729767441749573
1216,37.63304138183594,1.0,0.849589467048645,0.9454290270805359,0.49035733938217163
1217,39.16111755371094,0.9989224076271057,0.8560804128646851,0.9458619356155396,0.5001416802406311
1218,37.98081588745117,0.9976029992103577,0.8478348255157471,0.9486216306686401,0.4826697111129761
1219,37.051002502441406,0.9980154037475586,0.8615533113479614,0.9499770402908325,0.4918493330478668
1220,37.46778106689453,1.0,0.8626049160957336,0.9525288939476013,0.48526912927627563
1221,37.156707763671875,0.9984375238418579,0.8550815582275391,0.9411160945892334,0.48820018768310547
1222,37.31797409057617,1.0,0.8698939085006714,0.9535718560218811,0.5038406848907471
1223,38.347206115722656,1.0,0.8646278381347656,0.9571336507797241,0.5025758147239685
1224,38.69906234741211,0.9953568577766418,0.8788254261016846,0.9508383870124817,0.5094075202941895
1225,37.49414825439453,1.0,0.8628047704696655,0.9510754346847534,0.5011395812034607
1226,40.37405014038086,0.9956250786781311,0.8507996797561646,0.943705677986145,0.49247798323631287
1227,37.97948455810547,0.9976867437362671,0.8594343662261963,0.9388219118118286,0.474658340215683
1228,38.45939636230469,0.9977899789810181,0.862725019454956,0.9561650156974792,0.4929251968860626
1229,37.47765350341797,0.9988425970077515,0.8532360792160034,0.9478332996368408,0.4889262616634369
1230,40.31307601928711,1.0,0.8729826807975769,0.9565162062644958,0.48599714040756226
1231,38.649269104003906,0.9989224076271057,0.8566561937332153,0.951585054397583,0.495313823223114
1232,37.156986236572266,0.9941699504852295,0.856911838054657,0.947985053062439,0.4816291630268097
1233,37.86142349243164,1.0,0.8651100993156433,0.9536169171333313,0.48743295669555664
1234,37.647315979003906,0.9950034618377686,0.8680180907249451,0.949935793876648,0.4932088255882263
1235,37.489158630371094,0.9971052408218384,0.864838719367981,0.9494451284408569,0.49434390664100647
1236,39.969825744628906,0.9986978769302368,0.867625892162323,0.9519768953323364,0.48774927854537964
1237,38.31166458129883,1.0,0.8544657826423645,0.9476399421691895,0.48089632391929626
1238,38.06727600097656,0.9974294304847717,0.860297679901123,0.9493104815483093,0.4823993444442749
1239,38.030426025390625,0.9975481033325195,0.8585922718048096,0.9476490020751953,0.48924121260643005
1240,37.176456451416016,0.9985119104385376,0.857986330986023,0.9463090300559998,0.4817871153354645
1241,36.73260498046875,1.0,0.8587594032287598,0.948007345199585,0.4714611768722534
1242,37.418148040771484,1.0,0.871994137763977,0.951919674873352,0.5038871765136719
1243,38.75453186035156,1.0,0.8530021905899048,0.9483253955841064,0.48289403319358826
1244,37.03053283691406,0.9974634647369385,0.8593460321426392,0.9554761052131653,0.495348185300827
1245,37.46038055419922,0.9954143762588501,0.8643191456794739,0.9487101435661316,0.4817974865436554
1246,39.84810256958008,0.9968818426132202,0.8543137311935425,0.9432326555252075,0.4821479618549347
1247,39.31930923461914,0.9955770969390869,0.8601408004760742,0.9487581253051758,0.49015194177627563
1248,39.63374328613281,0.9988839626312256,0.8547663688659668,0.9476121664047241,0.4908061921596527
1249,37.23101043701172,0.9979074001312256,0.861551821231842,0.954486608505249,0.4871141314506531
1250,40.1878776550293,0.9989224076271057,0.8596820831298828,0.9468075633049011,0.4975581765174866
1251,36.997982025146484,0.9975000023841858,0.8613715171813965,0.9474875926971436,0.4918079972267151
1252,38.687747955322266,0.9983552694320679,0.8609588146209717,0.9514336585998535,0.4775993227958679
1253,37.39523696899414,1.0,0.8589456081390381,0.9501392245292664,0.4801015853881836
1254,37.76805877685547,0.9987980723381042,0.8593425154685974,0.9436335563659668,0.49589118361473083
1255,37.19314193725586,0.9987499713897705,0.8571736812591553,0.9487218856811523,0.49442699551582336
1256,37.62153244018555,0.996616005897522,0.8604658842086792,0.9459834694862366,0.4924985468387604
1257,36.811302185058594,1.0,0.8692059516906738,0.955075204372406,0.5008403658866882
1258,36.333770751953125,0.9966393113136292,0.8497446775436401,0.948993444442749,0.4860050678253174
1259,39.26582717895508,0.9989919662475586,0.8733704686164856,0.943649411201477,0.4831301271915436
1260,37.7994499206543,0.9978355169296265,0.8627105951309204,0.9520781636238098,0.49282845854759216
1261,38.893310546875,0.9990234375,0.8637738823890686,0.950954020023346,0.4915825128555298
1262,37.76464080810547,0.996542751789093,0.8629726767539978,0.9470219612121582,0.49077489972114563
1263,37.33341979980469,0.9952678680419922,0.8533236384391785,0.9488604068756104,0.48785996437072754
1264,38.11805725097656,0.9985119104385376,0.8583282232284546,0.9483973979949951,0.4909456670284271
1265,38.57749557495117,0.9979143142700195,0.8557199835777283,0.9505877494812012,0.47703787684440613
1266,38.805908203125,0.9975019693374634,0.8585025072097778,0.9422000646591187,0.4789131283760071
1267,36.26222610473633,0.997329592704773,0.8625358939170837,0.9504925608634949,0.49210819602012634
1268,37.666194915771484,0.9987980723381042,0.8515540957450867,0.9490947127342224,0.4901905059814453
1269,37.18336868286133,0.9973214268684387,0.8626731634140015,0.9538195729255676,0.49459922313690186
1270,37.425594329833984,0.9974479079246521,0.8610861897468567,0.9512864947319031,0.4936562776565552
1271,36.63447189331055,0.9976190328598022,0.8522045016288757,0.9464963674545288,0.4735950529575348
1272,39.083866119384766,0.9971874952316284,0.8624683618545532,0.9479299783706665,0.48552149534225464
1273,40.83201217651367,0.9991319179534912,0.8574345111846924,0.9452958703041077,0.48242631554603577
1274,40.78730010986328,0.9988839626312256,0.866717517375946,0.9549177885055542,0.4968535304069519
1275,36.965274810791016,0.9989224076271057,0.859664261341095,0.9453033804893494,0.4856095016002655
1276,39.260948181152344,0.9955512285232544,0.8592380881309509,0.9474250078201294,0.48427316546440125
1277,36.35694122314453,1.0,0.853186309337616,0.9422311782836914,0.47519728541374207
1278,37.319244384765625,0.9969616532325745,0.849578857421875,0.9441571235656738,0.48242074251174927
1279,38.355159759521484,1.0,0.8609715104103088,0.9459999799728394,0.4838801920413971
1280,38.945350646972656,1.0,0.8621079921722412,0.943641722202301,0.4705215394496918
1281,38.879783630371094,1.0,0.8519128561019897,0.9439664483070374,0.4777590334415436
1282,37.384403228759766,0.9990530014038086,0.8644720315933228,0.9525500535964966,0.4793034791946411
1283,38.41564178466797,0.998641312122345,0.8697515726089478,0.9475347995758057,0.49787354469299316
1284,36.86409378051758,1.0,0.8558722734451294,0.9517948627471924,0.48755788803100586
1285,37.25590896606445,1.0,0.8657900094985962,0.951722264289856,0.48615387082099915
1286,37.036685943603516,1.0,0.8623267412185669,0.9514280557632446,0.4916453957557678
1287,37.4183464050293,0.9980543851852417,0.8635116815567017,0.9437209963798523,0.49759817123413086
1288,38.85453414916992,0.9991319179534912,0.8599796295166016,0.9506229162216187,0.4916953146457672
1289,37.6318359375,1.0,0.8564518690109253,0.9503501057624817,0.48293372988700867
1290,38.42273712158203,0.9971532225608826,0.861024022102356,0.9432851076126099,0.49901044368743896
1291,37.175662994384766,0.9976898431777954,0.8493245840072632,0.9483450651168823,0.48177677392959595
1292,39.45903396606445,1.0,0.8559633493423462,0.9525894522666931,0.4873780906200409
1293,39.26804733276367,0.9949622750282288,0.8574711084365845,0.952195405960083,0.49700769782066345
1294,37.702239990234375,1.0,0.8487550020217896,0.9366245865821838,0.47553038597106934
1295,37.18596267700195,0.9978511333465576,0.8472944498062134,0.9495947957038879,0.4944992959499359
1296,38.89551544189453,0.9986978769302368,0.8524020910263062,0.9442946314811707,0.47514286637306213
1297,38.259456634521484,0.9975353479385376,0.8603202104568481,0.9524047374725342,0.4891088902950287
1298,36.37289810180664,0.9979053735733032,0.861412525177002,0.9486358165740967,0.49275779724121094
1299,36.246238708496094,0.9987499713897705,0.8409448862075806,0.9514510631561279,0.4800446331501007
1300,36.89606857299805,0.9972873330116272,0.8596749305725098,0.9583994150161743,0.48867496848106384
1301,37.466163635253906,0.9988425970077515,0.8581956624984741,0.9488153457641602,0.4913475513458252
1302,38.41249084472656,1.0,0.8632773756980896,0.9446102976799011,0.49655961990356445
1303,37.63041305541992,0.999218761920929,0.8669486045837402,0.9488539695739746,0.48900172114372253
1304,39.83271789550781,0.9989583492279053,0.8616037368774414,0.9497689008712769,0.4832441508769989
1305,37.09682846069336,0.9987980723381042,0.870929479598999,0.9544057846069336,0.5001425743103027
1306,36.79588317871094,0.9949095845222473,0.8584920167922974,0.9389059543609619,0.48640918731689453
1307,37.60490798950195,0.9959667921066284,0.8630544543266296,0.947266697883606,0.4789579212665558
1308,37.417274475097656,0.9957341551780701,0.8636801838874817,0.9399567246437073,0.5029669404029846
1309,37.906856536865234,1.0,0.8577059507369995,0.9512795805931091,0.47953709959983826
1310,37.775909423828125,0.9975996613502502,0.866777777671814,0.9492290019989014,0.48144975304603577
1311,38.998443603515625,0.9989919662475586,0.8606287240982056,0.9432950019836426,0.49943211674690247
1312,38.20806884765625,0.9986978769302368,0.8694414496421814,0.9494872093200684,0.49883854389190674
1313,38.4212646484375,0.9978423118591309,0.8639720678329468,0.9508054256439209,0.49556049704551697
1314,38.862403869628906,0.9943124055862427,0.8521687984466553,0.9541289210319519,0.48607954382896423
1315,36.6307487487793,0.9972801208496094,0.8515024185180664,0.9426676034927368,0.47566497325897217
1316,35.796165466308594,0.9985119104385376,0.8535431623458862,0.9424923658370972,0.48257142305374146
1317,37.43353271484375,0.9990808963775635,0.8566269874572754,0.9569305777549744,0.480361670255661
1318,38.56066131591797,0.9959135055541992,0.8543076515197754,0.9503077268600464,0.4935101568698883
1319,34.94171142578125,0.9987499713897705,0.854562520980835,0.9423493146896362,0.47873252630233765
1320,38.83009338378906,1.0,0.8612329959869385,0.9437015056610107,0.4850214123725891
1321,37.164451599121094,0.9991319179534912,0.8555411100387573,0.9530863761901855,0.4916953146457672
1322,38.924278259277344,0.9975404739379883,0.8557529449462891,0.94816654920578,0.4873524308204651
1323,39.3515510559082,0.9985795617103577,0.8550851345062256,0.9481044411659241,0.48344185948371887
1324,38.76405715942383,0.998641312122345,0.850310206413269,0.9473328590393066,0.4764338433742523
1325,37.93055725097656,0.9989224076271057,0.8629876971244812,0.9418398141860962,0.48765257000923157
1326,39.10371398925781,0.9987980723381042,0.8659366965293884,0.9532909393310547,0.4901391863822937
1327,38.07545471191406,1.0,0.8558095097541809,0.9483897089958191,0.4915207028388977
1328,37.829437255859375,0.9989583492279053,0.8529931306838989,0.941766619682312,0.4781745970249176
1329,39.111228942871094,0.9975353479385376,0.8622521758079529,0.939996600151062,0.49059292674064636
1330,38.99196243286133,0.9989583492279053,0.8543452620506287,0.9485986232757568,0.48875606060028076
1331,38.71348190307617,0.998160183429718,0.8514123558998108,0.946751594543457,0.4848140776157379
1332,37.04413986206055,1.0,0.865259051322937,0.9443067312240601,0.4746335744857788
1333,37.02497863769531,0.9972618818283081,0.8550974130630493,0.9489684104919434,0.4819139838218689
1334,37.98567199707031,0.9965881109237671,0.8650628924369812,0.944654107093811,0.4905552268028259
1335,39.861839294433594,0.9983552694320679,0.862069845199585,0.9531105160713196,0.49557018280029297
1336,36.72551727294922,0.9987980723381042,0.8478308320045471,0.9433861970901489,0.48284590244293213
1337,38.293357849121094,0.9953353404998779,0.8568035364151001,0.9480788707733154,0.48390740156173706
1338,38.06794357299805,0.9989583492279053,0.857161283493042,0.9506894946098328,0.48310139775276184
1339,39.438133239746094,0.9985119104385376,0.8723503351211548,0.9486027359962463,0.476176917552948
1340,37.10708999633789,0.9972391724586487,0.8706543445587158,0.9494525194168091,0.4906150698661804
1341,39.21908950805664,0.9987499713897705,0.8673975467681885,0.9502816200256348,0.4959666132926941
1342,38.67643356323242,1.0,0.864546000957489,0.9434369802474976,0.47713717818260193
1343,37.2740364074707,0.9987980723381042,0.8575917482376099,0.9459011554718018,0.47303852438926697
1344,37.97840881347656,1.0,0.8707523345947266,0.9577136039733887,0.4952978193759918
1345,37.68421173095703,0.9988425970077515,0.855229914188385,0.9443788528442383,0.49421393871307373
1346,38.09165954589844,1.0,0.8578768968582153,0.9531147480010986,0.49135732650756836
1347,37.214447021484375,1.0,0.8501347303390503,0.9381995797157288,0.49261361360549927
1348,35.8535041809082,1.0,0.8712153434753418,0.9566537141799927,0.4876931607723236
1349,36.75883865356445,0.9987980723381042,0.8513623476028442,0.9473538398742676,0.4808242619037628
1350,38.222862243652344,0.9989224076271057,0.8542135953903198,0.9477397203445435,0.48931384086608887
1351,38.24180603027344,1.0,0.852176308631897,0.9437888860702515,0.4798421263694763
1352,38.63520050048828,0.9941298961639404,0.8531482219696045,0.9353624582290649,0.4823160469532013
1353,37.19137954711914,0.9955140352249146,0.8618103265762329,0.9527801871299744,0.48533180356025696
1354,41.4855842590332,0.9991319179534912,0.8626065254211426,0.951697826385498,0.4988694489002228
1355,37.29106903076172,0.9944084882736206,0.8680911064147949,0.9503859281539917,0.4973049759864807
1356,38.24867630004883,0.9978448152542114,0.8543335199356079,0.9448592662811279,0.48940375447273254
1357,38.36534118652344,0.9977564215660095,0.8575099110603333,0.9498962163925171,0.4696100652217865
1358,34.38070297241211,0.9966849088668823,0.8576803803443909,0.9463365077972412,0.49614396691322327
1359,38.53059768676758,0.9985795617103577,0.8523751497268677,0.9487613439559937,0.48113739490509033
1360,37.31682586669922,0.9987980723381042,0.86376953125,0.9515478610992432,0.48366013169288635
1361,37.38526916503906,0.9976339340209961,0.8548880815505981,0.9460980892181396,0.4809376001358032
1362,36.25458908081055,0.9971532225608826,0.8623196482658386,0.9575352668762207,0.48465728759765625
1363,38.62459182739258,1.0,0.854736864566803,0.9537176489830017,0.48477011919021606
1364,38.10109329223633,0.9988425970077515,0.8507737517356873,0.9480220675468445,0.48807182908058167
1365,37.01502227783203,1.0,0.8580295443534851,0.9431936144828796,0.4815655052661896
1366,37.870399475097656,0.9986978769302368,0.8554620146751404,0.9361648559570312,0.4740130603313446
1367,38.015892028808594,0.9974343180656433,0.8675856590270996,0.9437401294708252,0.49213165044784546
1368,37.164249420166016,0.9961413145065308,0.8541224002838135,0.9467059969902039,0.4886268079280853
1369,37.73173141479492,0.9955700635910034,0.8602885007858276,0.9462764263153076,0.48181816935539246
1370,36.454200744628906,0.9990808963775635,0.856535792350769,0.9451645612716675,0.49234694242477417
1371,38.92330551147461,1.0,0.8625789880752563,0.9470386505126953,0.47590532898902893
1372,37.205257415771484,1.0,0.863084077835083,0.9506899118423462,0.4911174774169922
1373,37.229923248291016,1.0,0.8500417470932007,0.9367495179176331,0.4936780035495758
1374,38.435997009277344,0.9963830709457397,0.8648546934127808,0.9384010434150696,0.4847447872161865
1375,36.035179138183594,0.9990808963775635,0.8644758462905884,0.9502472877502441,0.48001134395599365
1376,36.71624755859375,0.99772047996521,0.8597646951675415,0.9506888389587402,0.4943084716796875
1377,39.429691314697266,1.0,0.8679755330085754,0.9506005048751831,0.5015891194343567
1378,38.22167205810547,0.9980154037475586,0.8556947112083435,0.9613774418830872,0.47510549426078796
1379,36.64690399169922,1.0,0.864187479019165,0.9501084089279175,0.4883984327316284
1380,37.28310012817383,0.9988425970077515,0.8560575842857361,0.9433256387710571,0.4842374324798584
1381,38.608673095703125,0.9988425970077515,0.852314293384552,0.9484430551528931,0.4843482971191406
1382,38.05402374267578,0.9989224076271057,0.8528034687042236,0.9434529542922974,0.48629555106163025
1383,37.69426727294922,1.0,0.8593581914901733,0.9491151571273804,0.4917660355567932
1384,36.88608932495117,1.0,0.8643271923065186,0.9532968997955322,0.4856418967247009
1385,36.696475982666016,0.9979503154754639,0.8492960333824158,0.9441322088241577,0.46373504400253296
1386,37.479225158691406,1.0,0.8650791645050049,0.955376386642456,0.4922458529472351
1387,36.09978485107422,1.0,0.8548837900161743,0.9441001415252686,0.4863418936729431
1388,37.900909423828125,0.9979817867279053,0.8620518445968628,0.9454131126403809,0.4893556535243988
1389,39.76194763183594,1.0,0.8503628969192505,0.9442382454872131,0.48195508122444153
1390,36.50786590576172,1.0,0.8648219108581543,0.9514601230621338,0.4945776164531708
1391,39.538204193115234,0.9971978664398193,0.8541920185089111,0.9457386136054993,0.4853532612323761
1392,39.45500183105469,0.9955890774726868,0.8561654090881348,0.9432838559150696,0.49579599499702454
1393,35.06317901611328,0.9989224076271057,0.8569164276123047,0.9477337002754211,0.48937374353408813
1394,38.07675552368164,0.9961614012718201,0.8633334636688232,0.9457683563232422,0.48951247334480286
1395,36.06996536254883,0.9979369640350342,0.86062091588974,0.955377459526062,0.48584499955177307
1396,38.07556915283203,1.0,0.8624875545501709,0.9549773931503296,0.4860837757587433
1397,38.91378402709961,0.9985795617103577,0.8596928119659424,0.9461419582366943,0.4820164144039154
1398,37.90240478515625,1.0,0.8579825758934021,0.9446116089820862,0.48132428526878357
1399,37.58926010131836,1.0,0.8557778000831604,0.9432623386383057,0.4804372787475586
1400,37.3373908996582,1.0,0.849535346031189,0.9370397329330444,0.47886109352111816
1401,36.37229919433594,1.0,0.857763946056366,0.9429448843002319,0.5078828930854797
1402,35.86195373535156,0.9985795617103577,0.8558311462402344,0.9452040195465088,0.4756925106048584
1403,37.43611526489258,0.9977650046348572,0.8535326719284058,0.952296257019043,0.4835694134235382
1404,38.34138488769531,0.9980613589286804,0.8500653505325317,0.9467233419418335,0.49399998784065247
1405,38.182472229003906,0.9965194463729858,0.8600468039512634,0.9496921300888062,0.47997695207595825
1406,38.30720138549805,0.9983552694320679,0.8662096261978149,0.9486598968505859,0.49159666895866394
1407,38.44404602050781,0.9977564215660095,0.85099858045578,0.9537659883499146,0.4771631360054016
1408,38.6568717956543,0.9989919662475586,0.866355836391449,0.9453058242797852,0.48528581857681274
1409,37.24761962890625,0.9974960088729858,0.8487495183944702,0.94403475522995,0.4733065366744995
1410,38.93345642089844,0.9969093799591064,0.8506224155426025,0.9446117877960205,0.47505608201026917
1411,40.62126922607422,1.0,0.8620158433914185,0.9534918069839478,0.48706284165382385
1412,37.55049514770508,0.9987499713897705,0.8688424825668335,0.9475221037864685,0.4864560067653656
1413,36.189002990722656,1.0,0.8595905900001526,0.9490448236465454,0.4932335317134857
1414,39.842166900634766,0.9988425970077515,0.8599885702133179,0.9521514177322388,0.49527356028556824
1415,36.95441436767578,0.9990808963775635,0.8441178798675537,0.9405174255371094,0.48103055357933044
1416,37.051979064941406,0.9957894086837769,0.8554167747497559,0.942358672618866,0.4761904776096344
1417,38.01465606689453,0.9956767559051514,0.8497130870819092,0.9452114105224609,0.4849517047405243
1418,38.53398132324219,0.9991071224212646,0.8527277708053589,0.9470826387405396,0.47964704036712646
1419,38.6688117980957,0.9989919662475586,0.8669891357421875,0.945167064666748,0.49152055382728577
1420,38.30913543701172,1.0,0.8537321090698242,0.941628634929657,0.48517370223999023
1421,39.01758575439453,0.9990234375,0.8462255597114563,0.9502057433128357,0.4677009880542755
1422,39.00347137451172,0.9955729246139526,0.8679549694061279,0.952836275100708,0.4890780448913574
1423,37.69694900512695,1.0,0.8649735450744629,0.9466744065284729,0.4904367923736572
1424,38.36808395385742,0.9964183568954468,0.8458531498908997,0.9440204501152039,0.47043919563293457
1425,37.515254974365234,0.9966052770614624,0.8660731911659241,0.9482361674308777,0.4869466722011566
1426,38.17308044433594,1.0,0.8588495254516602,0.9480113983154297,0.4811267852783203
1427,39.03596496582031,1.0,0.8690837621688843,0.9546909332275391,0.504626989364624
1428,38.747562408447266,0.9990808963775635,0.8565520644187927,0.9488681554794312,0.48419252038002014
1429,37.59357452392578,0.9988839626312256,0.8674081563949585,0.9506862759590149,0.5087918043136597
1430,36.79338836669922,0.9982128143310547,0.8513224124908447,0.9430723190307617,0.4907146692276001
1431,37.57867431640625,1.0,0.8619144558906555,0.9468331336975098,0.47957727313041687
1432,36.304115295410156,0.9974294304847717,0.8496789932250977,0.9421547651290894,0.4846677780151367
1433,38.91355514526367,0.9987980723381042,0.8605211973190308,0.9549049735069275,0.4894660711288452
1434,38.02836990356445,0.9989583492279053,0.8609394431114197,0.9570696353912354,0.48852184414863586
1435,39.437496185302734,0.9964443445205688,0.8554754257202148,0.9498976469039917,0.4852607846260071
1436,38.595401763916016,1.0,0.8630714416503906,0.9420208930969238,0.47994351387023926
1437,37.22441482543945,0.9975961446762085,0.849981427192688,0.9498666524887085,0.4815027117729187
1438,38.66734313964844,0.9990234375,0.8699486255645752,0.9491673707962036,0.4836803674697876
1439,39.02193069458008,1.0,0.8609883785247803,0.9470984935760498,0.4900737404823303
1440,37.64490509033203,0.9978758692741394,0.8561103343963623,0.9510716199874878,0.47758230566978455
1441,38.06064987182617,0.9989919662475586,0.853232741355896,0.9480339288711548,0.4830459654331207
1442,37.33403015136719,0.9961681365966797,0.8612366914749146,0.9506702423095703,0.4927288293838501
1443,38.05623245239258,1.0,0.8558459281921387,0.9415077567100525,0.4950467050075531
1444,37.617515563964844,0.9950470328330994,0.8446537256240845,0.9479230642318726,0.47971832752227783
1445,38.20539093017578,0.9991554021835327,0.848695695400238,0.9513938426971436,0.47872036695480347
1446,39.91170120239258,1.0,0.8593805432319641,0.9435232877731323,0.5042492747306824
1447,38.016082763671875,1.0,0.8692983388900757,0.9477590918540955,0.4855240285396576
1448,38.032066345214844,0.9968875646591187,0.8605194687843323,0.9487223625183105,0.484401136636734
1449,39.4306526184082,1.0,0.8589158058166504,0.9496150016784668,0.48068180680274963
1450,38.82631301879883,0.9975996017456055,0.8594844341278076,0.9475497603416443,0.48554423451423645
1451,39.115478515625,0.9973472356796265,0.8608561754226685,0.9487682580947876,0.4919586479663849
1452,36.35178756713867,0.99245285987854,0.8551731109619141,0.9506205320358276,0.4869198501110077
1453,38.484989166259766,1.0,0.8520400524139404,0.9434858560562134,0.4842253625392914
1454,37.628822326660156,0.9989583492279053,0.8611382246017456,0.9482408761978149,0.47765445709228516
1455,38.84189987182617,0.9975637197494507,0.8557488322257996,0.9476727247238159,0.4755224883556366
1456,39.14781188964844,0.9978660345077515,0.8587297201156616,0.9457719326019287,0.48667240142822266
1457,38.85283660888672,1.0,0.8663716316223145,0.9486217498779297,0.4833427369594574
1458,36.2862434387207,0.9970388412475586,0.8580986857414246,0.9530342817306519,0.5040856599807739
1459,36.64912033081055,1.0,0.8539944887161255,0.9449350833892822,0.48544517159461975
1460,37.53478240966797,0.9989919662475586,0.8615419864654541,0.9431354999542236,0.49801135063171387
1461,37.63828659057617,0.9987980723381042,0.8588384985923767,0.9490243196487427,0.49405279755592346
1462,38.46225357055664,0.9989583492279053,0.8508374691009521,0.9488528966903687,0.47960034012794495
1463,37.658050537109375,0.9970108866691589,0.8564414978027344,0.9503361582756042,0.47612282633781433
1464,37.24861526489258,1.0,0.8574305772781372,0.9400339126586914,0.4903791844844818
1465,37.8751220703125,0.9990234375,0.8569503426551819,0.953038215637207,0.4813966751098633
1466,38.689109802246094,1.0,0.8635337352752686,0.9447560906410217,0.4858836829662323
1467,37.58491516113281,0.9990808963775635,0.8562805652618408,0.9461167454719543,0.48368796706199646
1468,38.92869186401367,0.9976898431777954,0.8564020991325378,0.9441072344779968,0.4827684462070465
1469,38.82789993286133,1.0,0.8693385124206543,0.9444689750671387,0.4838893711566925
1470,36.84741973876953,0.9968342185020447,0.8513799905776978,0.9376726746559143,0.4811943769454956
1471,38.394630432128906,0.9986978769302368,0.8576493859291077,0.9547278881072998,0.48552966117858887
1472,37.75442123413086,0.9979166984558105,0.863847017288208,0.9542365074157715,0.48938581347465515
1473,38.352378845214844,1.0,0.8528454303741455,0.9415426254272461,0.4744318127632141
1474,37.04167556762695,1.0,0.8538388013839722,0.9454573392868042,0.4866552948951721
1475,39.03872299194336,1.0,0.864449679851532,0.9561010599136353,0.4952160120010376
1476,37.122344970703125,0.9971874952316284,0.8552703857421875,0.9513686895370483,0.48569047451019287
1477,37.33113479614258,0.9960371255874634,0.8689482808113098,0.9396181106567383,0.4892168343067169
1478,37.51093673706055,0.998161792755127,0.8660088777542114,0.9530574083328247,0.4857468605041504
1479,38.933746337890625,1.0,0.843970537185669,0.9357219338417053,0.47935059666633606
1480,35.233306884765625,1.0,0.8607338666915894,0.9497541189193726,0.48000001907348633
1481,37.821170806884766,0.9977571964263916,0.8583543300628662,0.9444318413734436,0.4769708812236786
1482,38.91830062866211,1.0,0.8583335280418396,0.9461697340011597,0.4981539249420166
1483,37.72593688964844,0.9989224076271057,0.8575181365013123,0.9473676085472107,0.48653292655944824
1484,38.153297424316406,0.9988839626312256,0.8478265404701233,0.940529465675354,0.4945620894432068
1485,38.01848220825195,1.0,0.8546937108039856,0.9424067139625549,0.4802817106246948
1486,37.63481903076172,0.9952230453491211,0.8681533336639404,0.9461649656295776,0.48857545852661133
1487,37.44926452636719,0.9975183606147766,0.8624259233474731,0.9479703903198242,0.4744608700275421
1488,39.62621307373047,0.9990808963775635,0.8582289218902588,0.9412071108818054,0.47676074504852295
1489,37.21749496459961,0.9975019693374634,0.853238046169281,0.9428958892822266,0.4793650507926941
1490,38.64873123168945,1.0,0.8604491353034973,0.9442338943481445,0.4966592490673065
1491,37.15961456298828,0.9977564215660095,0.86075359582901,0.9473252296447754,0.48947665095329285
1492,39.77037048339844,1.0,0.8663964867591858,0.9504594206809998,0.4829254150390625
1493,36.91642761230469,0.9989919662475586,0.8642124533653259,0.9488877058029175,0.49657341837882996
1494,37.97868347167969,0.9977213144302368,0.8617724776268005,0.9483087062835693,0.4825056493282318
1495,38.7135124206543,0.9990808963775635,0.8550035953521729,0.9461764693260193,0.47858157753944397
1496,37.16488265991211,0.9951701164245605,0.8537414073944092,0.9454897046089172,0.4777052104473114
1497,39.00493621826172,0.9972689151763916,0.8617911338806152,0.9471265077590942,0.502288281917572
1498,39.85733413696289,1.0,0.8587700128555298,0.9461677074432373,0.4897024929523468
1499,35.119659423828125,1.0,0.858218252658844,0.9464404582977295,0.4954853355884552
1500,38.2210693359375,1.0,0.8538376688957214,0.944654643535614,0.48858192563056946
1501,36.604774475097656,0.9981359839439392,0.8537653684616089,0.9390394687652588,0.477356880903244
1502,38.97301483154297,0.9961047172546387,0.8564355373382568,0.9474899768829346,0.49700769782066345
1503,37.99370574951172,0.9987980723381042,0.8522587418556213,0.9487919807434082,0.4831778109073639
1504,35.18291091918945,1.0,0.8515632152557373,0.9474696516990662,0.48082929849624634
1505,37.855751037597656,0.9978215098381042,0.8614894151687622,0.9473634958267212,0.4827488958835602
1506,37.41709518432617,0.9975818395614624,0.8467305302619934,0.9471006989479065,0.4794168174266815
1507,38.8599739074707,1.0,0.8574900031089783,0.9542073607444763,0.4805157482624054
1508,38.247833251953125,0.9973958134651184,0.8519989848136902,0.9467438459396362,0.49381330609321594
1509,37.984405517578125,1.0,0.8566594123840332,0.9512758255004883,0.4881732761859894
1510,36.99516296386719,0.9989919662475586,0.8678188323974609,0.9515659809112549,0.4884507358074188
1511,37.83903503417969,0.998641312122345,0.845905065536499,0.9375696182250977,0.4855259358882904
1512,37.22996139526367,0.9967892169952393,0.8625117540359497,0.9485995769500732,0.4892272651195526
1513,35.36977005004883,0.9966737031936646,0.8521723747253418,0.944774866104126,0.4792017936706543
1514,36.871517181396484,0.9961938858032227,0.8519822359085083,0.9423647522926331,0.47659575939178467
1515,39.003726959228516,0.9987980723381042,0.8531129956245422,0.9448084831237793,0.4936278462409973
1516,38.204742431640625,0.9967929124832153,0.8671066164970398,0.949027955532074,0.5035744905471802
1517,38.28132629394531,0.9975481033325195,0.8464007377624512,0.9459702372550964,0.48033708333969116
1518,37.465362548828125,1.0,0.8507533073425293,0.9435468912124634,0.47696244716644287
1519,39.40431213378906,0.9992377758026123,0.8563657402992249,0.947097659111023,0.48795008659362793
1520,40.7215461730957,0.9989583492279053,0.8550819158554077,0.9528197050094604,0.4890593886375427
1521,39.21173858642578,0.9990808963775635,0.857879638671875,0.9466373920440674,0.4860672354698181
1522,38.237762451171875,1.0,0.8618521690368652,0.9487552642822266,0.48666852712631226
1523,37.01173400878906,0.9969494342803955,0.8561351299285889,0.9486278891563416,0.4779874086380005
1524,37.561119079589844,0.994957447052002,0.8623207807540894,0.9400179386138916,0.49406111240386963
1525,37.003273010253906,0.9985119104385376,0.8646543025970459,0.9480055570602417,0.48332858085632324
1526,36.77996826171875,0.9977650046348572,0.8474259376525879,0.9490941762924194,0.4910714328289032
1527,36.65403747558594,0.9987980723381042,0.8577033281326294,0.9438979029655457,0.47212839126586914
1528,36.30913543701172,0.9967982769012451,0.8605048060417175,0.9524189233779907,0.48485708236694336
1529,38.27885437011719,0.9989224076271057,0.8575842380523682,0.9475024938583374,0.4840999245643616
1530,36.716949462890625,0.9973958730697632,0.8688299059867859,0.9537384510040283,0.4813230633735657
1531,37.706825256347656,0.9989583492279053,0.8547062873840332,0.9445828199386597,0.4844808280467987
1532,37.60053634643555,1.0,0.8620305061340332,0.9493895769119263,0.48307257890701294
1533,38.1219367980957,0.9974393844604492,0.8668985962867737,0.9478768706321716,0.4832535684108734
1534,38.3922233581543,0.9979502558708191,0.8562892079353333,0.9500459432601929,0.4829059839248657
1535,37.794864654541016,0.9948351979255676,0.8566922545433044,0.9501970410346985,0.4791366755962372
1536,38.7618408203125,0.9989919662475586,0.8560764789581299,0.9461815357208252,0.4774901568889618
1537,38.361873626708984,0.9985795617103577,0.8549641966819763,0.9375858306884766,0.4718429744243622
1538,39.36838150024414,0.9986978769302368,0.8596176505088806,0.9483712315559387,0.4909297227859497
1539,37.30308532714844,0.9982315897941589,0.8544440269470215,0.9482959508895874,0.476720929145813
1540,36.90940475463867,1.0,0.8575368523597717,0.9529275894165039,0.48624640703201294
1541,37.635467529296875,0.998641312122345,0.8486366271972656,0.9459564685821533,0.4845418632030487
1542,37.172340393066406,1.0,0.8631121516227722,0.9512980580329895,0.4957434833049774
1543,38.75200653076172,0.9962121248245239,0.8605620861053467,0.9541950225830078,0.4951786696910858
1544,39.2779541015625,0.9979166984558105,0.8602468967437744,0.9484323263168335,0.4929819405078888
1545,38.64414596557617,0.9987980723381042,0.8530392646789551,0.9419550895690918,0.49509939551353455
1546,37.75862121582031,0.9989583492279053,0.8568247556686401,0.9451338052749634,0.48280760645866394
1547,37.995296478271484,1.0,0.8546464443206787,0.941861093044281,0.47724059224128723
1548,38.577232360839844,0.9989224076271057,0.8627133965492249,0.9502410888671875,0.5004309415817261
1549,38.79600143432617,0.9988425970077515,0.840931236743927,0.9391047954559326,0.4771222770214081
1550,37.0999755859375,0.9968894720077515,0.8568434715270996,0.9477214813232422,0.48073139786720276
1551,36.00863265991211,0.9973214268684387,0.8655433654785156,0.9484149813652039,0.49631935358047485
1552,40.01592254638672,0.9985119104385376,0.8632620573043823,0.9503679871559143,0.5028296709060669
1553,37.03862762451172,0.9988425970077515,0.8522335290908813,0.9495570659637451,0.4832809567451477
1554,37.86312484741211,0.9981338977813721,0.8623766899108887,0.9496744275093079,0.4854676127433777
1555,36.93623733520508,0.9986978769302368,0.8577719926834106,0.9527724981307983,0.48206281661987305
1556,38.4395751953125,0.9989583492279053,0.8622394800186157,0.9475061893463135,0.4834136664867401
1557,38.48347473144531,0.9991071224212646,0.8547155857086182,0.9451619386672974,0.4725678861141205
1558,37.7979621887207,0.9988425970077515,0.8590354919433594,0.9474354982376099,0.4863545000553131
1559,39.33599090576172,0.9990234375,0.8710994720458984,0.9477132558822632,0.4881052076816559
1560,38.63914108276367,1.0,0.857889711856842,0.9477787613868713,0.4874572157859802
1561,38.32094192504883,1.0,0.8536453247070312,0.9435715079307556,0.4860602617263794
1562,37.46736526489258,0.9986978769302368,0.8419625759124756,0.943131148815155,0.4828973710536957
1563,36.6905517578125,1.0,0.85310959815979,0.9370758533477783,0.4819173216819763
1564,37.047813415527344,0.997726559638977,0.8484033346176147,0.9376293420791626,0.47835925221443176
1565,37.76329040527344,1.0,0.8661035895347595,0.947679877281189,0.4898362457752228
1566,39.04265594482422,1.0,0.8580124974250793,0.9466423988342285,0.4943278431892395
1567,36.67405319213867,0.9990234375,0.8605135083198547,0.9489120244979858,0.5014228820800781
1568,39.107582092285156,1.0,0.8540418148040771,0.9499749541282654,0.4649827778339386
1569,37.123878479003906,0.9994419813156128,0.8609340786933899,0.9436488151550293,0.4912230968475342
1570,38.67327117919922,0.9973958730697632,0.8706024885177612,0.9495115280151367,0.5033841133117676
1571,38.450714111328125,0.9985795617103577,0.8719851970672607,0.9474983811378479,0.49149659276008606
1572,37.103309631347656,1.0,0.8627161979675293,0.9454245567321777,0.4844507873058319
1573,39.238525390625,0.9985795617103577,0.8635838031768799,0.9465670585632324,0.4900028109550476
1574,38.49541473388672,0.9985795617103577,0.8512723445892334,0.9511458277702332,0.4686788320541382
1575,38.37764358520508,0.9988425970077515,0.858659029006958,0.9426755905151367,0.49494096636772156
1576,38.18972396850586,1.0,0.8632903099060059,0.9462054967880249,0.4813852608203888
1577,37.89537811279297,0.9988425970077515,0.8505752682685852,0.9501088857650757,0.47761619091033936
1578,40.28966522216797,0.9983058571815491,0.8675662875175476,0.9523166418075562,0.48778408765792847
1579,39.57118225097656,0.9973589181900024,0.8627453446388245,0.9399541020393372,0.4826906621456146
1580,37.591407775878906,1.0,0.8590563535690308,0.9467563629150391,0.47006839513778687
1581,37.81730270385742,1.0,0.8594225645065308,0.9435873031616211,0.48057839274406433
1582,36.69424819946289,0.9974393844604492,0.8554456830024719,0.9397920370101929,0.48572251200675964
1583,38.81562805175781,0.9965030550956726,0.8563905358314514,0.9500621557235718,0.47879812121391296
1584,37.99415969848633,0.9988425970077515,0.8536931872367859,0.9480768442153931,0.4775950014591217
1585,37.87252426147461,1.0,0.8528869152069092,0.9460904598236084,0.4842342436313629
1586,37.71415710449219,0.9964543581008911,0.8564708232879639,0.9417634606361389,0.4945433735847473
1587,38.56011199951172,0.9973214268684387,0.865852415561676,0.9463047981262207,0.49381330609321594
1588,39.06435775756836,0.9978660345077515,0.8669595122337341,0.9513980150222778,0.49188730120658875
1589,38.364540100097656,0.9978571534156799,0.8534036874771118,0.9446272253990173,0.48361581563949585
1590,37.891563415527344,0.9978050589561462,0.8640862703323364,0.9484547972679138,0.4919724464416504
1591,39.82887268066406,0.9967054128646851,0.8656435012817383,0.9516525864601135,0.48344746232032776
1592,37.603004455566406,0.9976406693458557,0.8568993806838989,0.9495213031768799,0.48512324690818787
1593,35.93155288696289,0.9984375238418579,0.865106463432312,0.9417301416397095,0.4781382381916046
1594,38.043060302734375,0.9978030323982239,0.856758177280426,0.9513944387435913,0.4813337028026581
1595,37.330177307128906,0.9987499713897705,0.8521167039871216,0.9421136379241943,0.4787173867225647
1596,38.609344482421875,0.9988839626312256,0.8645787239074707,0.9441678524017334,0.48800230026245117
1597,37.5671501159668,0.9969731569290161,0.8551641702651978,0.9480569362640381,0.48798879981040955
1598,40.24826431274414,0.9987499713897705,0.8721227645874023,0.9521275758743286,0.49674129486083984
1599,38.9218635559082,0.9979166984558105,0.8600599765777588,0.9406768083572388,0.48768752813339233
1600,36.859962463378906,0.9970942735671997,0.8572449684143066,0.9487638473510742,0.4850831925868988
1601,38.69248962402344,0.9968434572219849,0.8611629605293274,0.9515178799629211,0.49492961168289185
1602,37.46526336669922,0.9964455962181091,0.8674823641777039,0.9473013877868652,0.5
1603,37.94771194458008,0.9988425970077515,0.8548507690429688,0.9455231428146362,0.4934733510017395
1604,37.887874603271484,0.9974634647369385,0.8546316623687744,0.9411741495132446,0.4954259395599365
1605,39.60908889770508,1.0,0.8712972402572632,0.9499852657318115,0.4995693564414978
1606,38.790977478027344,1.0,0.8598332405090332,0.947428822517395,0.47810113430023193
1607,37.16688919067383,0.9988425970077515,0.8524912595748901,0.9456888437271118,0.48930180072784424
1608,37.16989517211914,1.0,0.858655571937561,0.9447849988937378,0.48192429542541504
1609,37.22269821166992,0.9940472841262817,0.8527774810791016,0.9446035027503967,0.4862020015716553
1610,38.9217643737793,0.998641312122345,0.8550881147384644,0.9453694820404053,0.4746008515357971
1611,37.58230972290039,0.9953135251998901,0.8634195327758789,0.9433797597885132,0.48929664492607117
1612,37.85747146606445,1.0,0.864401638507843,0.9400919675827026,0.49134260416030884
1613,37.54112243652344,0.9987980723381042,0.8551867008209229,0.9364475011825562,0.48432648181915283
1614,38.26114273071289,0.9986978769302368,0.8651694059371948,0.9524705410003662,0.49556002020835876
1615,38.914119720458984,0.9980902671813965,0.8582087755203247,0.9460011124610901,0.4898419976234436
1616,37.423397064208984,0.9980295896530151,0.8498019576072693,0.9538931846618652,0.4731305241584778
1617,37.97968673706055,1.0,0.8694055080413818,0.9456300735473633,0.4848140776157379
1618,38.23802185058594,0.998641312122345,0.865171492099762,0.9478017091751099,0.49017372727394104
1619,38.00298309326172,0.9985795617103577,0.8574807047843933,0.9491748809814453,0.4841681122779846
1620,38.508487701416016,0.9970027804374695,0.864473819732666,0.9469815492630005,0.4724409580230713
1621,39.10025405883789,0.9990530014038086,0.8657519817352295,0.9510548710823059,0.4826221764087677
1622,38.74038314819336,0.9979234933853149,0.861091673374176,0.9469338655471802,0.48243626952171326
1623,37.73843765258789,0.9980392456054688,0.8540270328521729,0.9489632248878479,0.48435720801353455
1624,38.21580505371094,0.9979817867279053,0.8568401336669922,0.9468331336975098,0.48507681488990784
1625,36.791175842285156,1.0,0.8634524345397949,0.9509936571121216,0.48592135310173035
1626,36.7225227355957,0.9943264722824097,0.8557931184768677,0.9524425268173218,0.4910840690135956
1627,36.93807601928711,0.9985119104385376,0.8656657338142395,0.9490364789962769,0.49301397800445557
1628,37.44066619873047,0.9972826242446899,0.8623269200325012,0.9489083886146545,0.4937286078929901
1629,37.79951095581055,0.999218761920929,0.8702230453491211,0.9510537385940552,0.5008513331413269
1630,36.32646942138672,1.0,0.8592745661735535,0.9481199979782104,0.4915062189102173
1631,37.311153411865234,0.9989919662475586,0.8547773361206055,0.9417934417724609,0.4839807152748108
1632,37.62614059448242,1.0,0.8597596287727356,0.956012487411499,0.48955652117729187
1633,37.92827224731445,1.0,0.8521753549575806,0.946191132068634,0.4826498329639435
1634,37.79764175415039,1.0,0.8610308766365051,0.9438076615333557,0.4809376001358032
1635,38.51644515991211,0.9978063106536865,0.84980708360672,0.9485871195793152,0.4853356182575226
1636,37.352874755859375,1.0,0.866623044013977,0.9527647495269775,0.477620393037796
1637,38.8268928527832,0.9978423118591309,0.8576124310493469,0.9448685646057129,0.4733390212059021
1638,37.91707229614258,0.997726559638977,0.8488932847976685,0.9390491247177124,0.48569777607917786
1639,37.73714828491211,0.9977419376373291,0.8652956485748291,0.9469366073608398,0.49078723788261414
1640,39.52598571777344,1.0,0.8683759570121765,0.948371410369873,0.49248653650283813
1641,36.804203033447266,0.9989919662475586,0.8606892824172974,0.9496999979019165,0.47949889302253723
1642,37.412498474121094,0.9975637197494507,0.8529664278030396,0.9443466663360596,0.47974902391433716
1643,36.46844482421875,1.0,0.8717405796051025,0.950332760810852,0.4918079078197479
1644,37.13044738769531,1.0,0.8641805052757263,0.9473156929016113,0.4882202744483948
1645,37.98759078979492,0.9989583492279053,0.8543425798416138,0.9577893614768982,0.4953191876411438
1646,37.02739334106445,0.9983552694320679,0.8604273796081543,0.9489542245864868,0.49259257316589355
1647,38.77589797973633,0.9978758692741394,0.8644678592681885,0.9454284906387329,0.4876578450202942
1648,39.30337142944336,1.0,0.8638449907302856,0.947051465511322,0.486578106880188
1649,39.587181091308594,0.9968434572219849,0.8528770208358765,0.9462471008300781,0.5018294453620911
1650,38.84934997558594,0.9984375238418579,0.855196475982666,0.9424923062324524,0.49302592873573303
1651,36.5536003112793,1.0,0.8466269969940186,0.9386551380157471,0.495024174451828
1652,38.972896575927734,1.0,0.8632276654243469,0.9483979940414429,0.48826688528060913
1653,36.29587936401367,0.9991554021835327,0.8707799911499023,0.9455788135528564,0.472499281167984
1654,38.38760757446289,0.9964145421981812,0.8598777651786804,0.950186014175415,0.4902679920196533
1655,37.80556106567383,0.997592568397522,0.8702049255371094,0.9462910890579224,0.4875679016113281
1656,37.57032012939453,0.9971539974212646,0.8671359419822693,0.9489870071411133,0.4912682771682739
1657,37.757076263427734,0.9978215098381042,0.859426736831665,0.9459991455078125,0.48746833205223083
1658,38.34772491455078,0.9990234375,0.8530938029289246,0.9487371444702148,0.4868870973587036
1659,38.890628814697266,1.0,0.8677498698234558,0.9496985673904419,0.4981726109981537
1660,38.51411056518555,1.0,0.8582650423049927,0.9437488317489624,0.47413548827171326
1661,37.939029693603516,1.0,0.854534924030304,0.9446567296981812,0.4785364270210266
1662,38.867523193359375,1.0,0.8701497316360474,0.9414416551589966,0.49788910150527954
1663,37.33187484741211,0.9982638955116272,0.8514504432678223,0.9458907246589661,0.47717607021331787
1664,37.99259948730469,0.9965009689331055,0.8507115840911865,0.9367297887802124,0.486417680978775
1665,39.617801666259766,1.0,0.8637024164199829,0.9450588822364807,0.48869815468788147
1666,38.369258880615234,0.9988425970077515,0.8682523369789124,0.9477578997612,0.49057668447494507
1667,34.64861297607422,0.9989583492279053,0.8517458438873291,0.9396008849143982,0.46679964661598206
1668,38.51782989501953,0.9987980723381042,0.8570903539657593,0.9503906965255737,0.49208593368530273
1669,37.23188400268555,0.9951260685920715,0.8568637371063232,0.9433104395866394,0.4893677234649658
1670,37.60454559326172,1.0,0.8634786605834961,0.9440112113952637,0.48533642292022705
1671,38.870704650878906,0.9972774982452393,0.8596072196960449,0.9515637159347534,0.4915635883808136
1672,39.26662063598633,1.0,0.8619869947433472,0.9465763568878174,0.49286124110221863
1673,39.005455017089844,0.9991071224212646,0.8674709796905518,0.9488283395767212,0.4792431592941284
1674,40.38837432861328,0.9989583492279053,0.8494423031806946,0.9552955031394958,0.4990043044090271
1675,38.68285369873047,0.9978063106536865,0.8608924150466919,0.9449565410614014,0.5061977505683899
1676,37.60360336303711,0.9969348311424255,0.8536223769187927,0.9377237558364868,0.49717995524406433
1677,36.91005325317383,0.9968875646591187,0.8497912287712097,0.9568983316421509,0.4755442440509796
1678,35.49927520751953,0.9968657493591309,0.8655110597610474,0.9499527812004089,0.49035733938217163
1679,38.702491760253906,0.9987499713897705,0.8622215986251831,0.9507919549942017,0.4854535162448883
1680,37.644676208496094,1.0,0.854340136051178,0.9477154016494751,0.4706214666366577
1681,39.96962356567383,0.9971533417701721,0.858234167098999,0.94892418384552,0.4938833713531494
1682,37.348514556884766,0.998641312122345,0.8478338718414307,0.9406306147575378,0.4722769260406494
1683,39.22686004638672,0.9975252151489258,0.8577033281326294,0.9540068507194519,0.4829545319080353
1684,36.98857879638672,1.0,0.854788064956665,0.9528194069862366,0.4875865876674652
1685,38.29683303833008,0.9957476854324341,0.8632216453552246,0.9466145038604736,0.49845200777053833
1686,39.610633850097656,0.9984375238418579,0.860514760017395,0.9395989179611206,0.4836786687374115
1687,37.7993049621582,0.9979052543640137,0.8507017493247986,0.9468253254890442,0.4897959232330322
1688,39.51575469970703,0.9974479079246521,0.863479733467102,0.9450362920761108,0.48745009303092957
1689,37.396705627441406,1.0,0.8635557889938354,0.9465988874435425,0.4887802004814148
1690,38.76140594482422,0.9977787733078003,0.8648859262466431,0.9503749012947083,0.4917064905166626
1691,39.23435974121094,1.0,0.8582278490066528,0.9429908990859985,0.48542317748069763
1692,35.078651428222656,0.9990530014038086,0.8519642353057861,0.9430944919586182,0.472253680229187
1693,37.66693115234375,0.9989224076271057,0.863972544670105,0.9541691541671753,0.4984245300292969
1694,38.75929260253906,0.998641312122345,0.8616498708724976,0.9454523921012878,0.49169716238975525
1695,35.98926544189453,1.0,0.8598834276199341,0.9466446042060852,0.49105873703956604
1696,36.72553634643555,0.9957022666931152,0.8551090359687805,0.9472451210021973,0.49253731966018677
1697,37.99148941040039,0.9978423118591309,0.853148877620697,0.9366363883018494,0.4840928614139557
1698,37.85251998901367,0.9978345632553101,0.8567748069763184,0.9510146975517273,0.49032071232795715
1699,36.71912384033203,0.9956651329994202,0.8535096645355225,0.9418915510177612,0.4857626259326935
1700,38.82227325439453,0.998242199420929,0.8484171628952026,0.9424514770507812,0.4726298153400421
1701,38.54181671142578,0.9966245293617249,0.8554117679595947,0.951369047164917,0.4800678491592407
1702,38.66917419433594,1.0,0.8626677393913269,0.9461014270782471,0.49885714054107666
1703,38.08925247192383,1.0,0.8504648208618164,0.9465026259422302,0.4796419143676758
1704,35.0872688293457,1.0,0.8600366115570068,0.945451021194458,0.48525696992874146
1705,38.543670654296875,0.997255802154541,0.8639055490493774,0.945975661277771,0.4755580425262451
1706,37.555023193359375,0.997005045413971,0.8546984791755676,0.9434414505958557,0.4714004099369049
1707,37.8837890625,0.9975649118423462,0.8721387982368469,0.9479327201843262,0.4771091639995575
1708,37.89765167236328,0.998046875,0.8667984008789062,0.9558922648429871,0.4904548227787018
1709,38.213600158691406,0.9977899789810181,0.8642004728317261,0.9529072046279907,0.48590144515037537
1710,38.829044342041016,0.998161792755127,0.8723089694976807,0.9592611193656921,0.5070185661315918
1711,38.28660202026367,0.9992377758026123,0.8672004342079163,0.9547293782234192,0.46657100319862366
1712,38.68263244628906,0.9974702596664429,0.8633664846420288,0.9432631731033325,0.4819936454296112
1713,39.20698165893555,1.0,0.8632597923278809,0.9507946968078613,0.49205899238586426
1714,37.9942741394043,1.0,0.8588613867759705,0.9484419822692871,0.4791901111602783
1715,38.362789154052734,1.0,0.8582553267478943,0.9476078152656555,0.4937499761581421
1716,38.808563232421875,0.9954653978347778,0.8566936254501343,0.9399173259735107,0.4900849759578705
1717,38.384151458740234,0.9978215098381042,0.8546290993690491,0.9406474828720093,0.4697580635547638
1718,37.45254898071289,0.9982461929321289,0.8640859127044678,0.9506313800811768,0.4931934177875519
1719,37.68654251098633,1.0,0.8541940450668335,0.9493460059165955,0.48030388355255127
1720,37.97464370727539,1.0,0.854224443435669,0.9470571279525757,0.4823196530342102
1721,38.84606170654297,0.9987980723381042,0.8602326512336731,0.9415246844291687,0.49057140946388245
1722,35.894962310791016,1.0,0.8610642552375793,0.9478845596313477,0.4873024821281433
1723,35.81130599975586,1.0,0.851953387260437,0.9508520364761353,0.4800455868244171
1724,37.95721435546875,0.9966849088668823,0.8615838885307312,0.946168839931488,0.4806288778781891
1725,35.82049560546875,1.0,0.8500527143478394,0.9434589147567749,0.4728057384490967
1726,36.51990509033203,0.9988425970077515,0.8549807071685791,0.9376853704452515,0.4811428487300873
1727,38.76445770263672,1.0,0.8649839162826538,0.943564772605896,0.4928774833679199
1728,36.40755844116211,0.9990234375,0.8653439283370972,0.9439587593078613,0.4908682405948639
1729,37.67609786987305,0.9987980723381042,0.8576315641403198,0.9463338851928711,0.485029935836792
1730,39.26396942138672,0.9988839626312256,0.8613056540489197,0.9455268383026123,0.49589812755584717
1731,39.122135162353516,0.995613157749176,0.8607885241508484,0.9419623017311096,0.49392715096473694
1732,37.52386474609375,0.9987980723381042,0.8557416200637817,0.9436715245246887,0.4825548529624939
1733,39.058753967285156,1.0,0.8539806008338928,0.9467372894287109,0.48895183205604553
1734,37.51054763793945,0.9988839626312256,0.8512166142463684,0.94328773021698,0.4763646423816681
1735,37.255706787109375,0.9983552694320679,0.8478824496269226,0.9413097500801086,0.49253302812576294
1736,36.561729431152344,0.9951202869415283,0.8614903688430786,0.9406442642211914,0.4955056309700012
1737,36.27488708496094,0.9975637197494507,0.8551607131958008,0.9427374601364136,0.488180011510849
1738,38.67156219482422,0.9950269460678101,0.8544713258743286,0.9511141777038574,0.5014116168022156
1739,36.93843460083008,0.9940958023071289,0.8584632277488708,0.9421206116676331,0.474663645029068
1740,38.12647247314453,0.9979369640350342,0.8599194884300232,0.9468082189559937,0.49427589774131775
1741,36.719139099121094,0.9987499713897705,0.8563975095748901,0.9472166299819946,0.4846765398979187
1742,39.74605941772461,0.9987980723381042,0.8614252805709839,0.944753885269165,0.4907146692276001
1743,36.62470245361328,1.0,0.852021336555481,0.9456409811973572,0.4742238521575928
1744,37.68585968017578,0.9973295331001282,0.857873797416687,0.9477148652076721,0.4815655052661896
1745,38.15199661254883,0.996648907661438,0.8500649929046631,0.9500465393066406,0.47756877541542053
1746,37.58900451660156,1.0,0.8566741943359375,0.9466315507888794,0.4866909384727478
1747,38.164485931396484,0.9961603283882141,0.8499771356582642,0.9508869051933289,0.4831492304801941
1748,36.041954040527344,1.0,0.8626365661621094,0.9433263540267944,0.4960384964942932
1749,39.31242752075195,0.9944952726364136,0.8531086444854736,0.9408916234970093,0.5
1750,39.34949493408203,1.0,0.855658769607544,0.9523931741714478,0.47186267375946045
1751,38.93914794921875,1.0,0.8552649617195129,0.9449059963226318,0.48810869455337524
1752,38.422515869140625,0.9989583492279053,0.8590033650398254,0.9505699872970581,0.4795686900615692
1753,35.95494842529297,0.9989224076271057,0.8494449853897095,0.9446156620979309,0.4867407977581024
1754,37.939117431640625,0.9977650046348572,0.8590512871742249,0.9519242644309998,0.48620688915252686
1755,36.7462043762207,0.9975038766860962,0.8519471287727356,0.9453533291816711,0.4849858283996582
1756,36.759429931640625,0.9973776340484619,0.8586978316307068,0.9492311477661133,0.48747536540031433
1757,38.002586364746094,1.0,0.8617829084396362,0.9510548114776611,0.49246519804000854
1758,36.860809326171875,1.0,0.8529906272888184,0.945877194404602,0.4813443422317505
1759,38.09560775756836,0.9964988231658936,0.8571978807449341,0.9485614895820618,0.49361947178840637
1760,36.631614685058594,1.0,0.8638525605201721,0.9510700702667236,0.4912281036376953
1761,37.57273864746094,0.9989583492279053,0.8602343797683716,0.9433053731918335,0.4668179154396057
1762,36.898799896240234,0.9952092170715332,0.8623961210250854,0.9477297067642212,0.4957650899887085
1763,37.744895935058594,0.9973392486572266,0.8539079427719116,0.9406097531318665,0.49168574810028076
1764,37.22745132446289,0.9980902671813965,0.8504396677017212,0.9476962089538574,0.466065913438797
1765,39.21357345581055,0.9988425970077515,0.8566678166389465,0.9466547966003418,0.4943084716796875
1766,39.048912048339844,1.0,0.8615627884864807,0.9466766715049744,0.48251351714134216
1767,37.14761734008789,1.0,0.859830379486084,0.9395039677619934,0.48222917318344116
1768,35.66434860229492,0.9975038766860962,0.8564140200614929,0.9486390948295593,0.486307293176651
1769,38.208229064941406,1.0,0.8569483757019043,0.947219729423523,0.46482834219932556
1770,37.29314422607422,0.9987499713897705,0.8595832586288452,0.9428445100784302,0.47249647974967957
1771,39.079345703125,1.0,0.859872579574585,0.9492154121398926,0.4817228615283966
1772,37.609561920166016,1.0,0.853793203830719,0.9468554854393005,0.4712905287742615
1773,38.98603057861328,1.0,0.8566367626190186,0.9350582361221313,0.482878714799881
1774,39.660133361816406,0.9990530014038086,0.8647158145904541,0.9498552680015564,0.4860491156578064
1775,37.41999053955078,0.9978758692741394,0.8602613806724548,0.9424710869789124,0.4817228615283966
1776,38.28974151611328,1.0,0.8587007522583008,0.9469503164291382,0.5031285285949707
1777,37.581947326660156,0.9975019693374634,0.8538787364959717,0.9397069215774536,0.4985746741294861
1778,38.022987365722656,1.0,0.8636718988418579,0.950167179107666,0.48667800426483154
1779,39.44582748413086,1.0,0.8613061308860779,0.9436248540878296,0.4839625358581543
1780,36.52800369262695,0.9991319179534912,0.8646911382675171,0.9521417617797852,0.5143181085586548
1781,35.82265853881836,0.9970170259475708,0.8509975671768188,0.9436612725257874,0.490867555141449
1782,38.581748962402344,0.9987980723381042,0.8541497588157654,0.9497091770172119,0.48938000202178955
1783,39.1590461730957,1.0,0.8609508275985718,0.9434264302253723,0.4939213991165161
1784,37.032752990722656,0.9955158829689026,0.8503801822662354,0.9468222856521606,0.48661595582962036
1785,39.42473602294922,0.9987499713897705,0.8608443140983582,0.9483247995376587,0.4879637360572815
1786,37.65302658081055,0.9980990886688232,0.8527758717536926,0.9473838806152344,0.49046945571899414
1787,38.85048294067383,0.9990234375,0.8619790077209473,0.9430461525917053,0.4976865351200104
1788,39.28950881958008,0.9989919662475586,0.8510794639587402,0.9415059685707092,0.48241204023361206
1789,39.352813720703125,1.0,0.8697582483291626,0.9464679956436157,0.49290981888771057
1790,38.78249740600586,1.0,0.8493248820304871,0.9523137211799622,0.4850640296936035
1791,37.417930603027344,0.9988425970077515,0.8588114976882935,0.9464396238327026,0.4854535162448883
1792,38.20705795288086,0.9977564215660095,0.8641253709793091,0.9453685283660889,0.4853024482727051
1793,40.69956588745117,0.9981211423873901,0.862710177898407,0.9515019655227661,0.5029855370521545
1794,35.19607925415039,1.0,0.8489810228347778,0.9479416608810425,0.482289582490921
1795,37.4714469909668,0.9978955984115601,0.8581456542015076,0.94377201795578,0.48862990736961365
1796,37.19950866699219,0.9962438344955444,0.8705276250839233,0.9531406760215759,0.5061764121055603
1797,38.94611358642578,1.0,0.8574132919311523,0.9436672925949097,0.48712870478630066
1798,37.60416030883789,0.9991554021835327,0.8702043890953064,0.9485006332397461,0.48380738496780396
1799,38.90983963012695,0.9989919662475586,0.857350766658783,0.9444645047187805,0.49130308628082275
1800,38.31489181518555,1.0,0.8571764230728149,0.9520758390426636,0.49787113070487976
1801,38.00569534301758,1.0,0.8579350113868713,0.9444144368171692,0.49079057574272156
1802,37.02730941772461,1.0,0.8635645508766174,0.9582451581954956,0.48974359035491943
1803,36.22992706298828,0.9975019693374634,0.8502644300460815,0.9454511404037476,0.48233962059020996
1804,38.08332443237305,0.9964062571525574,0.8597520589828491,0.9427555799484253,0.4904313087463379
1805,38.4467658996582,0.9979143142700195,0.8623430728912354,0.9483252167701721,0.4759862720966339
1806,38.16828536987305,0.9976851940155029,0.8533384799957275,0.9475810527801514,0.49647390842437744
1807,40.25794982910156,0.9970033168792725,0.8577568531036377,0.9513049125671387,0.4824736416339874
1808,37.144351959228516,1.0,0.8712642192840576,0.9511890411376953,0.4814084768295288
1809,35.97004699707031,0.9974702596664429,0.8597759008407593,0.9514988660812378,0.5004277229309082
1810,38.88707733154297,0.9990530014038086,0.8639189004898071,0.9461438655853271,0.4834532141685486
1811,38.29365539550781,1.0,0.8591732978820801,0.9372404217720032,0.4836435616016388
1812,39.43825149536133,0.9976339340209961,0.8637874126434326,0.9479392766952515,0.4875141978263855
1813,37.44023513793945,0.99772047996521,0.8499212861061096,0.9389702081680298,0.4808619022369385
1814,39.750038146972656,0.9985795617103577,0.8601640462875366,0.9522026777267456,0.48831906914711
1815,39.348175048828125,0.9990808963775635,0.8574248552322388,0.945792555809021,0.48139795660972595
1816,38.555992126464844,0.9989224076271057,0.8573579788208008,0.9479941725730896,0.4822190999984741
1817,38.66664505004883,0.9989583492279053,0.8646894693374634,0.9488054513931274,0.4943310618400574
1818,37.845497131347656,1.0,0.8598321676254272,0.940218985080719,0.49815496802330017
1819,38.321922302246094,0.9957032799720764,0.8574806451797485,0.9437927007675171,0.48739978671073914
1820,40.159217834472656,0.9942459464073181,0.8523306846618652,0.9484840035438538,0.47943663597106934
1821,38.82685470581055,0.9987499713897705,0.8569024801254272,0.9494451284408569,0.4924350678920746
1822,38.23137664794922,0.9987980723381042,0.8531969785690308,0.9348434209823608,0.48753541707992554
1823,36.373775482177734,1.0,0.8566434383392334,0.953015148639679,0.48112404346466064
1824,36.993431091308594,0.9970052242279053,0.859122633934021,0.938115119934082,0.47679445147514343
1825,38.22581481933594,0.9985119104385376,0.8691458702087402,0.9545773267745972,0.4903954863548279
1826,37.0667839050293,1.0,0.8691943883895874,0.9420821666717529,0.48032835125923157
1827,38.321014404296875,0.9977564215660095,0.8603432774543762,0.9475237131118774,0.49046945571899414
1828,37.11429214477539,0.9988425970077515,0.8615408539772034,0.9434975385665894,0.48238635063171387
1829,38.21696853637695,1.0,0.8639706969261169,0.9463444948196411,0.49236857891082764
1830,38.598846435546875,0.9979074001312256,0.8678098320960999,0.9480703473091125,0.47610920667648315
1831,37.47411346435547,0.9967132806777954,0.8521603345870972,0.9425039887428284,0.4870349168777466
1832,37.0416259765625,0.9974702596664429,0.8505220413208008,0.9493353962898254,0.48521888256073
1833,39.345149993896484,1.0,0.8599826097488403,0.9463970065116882,0.4916522800922394
1834,37.345680236816406,0.9974294304847717,0.8585512638092041,0.9412556886672974,0.4889954924583435
1835,36.349815368652344,0.9987980723381042,0.8647891879081726,0.9500121474266052,0.492622047662735
1836,37.981201171875,1.0,0.8578145503997803,0.9477778673171997,0.49843794107437134
1837,38.10447311401367,1.0,0.8640332221984863,0.947028398513794,0.4923032820224762
1838,38.65394592285156,1.0,0.8532624244689941,0.9462267756462097,0.498565673828125
1839,36.541473388671875,0.996474027633667,0.8635372519493103,0.9553026556968689,0.5009850859642029
1840,37.95724868774414,0.9984375238418579,0.8502998948097229,0.9426256418228149,0.48823362588882446
1841,36.50775146484375,0.9978511333465576,0.8513036966323853,0.9422069787979126,0.4862489402294159
1842,38.90434646606445,1.0,0.8551803827285767,0.9409072399139404,0.49729421734809875
1843,37.67315673828125,0.9980154037475586,0.8644351959228516,0.9440248012542725,0.4957793951034546
1844,36.735260009765625,0.9980764389038086,0.8532119393348694,0.9417076110839844,0.47981810569763184
1845,38.15803909301758,1.0,0.8585686683654785,0.9479422569274902,0.4821832776069641
1846,36.66462707519531,1.0,0.8623276948928833,0.9409753084182739,0.48107796907424927
1847,35.50440216064453,0.9978345632553101,0.8622370362281799,0.9486367702484131,0.49726617336273193
1848,39.30042266845703,0.9940342903137207,0.8645528554916382,0.9413137435913086,0.4817848205566406
1849,36.82574462890625,0.9969737529754639,0.8677033185958862,0.9501072764396667,0.4925246834754944
1850,38.04924774169922,0.9963318109512329,0.8570830821990967,0.9472458362579346,0.4780515432357788
1851,39.552913665771484,0.998641312122345,0.8635280132293701,0.9433218240737915,0.48445963859558105
1852,36.77682113647461,0.9976943731307983,0.8579368591308594,0.947361171245575,0.49611061811447144
1853,36.7498779296875,0.995668888092041,0.8547600507736206,0.9397352933883667,0.48565804958343506
1854,37.20056915283203,0.9960768222808838,0.851933479309082,0.9393557906150818,0.48187994956970215
1855,38.1086540222168,1.0,0.8667694330215454,0.94681715965271,0.4800903797149658
1856,38.05729675292969,1.0,0.8648980259895325,0.9495445489883423,0.49069035053253174
1857,36.824684143066406,1.0,0.8614788055419922,0.9404206275939941,0.4882088899612427
1858,38.00362014770508,0.9987980723381042,0.8613985776901245,0.9490732550621033,0.4900171458721161
1859,38.53453063964844,0.9987980723381042,0.8686674237251282,0.9547591209411621,0.49662351608276367
1860,38.12570571899414,0.9992559552192688,0.8528101444244385,0.9465962648391724,0.48309454321861267
1861,38.88677978515625,0.997726559638977,0.8560724258422852,0.9432145357131958,0.4912280738353729
1862,38.46500778198242,0.9965713024139404,0.8627878427505493,0.951213002204895,0.489766925573349
1863,36.68402099609375,0.998641312122345,0.8616428971290588,0.9496610164642334,0.5035141706466675
1864,39.2877082824707,0.9979502558708191,0.866550862789154,0.9463363289833069,0.48947665095329285
1865,37.794925689697266,1.0,0.8597217798233032,0.9448277354240417,0.49858519434928894
1866,38.20880126953125,0.9978660345077515,0.8661576509475708,0.9505343437194824,0.491364449262619
1867,37.3459587097168,1.0,0.8595213890075684,0.9545203447341919,0.489766925573349
1868,35.821067810058594,0.9980764389038086,0.8690706491470337,0.9478408098220825,0.49633392691612244
1869,38.947662353515625,1.0,0.8606333136558533,0.9477973580360413,0.4788374900817871
1870,37.77231216430664,0.9988425970077515,0.8585421442985535,0.9526795148849487,0.4904422461986542
1871,39.78202819824219,0.997592568397522,0.8573726415634155,0.9441341161727905,0.4816487729549408
1872,39.079952239990234,0.998641312122345,0.8639315366744995,0.9377954602241516,0.4824936091899872
1873,38.69071578979492,0.9978030323982239,0.8623267412185669,0.9500559568405151,0.48298174142837524
1874,39.388248443603516,0.9986978769302368,0.857001781463623,0.9435898661613464,0.48407459259033203
1875,38.65016555786133,0.9986978769302368,0.8670426607131958,0.946548581123352,0.4984281361103058
1876,37.52931594848633,0.9955860376358032,0.85484778881073,0.9483987092971802,0.48203080892562866
1877,36.28028869628906,1.0,0.8657466173171997,0.9488186836242676,0.49354296922683716
1878,38.41773986816406,0.9978345632553101,0.852340817451477,0.9443914294242859,0.4697488248348236
1879,36.66054916381836,0.9977509379386902,0.8498184680938721,0.9481091499328613,0.47617706656455994
1880,38.594017028808594,1.0,0.8603594899177551,0.9456802606582642,0.4893001914024353
1881,37.79385757446289,0.9973598718643188,0.8614018559455872,0.9452730417251587,0.4884377121925354
1882,37.228572845458984,0.9968750476837158,0.8483026027679443,0.9483064413070679,0.4761904776096344
1883,36.65247344970703,0.998046875,0.8621039986610413,0.9483369588851929,0.4904494285583496
1884,37.06568908691406,0.994921088218689,0.8611930012702942,0.9442940950393677,0.48637014627456665
1885,39.12021255493164,1.0,0.8612120747566223,0.9439687728881836,0.47986483573913574
1886,36.565303802490234,0.997726559638977,0.8507126569747925,0.9405519366264343,0.47964704036712646
1887,38.21855163574219,0.9991987347602844,0.8593297004699707,0.9447935223579407,0.4954725503921509
1888,39.13115310668945,0.9977678656578064,0.8518210649490356,0.9470595121383667,0.4800228178501129
1889,39.2292366027832,1.0,0.8577888011932373,0.939880907535553,0.47535815834999084
1890,38.363250732421875,0.998641312122345,0.8575807809829712,0.9461965560913086,0.49416786432266235
1891,39.04059982299805,0.9989919662475586,0.8526986837387085,0.9385508894920349,0.4838164746761322
1892,37.18523025512695,0.995899498462677,0.8595321178436279,0.9420558214187622,0.4916074275970459
1893,37.849021911621094,0.9990234375,0.8606255650520325,0.9460355043411255,0.48049747943878174
1894,38.05031967163086,1.0,0.8618146181106567,0.9588407278060913,0.49245503544807434
1895,35.9593505859375,0.9979369640350342,0.8600705862045288,0.9493297934532166,0.49915826320648193
1896,38.10619354248047,0.9991554021835327,0.861720860004425,0.9416834115982056,0.4829835593700409
1897,38.51597213745117,0.9977734088897705,0.8688606023788452,0.9455073475837708,0.4949352741241455
1898,38.66858673095703,1.0,0.8560566902160645,0.9422664046287537,0.477011501789093
1899,37.46276092529297,0.9966491460800171,0.8557097911834717,0.9476504325866699,0.4892958104610443
1900,38.27180862426758,1.0,0.8584210872650146,0.9519739151000977,0.48557695746421814
1901,38.8275260925293,0.997880756855011,0.8599774837493896,0.9451218843460083,0.49077489972114563
1902,39.05494689941406,0.9988839626312256,0.8576585650444031,0.9486075043678284,0.4953058660030365
1903,38.1245231628418,0.9989583492279053,0.8603372573852539,0.9457693099975586,0.494961142539978
1904,38.56419372558594,0.9970531463623047,0.8610920906066895,0.9405213594436646,0.4815655052661896
1905,38.39285659790039,0.9989224076271057,0.8623160123825073,0.9501215815544128,0.4828265905380249
1906,39.30559539794922,0.9984375238418579,0.8597602248191833,0.9511325359344482,0.48209211230278015
1907,35.02613830566406,0.9989224076271057,0.8591286540031433,0.9457924962043762,0.4858035147190094
1908,37.1124267578125,0.9979053735733032,0.8500843048095703,0.9482004046440125,0.4825378358364105
1909,37.58026885986328,0.998641312122345,0.8489679098129272,0.9443960189819336,0.4803456664085388
1910,38.347164154052734,0.9959627389907837,0.8478705883026123,0.9451924562454224,0.4840999245643616
1911,38.557518005371094,0.9985795617103577,0.8552734851837158,0.9407436847686768,0.48284590244293213
1912,36.38304138183594,1.0,0.8622881174087524,0.9490236043930054,0.4977051019668579
1913,37.72895050048828,1.0,0.8558977842330933,0.9426003694534302,0.4822033941745758
1914,37.07756423950195,1.0,0.8563748598098755,0.9474369883537292,0.47609561681747437
1915,38.19178009033203,0.9987499713897705,0.8553728461265564,0.9413231015205383,0.4937535226345062
1916,39.61885452270508,0.9980295896530151,0.8549632430076599,0.9434221386909485,0.4957410395145416
1917,38.188289642333984,0.9987980723381042,0.8614221215248108,0.9532274007797241,0.4832659959793091
1918,38.37144470214844,0.9991319179534912,0.8493074178695679,0.9465528130531311,0.4692437946796417
1919,36.589351654052734,0.9992377758026123,0.8567149043083191,0.9402849674224854,0.48320630192756653
1920,37.528465270996094,1.0,0.8771729469299316,0.9468317031860352,0.49702632427215576
1921,38.715110778808594,1.0,0.858545184135437,0.945183515548706,0.48739731311798096
1922,37.044673919677734,0.996939480304718,0.8425441980361938,0.9413388967514038,0.4790697693824768
1923,38.325050354003906,0.9986978769302368,0.8693918585777283,0.9443581104278564,0.4865996539592743
1924,38.72943878173828,1.0,0.869141697883606,0.9461883902549744,0.489790141582489
1925,39.12779235839844,0.9985795617103577,0.8587820529937744,0.9400972127914429,0.49702465534210205
1926,39.978782653808594,0.9990234375,0.8624209761619568,0.9510415196418762,0.4878813624382019
1927,38.42697525024414,0.9960274696350098,0.8593401908874512,0.9395177364349365,0.48056739568710327
1928,38.61286163330078,1.0,0.8588132262229919,0.9393910765647888,0.49602949619293213
1929,37.595985412597656,0.9966154098510742,0.8547415733337402,0.9375398755073547,0.48245614767074585
1930,38.083736419677734,1.0,0.8689042329788208,0.9463580846786499,0.48330003023147583
1931,38.47333908081055,0.9990530014038086,0.8502005934715271,0.9501073956489563,0.48879310488700867
1932,37.560394287109375,0.9954402446746826,0.8577787280082703,0.9401848316192627,0.49334844946861267
1933,36.918643951416016,0.9950613975524902,0.858923077583313,0.9456949830055237,0.49254149198532104
1934,38.50920867919922,1.0,0.8726872801780701,0.9505138397216797,0.5048186182975769
1935,38.21849822998047,0.9989919662475586,0.8571953773498535,0.9421446323394775,0.49091944098472595
1936,38.54640197753906,0.995603084564209,0.8747760057449341,0.9477032423019409,0.49362316727638245
1937,37.288536071777344,0.9984375238418579,0.8615674376487732,0.9485256671905518,0.4865846633911133
1938,39.12590408325195,0.9974839091300964,0.8656389713287354,0.9483919739723206,0.5099431872367859
1939,35.94606018066406,0.99674391746521,0.8607604503631592,0.950541079044342,0.4957507252693176
1940,38.01314163208008,0.9989224076271057,0.8572041988372803,0.9518766403198242,0.5014277696609497
1941,39.13902282714844,0.998641312122345,0.8530455827713013,0.9440004229545593,0.46619516611099243
1942,36.51789474487305,0.9986978769302368,0.8656901121139526,0.9440447688102722,0.49786990880966187
1943,38.455501556396484,0.9987499713897705,0.8587863445281982,0.9446915984153748,0.48712143301963806
1944,38.877193450927734,0.9990530014038086,0.8607443571090698,0.9383993148803711,0.48521044850349426
1945,38.24230194091797,1.0,0.8695023059844971,0.9445409774780273,0.492374062538147
1946,38.30546188354492,0.9988425970077515,0.8562294840812683,0.9388777017593384,0.4899519085884094
1947,37.58372497558594,1.0,0.8521592617034912,0.9471901059150696,0.48549705743789673
1948,36.69986343383789,0.9937916994094849,0.8700333833694458,0.9463752508163452,0.48917996883392334
1949,37.21926498413086,0.9978423118591309,0.8566763401031494,0.9421440958976746,0.4690065085887909
1950,39.63981628417969,0.99781733751297,0.8612710237503052,0.9391638040542603,0.4943278431892395
1951,36.503692626953125,0.9971532225608826,0.8566308617591858,0.9392677545547485,0.4806157350540161
1952,36.04182434082031,1.0,0.8560061454772949,0.9436537623405457,0.47835925221443176
1953,37.16169738769531,1.0,0.8593393564224243,0.9515737891197205,0.4832099974155426
1954,38.36029815673828,0.9949210286140442,0.8584063649177551,0.9404083490371704,0.485836923122406
1955,35.56566619873047,0.9987499713897705,0.8567554354667664,0.9453002214431763,0.4655950665473938
1956,37.445491790771484,0.9989583492279053,0.8580896854400635,0.9471515417098999,0.47875675559043884
1957,37.667205810546875,0.9937435984611511,0.8608881235122681,0.9478343725204468,0.480044960975647
1958,36.95742416381836,0.9978511333465576,0.8573217391967773,0.9457384943962097,0.472333163022995
1959,38.410682678222656,0.9967092275619507,0.8547492027282715,0.9353641271591187,0.47568342089653015
1960,36.311344146728516,0.9986978769302368,0.8636764883995056,0.9406408667564392,0.486578106880188
1961,38.484405517578125,1.0,0.8557203412055969,0.9332164525985718,0.46587029099464417
1962,37.872989654541016,0.9988425970077515,0.8632982969284058,0.9469015598297119,0.4727015495300293
1963,37.87620162963867,0.9973958730697632,0.8643440008163452,0.9478299021720886,0.4874715507030487
1964,35.59123229980469,0.9964218139648438,0.8653692007064819,0.9492809772491455,0.49661779403686523
1965,37.99789047241211,0.9985795617103577,0.8787909746170044,0.9464282989501953,0.502707302570343
1966,37.45167922973633,1.0,0.8576260805130005,0.9511159658432007,0.4844192564487457
1967,36.77888488769531,0.9967012405395508,0.8527222275733948,0.9472134113311768,0.4811667799949646
1968,38.29024124145508,1.0,0.8560646772384644,0.952215313911438,0.4879518151283264
1969,37.85064697265625,0.9965153336524963,0.8612421751022339,0.9439384937286377,0.49774396419525146
