iteration,Train/mean_reward,Skill/push,Skill/pick-lift,Skill/place-down,Episode/success
0,-1.4611258506774902,0.018312569707632065,0.0,0.0,0.0
1,-3.1830968856811523,0.029812000691890717,0.0,0.0,0.0
2,-4.577189922332764,0.03609173372387886,0.0,0.00034722223062999547,0.0
3,-6.182258129119873,0.04280218109488487,0.0,0.0,0.0
4,-7.252518653869629,0.049851421266794205,0.0,0.0,0.0
5,-7.305935382843018,0.03778290003538132,0.0,0.0,0.0
6,-7.348254680633545,0.057836271822452545,0.0,0.0,0.0
7,-7.169251918792725,0.06714342534542084,0.0,0.0009945729980245233,0.0
8,-7.062243461608887,0.059212177991867065,0.0,0.00030637255986221135,0.0
9,-6.908217430114746,0.10273268073797226,0.0,0.0015255245380103588,0.0
10,-6.501914978027344,0.1267952024936676,0.0,0.00212186761200428,0.0
11,-6.69929838180542,0.12198424339294434,0.0,0.0019155534682795405,0.0
12,-6.616598606109619,0.15615242719650269,0.0,0.006259745918214321,0.0
13,-5.353092193603516,0.1796082854270935,0.0,0.006402835249900818,0.0
14,-5.981043338775635,0.2528841495513916,0.0,0.008950022980570793,0.0
15,-6.14545202255249,0.28827419877052307,0.0,0.010985929518938065,0.0
16,-4.948620796203613,0.3536139130592346,0.0,0.017387038096785545,0.0
17,-4.846606254577637,0.4347192645072937,0.0,0.01768156699836254,0.0
18,-4.2910542488098145,0.48953649401664734,0.0,0.023381225764751434,0.0
19,-3.389434814453125,0.5892367362976074,0.0,0.026292335242033005,0.0
20,-2.363874673843384,0.66803377866745,0.0,0.03397442400455475,0.0
21,-3.209770917892456,0.6954766511917114,0.0,0.03907240927219391,0.0
22,-2.6110191345214844,0.7704424858093262,0.0,0.03822694718837738,0.0
23,-1.0074783563613892,0.8313352465629578,0.0,0.04500046744942665,0.0
24,-0.9083254933357239,0.8440942168235779,0.0,0.049980826675891876,0.0
25,-2.033295154571533,0.8723825812339783,0.0,0.0466889888048172,0.0
26,-1.1956816911697388,0.898232102394104,0.0,0.04894363880157471,0.0
27,-1.450865626335144,0.9251134395599365,0.0,0.05138244479894638,0.0
28,-2.3452963829040527,0.9380407333374023,0.0,0.06114545464515686,0.0
29,-2.150582790374756,0.9403704404830933,0.0,0.0701119527220726,0.0
30,-0.9648372530937195,0.9531867504119873,0.0,0.06944867968559265,0.0
31,-0.6896803379058838,0.9554078578948975,0.0,0.07591171562671661,0.0
32,-1.1709784269332886,0.9595999121665955,0.0,0.08913806080818176,0.0
33,-0.3695090413093567,0.9773600697517395,0.0,0.09530963748693466,0.0
34,0.004168890882283449,0.9675544500350952,0.0,0.10074711591005325,0.0
35,0.18571367859840393,0.9904500842094421,0.0,0.09558264911174774,0.0
36,0.6560211777687073,0.9800510406494141,0.000294811325147748,0.10981675237417221,0.0002891845069825649
37,-0.32336047291755676,0.9768315553665161,0.0,0.1065249890089035,0.0
38,-2.008333683013916,0.9740253686904907,0.0,0.12354933470487595,0.0
39,-0.17737342417240143,0.9699994325637817,0.0,0.11341910809278488,0.0
40,0.5318959951400757,0.9867720603942871,0.00025826445198617876,0.12598110735416412,0.0
41,1.3094526529312134,0.9921532869338989,0.0,0.13376501202583313,0.0
42,-0.7513882517814636,0.9809647798538208,0.0,0.14152836799621582,0.0
43,0.7507985234260559,0.9832024574279785,0.0,0.12651607394218445,0.0
44,0.7848564982414246,0.9800079464912415,0.0,0.1395588219165802,0.0
45,0.9158695340156555,0.9857194423675537,0.0,0.1418682187795639,0.0
46,0.25208601355552673,0.9779044389724731,0.0,0.15083914995193481,0.0
47,0.7177435755729675,0.9809642434120178,0.0,0.13672976195812225,0.0
48,0.9054617285728455,0.9663578271865845,0.0,0.14000937342643738,0.0
49,2.111558675765991,0.980896532535553,0.0008316588937304914,0.15473593771457672,0.0
50,0.8090630769729614,0.971239447593689,0.0,0.14524886012077332,0.0
51,1.100677490234375,0.982721209526062,0.0002840909000951797,0.14957711100578308,0.0002775464963633567
52,2.634004831314087,0.9780851602554321,0.0,0.14919105172157288,0.0
53,1.6436190605163574,0.9797413349151611,0.0,0.1449258029460907,0.0
54,1.996469259262085,0.9796221256256104,0.0,0.1477268934249878,0.0
55,2.049692153930664,0.9817841649055481,0.0,0.14058822393417358,0.0
56,2.239619493484497,0.9895042181015015,0.0,0.15897434949874878,0.0
57,4.256486415863037,0.9777495861053467,0.00026260505546815693,0.15652309358119965,0.0002857959480024874
58,4.367635250091553,0.9824830889701843,0.0,0.15289321541786194,0.0
59,3.279446840286255,0.9891217947006226,0.0002741228090599179,0.1561923623085022,0.0
60,4.425058841705322,0.9865978360176086,0.0,0.15439169108867645,0.0
61,4.9685163497924805,0.9878556728363037,0.00028153153834864497,0.14709073305130005,0.0
62,4.429183483123779,0.9896284937858582,0.0002840909000951797,0.15963301062583923,0.0
63,7.52072286605835,0.9891267418861389,0.0,0.1579878330230713,0.0
64,5.476510524749756,0.9957888126373291,0.000833604484796524,0.16909325122833252,0.0
65,6.259207725524902,0.9939956665039062,0.0,0.15987622737884521,0.0
66,9.30088996887207,0.9893204569816589,0.0,0.16489259898662567,0.0
67,7.540356159210205,0.9861836433410645,0.0,0.15466837584972382,0.0
68,6.143808364868164,0.9926544427871704,0.0005458618979901075,0.14707106351852417,0.0
69,7.798497676849365,0.9873965978622437,0.0005419482477009296,0.16063642501831055,0.0
70,7.8752360343933105,0.9976332187652588,0.0005434168851934373,0.16242626309394836,0.00028296548407524824
71,7.728784561157227,0.9939059615135193,0.00029761905898340046,0.16209807991981506,0.0
72,8.070314407348633,0.987059473991394,0.0005461118998937309,0.16337308287620544,0.00028546960675157607
73,8.813067436218262,0.9931269884109497,0.0,0.16685129702091217,0.0
74,8.80581283569336,0.9900773763656616,0.0003004807804245502,0.16491127014160156,0.0
75,7.499261379241943,0.9922468662261963,0.00034340660204179585,0.17999714612960815,0.0
76,9.68301010131836,0.9955960512161255,0.00028153153834864497,0.1703120768070221,0.0
77,9.143657684326172,0.9986978769302368,0.0,0.1798032969236374,0.0
78,8.543654441833496,0.9956866502761841,0.0,0.172786146402359,0.0
79,7.649599552154541,0.9989919662475586,0.000546362018212676,0.1727343201637268,0.0
80,9.087173461914062,0.9976851940155029,0.0,0.17889688909053802,0.0
81,8.627942085266113,0.9963233470916748,0.0002604166802484542,0.17051154375076294,0.0
82,8.937674522399902,0.9916158318519592,0.00028935185400769114,0.1758904904127121,0.0
83,8.764503479003906,0.9936350584030151,0.0,0.1927533745765686,0.0
84,7.984767913818359,0.9948411583900452,0.0,0.183872789144516,0.0
85,7.923415660858154,0.9929394721984863,0.0,0.17010504007339478,0.0
86,9.437731742858887,0.9952104091644287,0.0,0.18295630812644958,0.0
87,7.852981090545654,0.994276762008667,0.0,0.18615682423114777,0.0
88,8.271379470825195,0.9974393844604492,0.0004980158992111683,0.1662459522485733,0.0
89,9.066516876220703,0.9954186677932739,0.00025201612152159214,0.1767655313014984,0.0
90,9.286798477172852,0.9987980723381042,0.0,0.1829182356595993,0.0
91,8.574212074279785,0.9952243566513062,0.0011494203936308622,0.17926529049873352,0.0
92,9.204896926879883,0.9980543851852417,0.0002367424312978983,0.18153536319732666,0.0
93,8.707258224487305,0.9988425970077515,0.0,0.17546042799949646,0.0
94,8.990260124206543,0.9980449676513672,0.0,0.17095530033111572,0.0
95,10.012506484985352,0.9989919662475586,0.0005689341342076659,0.1646951138973236,0.0
96,10.430633544921875,0.9971533417701721,0.0005873956833966076,0.17693127691745758,0.0
97,10.79459285736084,0.995943009853363,0.000294811325147748,0.17749863862991333,0.0
98,10.234269142150879,0.9987499713897705,0.0011050715111196041,0.1865156590938568,0.0002835270715877414
99,9.636659622192383,0.996666669845581,0.0,0.17895366251468658,0.0
100,9.99626350402832,0.9972097873687744,0.0,0.19279175996780396,0.0
101,9.9506196975708,0.9990530014038086,0.0,0.18304279446601868,0.0
102,9.159873962402344,1.0,0.0,0.18249469995498657,0.0
103,11.28247356414795,0.9950520396232605,0.0003124999930150807,0.17816412448883057,0.0
104,11.267801284790039,0.9933823347091675,0.00026709403027780354,0.18608629703521729,0.0
105,10.489920616149902,0.9971432685852051,0.0,0.19334115087985992,0.0
106,9.542471885681152,0.9974479079246521,0.0,0.1744910180568695,0.0
107,10.438526153564453,0.9979166984558105,0.0,0.17877112329006195,0.0
108,9.74176025390625,0.9962438344955444,0.00028153153834864497,0.20034845173358917,0.0
109,10.90005111694336,0.9965922832489014,0.0,0.18796950578689575,0.0
110,10.2980318069458,0.994616687297821,0.0,0.19511978328227997,0.0
111,9.399763107299805,0.9977083206176758,0.0005489214090630412,0.18974977731704712,0.0002768549311440438
112,10.195159912109375,0.9990808963775635,0.0,0.17590899765491486,0.0
113,10.135595321655273,0.995795726776123,0.0,0.180852472782135,0.0
114,8.389264106750488,0.9969117641448975,0.00026483050896786153,0.17944574356079102,0.00028620491502806544
115,9.676250457763672,0.9974294304847717,0.0,0.1797228902578354,0.0
116,10.452801704406738,0.9951260089874268,0.0005361069925129414,0.1742504984140396,0.0
117,8.315353393554688,0.9965648055076599,0.0,0.17610441148281097,0.0
118,9.405680656433105,0.997672438621521,0.0,0.17356324195861816,0.0
119,10.071556091308594,0.9989583492279053,0.0,0.18614506721496582,0.0
120,9.552327156066895,0.9964919090270996,0.00032552084303461015,0.1817583292722702,0.0
121,9.839349746704102,0.9987980723381042,0.0,0.1815241426229477,0.0
122,9.861003875732422,0.9965178966522217,0.0,0.17959658801555634,0.0
123,9.807090759277344,0.9982638955116272,0.000294811325147748,0.18289606273174286,0.0
124,10.339726448059082,0.99772047996521,0.0002765486715361476,0.18735887110233307,0.00028760425630025566
125,9.003706932067871,0.9951096773147583,0.0,0.190150648355484,0.0
126,9.931163787841797,0.9985119104385376,0.0,0.17077520489692688,0.0
127,9.057543754577637,1.0,0.0,0.17356160283088684,0.0
128,9.886065483093262,0.9977083206176758,0.00028153153834864497,0.1801292896270752,0.0
129,9.868911743164062,1.0,0.0,0.17954036593437195,0.0
130,10.261184692382812,1.0,0.0,0.17591983079910278,0.0
131,9.682783126831055,0.9946148991584778,0.00026483050896786153,0.19363978505134583,0.0
132,9.956160545349121,0.998641312122345,0.0,0.18671610951423645,0.0
133,8.113975524902344,0.997592568397522,0.0,0.1720721423625946,0.0
134,9.791484832763672,0.9978660345077515,0.0,0.1838122308254242,0.0
135,10.232617378234863,0.9951467514038086,0.0,0.19262318313121796,0.0
136,10.524412155151367,0.9989583492279053,0.0,0.18892644345760345,0.0
137,10.208712577819824,0.9977419376373291,0.00026260505546815693,0.1787104606628418,0.0
138,10.727736473083496,0.9972222447395325,0.0003124999930150807,0.18210946023464203,0.0
139,10.179818153381348,0.9961721897125244,0.0,0.18031395971775055,0.0
140,9.72321605682373,0.9985119104385376,0.0003633720916695893,0.1894865781068802,0.0
141,8.68878173828125,1.0,0.0007587617728859186,0.1728753298521042,0.0002871088217943907
142,9.357924461364746,0.9963908791542053,0.0,0.1698095202445984,0.0
143,9.293131828308105,0.9988839626312256,0.00029761905898340046,0.19870224595069885,0.0
144,10.29810905456543,0.996759295463562,0.0002840909000951797,0.18770398199558258,0.0
145,9.335092544555664,0.9987499713897705,0.0,0.17181485891342163,0.0
146,10.11901569366455,0.9945788383483887,0.0,0.17749786376953125,0.0
147,9.506572723388672,0.996137261390686,0.00026939655072055757,0.17835761606693268,0.0
148,8.800580978393555,1.0,0.00027901786961592734,0.18549780547618866,0.0
149,9.359262466430664,0.9992377758026123,0.0,0.19306081533432007,0.0
150,11.977900505065918,1.0,0.0,0.19066931307315826,0.0
151,10.52102279663086,0.9978448152542114,0.000578312436118722,0.1812347024679184,0.0
152,9.75698471069336,0.9977650046348572,0.0,0.17975105345249176,0.0
153,10.691364288330078,0.998161792755127,0.00026260505546815693,0.19130516052246094,0.0
154,11.239992141723633,0.998046875,0.0002540650311857462,0.18729951977729797,0.0
155,10.244560241699219,0.9989919662475586,0.0,0.19445616006851196,0.0
156,9.924816131591797,1.0,0.0,0.1722612977027893,0.0
157,9.648696899414062,0.9988425970077515,0.0,0.17874744534492493,0.0
158,10.756073951721191,0.9957320690155029,0.00026260505546815693,0.18676654994487762,0.0
159,10.153847694396973,1.0,0.0005958214169368148,0.190274178981781,0.0
160,9.859207153320312,0.9990234375,0.0,0.18147152662277222,0.0
161,11.077010154724121,0.9972618818283081,0.0,0.1879718154668808,0.0
162,10.962841033935547,0.9983552694320679,0.0003033980610780418,0.17404986917972565,0.0
163,11.24947738647461,0.9975184202194214,0.0,0.19533120095729828,0.0
164,11.284975051879883,0.9948644638061523,0.0010211741318926215,0.18853628635406494,0.0
165,11.800235748291016,0.9978571534156799,0.0,0.17816102504730225,0.0
166,11.056619644165039,0.9988425970077515,0.00028935185400769114,0.180086150765419,0.0
167,10.007393836975098,0.998046875,0.00025201612152159214,0.17631572484970093,0.0
168,11.41366958618164,1.0,0.0,0.18423733115196228,0.0
169,8.771527290344238,0.9987499713897705,0.0002741228090599179,0.18282032012939453,0.0002840102242771536
170,10.188263893127441,0.9971539974212646,0.0,0.17938822507858276,0.0
171,11.401458740234375,0.998641312122345,0.0,0.18122725188732147,0.0
172,9.869295120239258,1.0,0.00026260505546815693,0.18443147838115692,0.0
173,11.636815071105957,1.0,0.0,0.19719211757183075,0.0
174,11.030342102050781,1.0,0.0006169762928038836,0.18331852555274963,0.0
175,10.71873664855957,0.9989224076271057,0.00027173911803402007,0.18270593881607056,0.0
176,10.964530944824219,0.9980803728103638,0.0005416229250840843,0.18552139401435852,0.0
177,11.522801399230957,0.9939318895339966,0.0,0.18638670444488525,0.0
178,12.129246711730957,0.9982638955116272,0.0,0.1856989711523056,0.0
179,11.562026023864746,1.0,0.0,0.1871570199728012,0.0
180,10.86681079864502,1.0,0.0003094059356953949,0.1956249326467514,0.0
181,11.027939796447754,0.9967350363731384,0.00043048954103142023,0.18561193346977234,0.0
182,11.363519668579102,0.9975996613502502,0.0,0.1926528811454773,0.0
183,11.552164077758789,1.0,0.0,0.18751117587089539,0.0
184,11.535788536071777,0.9989919662475586,0.0,0.19445136189460754,0.0
185,11.872102737426758,0.9987499713897705,0.0,0.19648130238056183,0.0
186,11.092914581298828,1.0,0.0005541823338717222,0.19970539212226868,0.0
187,10.549236297607422,1.0,0.00025826445198617876,0.18852177262306213,0.0
188,10.465837478637695,0.9986978769302368,0.00026483050896786153,0.1882445216178894,0.0
189,10.841825485229492,0.9964628219604492,0.0,0.1781696379184723,0.0
190,11.907342910766602,0.9992897510528564,0.0,0.19217589497566223,0.0
191,11.205986022949219,1.0,0.0,0.1828317940235138,0.0
192,10.031510353088379,0.9988425970077515,0.0008447329746559262,0.18602052330970764,0.0
193,10.175841331481934,0.998113751411438,0.0,0.17721280455589294,0.0
194,11.27676773071289,1.0,0.0005616624839603901,0.1944446861743927,0.0
195,10.929947853088379,0.9982638955116272,0.000292056065518409,0.19519248604774475,0.00027824152493849397
196,11.124350547790527,0.9982638955116272,0.00027173911803402007,0.1786050796508789,0.0
197,11.127036094665527,1.0,0.0,0.18032976984977722,0.0
198,10.089641571044922,0.9987499713897705,0.00028669723542407155,0.1876830756664276,0.0
199,10.916354179382324,1.0,0.000292056065518409,0.18102572858333588,0.0
200,10.70785903930664,0.9968738555908203,0.00028935185400769114,0.18319016695022583,0.0
201,12.854074478149414,0.9989583492279053,0.0006597222527489066,0.18126443028450012,0.0002852253383025527
202,12.524208068847656,1.0,0.0,0.20561286807060242,0.0
203,10.611261367797852,0.9977213144302368,0.00025826445198617876,0.19606679677963257,0.0
204,11.393539428710938,0.9954408407211304,0.0003094059356953949,0.1850336343050003,0.0
205,11.078251838684082,0.9985795617103577,0.0011054184287786484,0.19111913442611694,0.0002813730970956385
206,12.656942367553711,0.9990530014038086,0.000294811325147748,0.19650137424468994,0.0
207,10.439529418945312,1.0,0.0,0.20567211508750916,0.0
208,9.610908508300781,1.0,0.0,0.18932951986789703,0.0
209,10.867839813232422,0.9985795617103577,0.00028669723542407155,0.18520373106002808,0.00027839644462801516
210,10.955472946166992,0.9988839626312256,0.00027901786961592734,0.1806791126728058,0.0
211,12.935226440429688,0.997726559638977,0.00027901786961592734,0.19702601432800293,0.0
212,10.630887985229492,0.9987980723381042,0.0,0.19542138278484344,0.0
213,11.836886405944824,0.9989224076271057,0.000604185916017741,0.20578116178512573,0.0002886836009565741
214,11.349191665649414,1.0,0.0,0.19117406010627747,0.0
215,11.203591346740723,0.9984375238418579,0.0,0.18282674252986908,0.0
216,13.254951477050781,0.999218761920929,0.0,0.19067154824733734,0.0
217,12.355387687683105,1.0,0.0,0.18916691839694977,0.0
218,10.568743705749512,0.9965150356292725,0.0,0.1898718774318695,0.0
219,11.101428985595703,0.9988839626312256,0.0006156446179375052,0.1911095678806305,0.0
220,12.729804992675781,1.0,0.0,0.20435106754302979,0.0
221,11.636999130249023,0.9989224076271057,0.0005614525871351361,0.20267681777477264,0.00028620491502806544
222,12.232317924499512,0.9966739416122437,0.0014213374815881252,0.19938325881958008,0.0
223,10.147662162780762,1.0,0.0,0.19857876002788544,0.0
224,10.956467628479004,1.0,0.0005296610179357231,0.18272358179092407,0.0
225,11.613543510437012,0.9972392320632935,0.0,0.19080619513988495,0.0
226,11.859127044677734,1.0,0.0008736138115637004,0.18908023834228516,0.0
227,12.479007720947266,1.0,0.00026483050896786153,0.19126620888710022,0.0
228,11.067075729370117,0.9982638955116272,0.00028935185400769114,0.18871238827705383,0.0
229,12.839767456054688,1.0,0.0,0.19225478172302246,0.0
230,11.05966854095459,0.9988839626312256,0.0,0.18037757277488708,0.0
231,12.127095222473145,0.9989919662475586,0.0005930698243901134,0.2074386477470398,0.0
232,11.422114372253418,1.0,0.000294811325147748,0.18346965312957764,0.00027925160247832537
233,12.186291694641113,0.9973392486572266,0.0008343135705217719,0.19293083250522614,0.0
234,10.953429222106934,0.9987980723381042,0.00035511364694684744,0.2080419659614563,0.0
235,11.373973846435547,1.0,0.0005789021961390972,0.1951735019683838,0.00028735632076859474
236,12.070061683654785,0.998641312122345,0.00028935185400769114,0.18886271119117737,0.0
237,12.569350242614746,0.9987499713897705,0.0008544914308004081,0.1750139594078064,0.00027901786961592734
238,11.284615516662598,1.0,0.0011408324353396893,0.20373307168483734,0.0
239,11.405619621276855,0.9977678656578064,0.0002765486715361476,0.1871490478515625,0.0
240,10.925007820129395,0.9979166984558105,0.0,0.18045228719711304,0.0
241,13.822115898132324,1.0,0.0011665726779028773,0.2006734013557434,0.0005760368658229709
242,11.551405906677246,1.0,0.000294811325147748,0.1887129247188568,0.0
243,12.27391529083252,0.9985795617103577,0.0018217372708022594,0.18842419981956482,0.0
244,12.637197494506836,1.0,0.0005188955692574382,0.18964549899101257,0.0
245,11.5845365524292,0.9986978769302368,0.0008834019536152482,0.195705384016037,0.0
246,12.793464660644531,0.9988425970077515,0.00041953346226364374,0.19738373160362244,0.00027785496786236763
247,11.392136573791504,1.0,0.0,0.1973273754119873,0.0
248,12.27908992767334,0.9991554021835327,0.0,0.18446439504623413,0.0
249,12.013073921203613,1.0,0.00110090512316674,0.1913798749446869,0.0
250,11.030840873718262,0.9989919662475586,0.0006010171491652727,0.18042510747909546,0.0
251,11.879798889160156,0.9976943731307983,0.00026260505546815693,0.19715099036693573,0.0
252,10.927855491638184,0.9989583492279053,0.00028153153834864497,0.19422975182533264,0.0
253,11.357769966125488,0.9972618818283081,0.0,0.1876184344291687,0.0
254,12.43613338470459,0.9978660345077515,0.001142417429946363,0.20422405004501343,0.00028563267551362514
255,13.193085670471191,0.9978423118591309,0.00027901786961592734,0.19609293341636658,0.0
256,12.475805282592773,0.996801495552063,0.0002604166802484542,0.17838415503501892,0.0
257,10.770333290100098,0.9955107569694519,0.0003188775444868952,0.18903416395187378,0.0
258,12.497212409973145,0.9979502558708191,0.0005493023199960589,0.18101510405540466,0.0
259,11.633563041687012,1.0,0.0,0.20362606644630432,0.0
260,13.134197235107422,0.9988425970077515,0.00024801588733680546,0.1951315551996231,0.0002772386942524463
261,11.074832916259766,1.0,0.0005965909222140908,0.1805150806903839,0.0
262,12.028298377990723,1.0,0.001098396023735404,0.19171923398971558,0.0
263,12.003928184509277,0.9984375238418579,0.0006009615608491004,0.1955874264240265,0.0002863688569050282
264,11.86036205291748,0.9988425970077515,0.0003004807804245502,0.19995282590389252,0.0
265,13.510048866271973,0.9994419813156128,0.0007908606785349548,0.19584602117538452,0.0
266,12.066255569458008,0.9990530014038086,0.0,0.18026117980480194,0.0
267,13.573934555053711,0.9991319179534912,0.0,0.18560294806957245,0.0
268,12.849019050598145,0.9968390464782715,0.0,0.18819157779216766,0.0
269,11.473201751708984,0.9980158805847168,0.0005582136800512671,0.19969430565834045,0.0
270,13.254137992858887,1.0,0.0,0.19960525631904602,0.0
271,12.553594589233398,0.9974839091300964,0.0008933433564379811,0.18966178596019745,0.0002865329443011433
272,12.482595443725586,0.9977509379386902,0.0003124999930150807,0.18821050226688385,0.0
273,12.783652305603027,0.9985119104385376,0.0019928012043237686,0.1849418729543686,0.0002875215723179281
274,11.9862642288208,1.0,0.00029761905898340046,0.19373531639575958,0.0
275,11.815353393554688,1.0,0.0005232415860518813,0.1923416256904602,0.0
276,13.211590766906738,1.0,0.000563672452699393,0.20073500275611877,0.00028818444116041064
277,13.04997444152832,1.0,0.0008596397819928825,0.19182485342025757,0.0005699629546143115
278,13.255897521972656,0.9988839626312256,0.0006301038665696979,0.19160246849060059,0.00028935185400769114
279,12.313591957092285,1.0,0.0,0.20058071613311768,0.0
280,12.465210914611816,0.9989583492279053,0.000883587053976953,0.1973554790019989,0.0002843332476913929
281,13.793168067932129,0.9972689151763916,0.0008498508250340819,0.18959516286849976,0.00028208745061419904
282,13.058822631835938,0.9987499713897705,0.0003188775444868952,0.19914157688617706,0.0
283,11.892789840698242,1.0,0.0005506714805960655,0.1919742226600647,0.0
284,12.080357551574707,0.9991071224212646,0.0006115402793511748,0.17325541377067566,0.0
285,12.651327133178711,0.9989919662475586,0.0003221649385523051,0.19302529096603394,0.0
286,12.184202194213867,1.0,0.0008896656800061464,0.18210943043231964,0.0
287,12.308073997497559,1.0,0.0006068533402867615,0.19008837640285492,0.0
288,11.63996696472168,0.9989919662475586,0.0,0.1984005868434906,0.0
289,13.0972318649292,0.9973472356796265,0.0002840909000951797,0.19779792428016663,0.0
290,13.051137924194336,1.0,0.0,0.17706239223480225,0.0
291,13.552370071411133,0.9989224076271057,0.0005815085605718195,0.1959851086139679,0.0005733944708481431
292,13.790910720825195,0.9985795617103577,0.0005608200444839895,0.1962241232395172,0.0
293,11.616143226623535,0.9989583492279053,0.0,0.19067025184631348,0.0
294,13.806883811950684,0.9972355365753174,0.0003221649385523051,0.18437981605529785,0.0
295,12.824246406555176,0.9991776347160339,0.0002741228090599179,0.18249182403087616,0.0
296,13.39691162109375,0.9980449676513672,0.0,0.19611960649490356,0.0
297,12.161906242370605,1.0,0.0002840909000951797,0.19117037951946259,0.0
298,14.257696151733398,0.9972801208496094,0.0008960852865129709,0.20522764325141907,0.0005514199147000909
299,13.237381935119629,0.9988839626312256,0.0005829212022945285,0.18262703716754913,0.0
300,13.165681838989258,0.9988425970077515,0.0005717418389394879,0.18654803931713104,0.0002837684587575495
301,13.147765159606934,0.9988425970077515,0.00028669723542407155,0.1934381127357483,0.0
302,12.326972007751465,0.9962519407272339,0.0005660031456500292,0.18917840719223022,0.0002789400168694556
303,13.021795272827148,0.9993206262588501,0.0005655534332618117,0.19404901564121246,0.0
304,13.571257591247559,1.0,0.0005258041201159358,0.19148403406143188,0.0
305,11.872262001037598,0.9953033924102783,0.0014170848298817873,0.18440812826156616,0.00028612304595299065
306,14.671317100524902,1.0,0.00027901786961592734,0.1992182433605194,0.0
307,12.485892295837402,1.0,0.00043803179869428277,0.17915630340576172,0.0002762430813163519
308,11.76833724975586,0.9985795617103577,0.0005165289039723575,0.19036345183849335,0.0
309,14.15922737121582,0.9990234375,0.0005411356687545776,0.20120278000831604,0.0
310,13.040430068969727,0.9986978769302368,0.0,0.19492042064666748,0.0
311,13.694169044494629,0.9968243837356567,0.0,0.18866683542728424,0.0
312,14.003059387207031,0.9988425970077515,0.0011259692255407572,0.19108006358146667,0.0
313,12.581140518188477,0.9978511333465576,0.0005150982760824263,0.18466758728027344,0.0
314,12.540818214416504,0.9973214268684387,0.000543519388884306,0.18783307075500488,0.0
315,11.530778884887695,0.9990234375,0.0006068533402867615,0.1861831694841385,0.0
316,14.456704139709473,0.9988425970077515,0.0008671932737343013,0.18508554995059967,0.0005575689719989896
317,13.201282501220703,0.9973545074462891,0.0,0.19753676652908325,0.0
318,12.80932903289795,0.9963011145591736,0.0005587452324107289,0.19953322410583496,0.0
319,13.444788932800293,0.9987499713897705,0.0011946340091526508,0.1903139054775238,0.0
320,13.275036811828613,1.0,0.0008791671716608107,0.19350892305374146,0.0005787037080153823
321,15.476252555847168,0.9978189468383789,0.001180495135486126,0.20193630456924438,0.00027739250799641013
322,12.896339416503906,0.9991319179534912,0.00051448168233037,0.18378229439258575,0.0
323,12.83233642578125,0.9964582920074463,0.000635744072496891,0.19622862339019775,0.0
324,12.383231163024902,1.0,0.0002561475266702473,0.19479510188102722,0.0002889338356908411
325,13.315007209777832,1.0,0.0008017426589503884,0.18679088354110718,0.0
326,13.809996604919434,0.9973295331001282,0.0005689776153303683,0.18398329615592957,0.00028232636395841837
327,15.245644569396973,1.0,0.0005062803393229842,0.20528581738471985,0.00028760425630025566
328,13.229718208312988,0.9957389235496521,0.0008317310130223632,0.1985723078250885,0.0
329,14.191337585449219,0.9979369640350342,0.00026483050896786153,0.17710615694522858,0.0
330,13.446059226989746,0.9963695406913757,0.0014939263928681612,0.20142120122909546,0.0
331,13.110965728759766,0.9972456097602844,0.0005537912948057055,0.19167153537273407,0.0
332,13.717995643615723,0.9965232610702515,0.0006636235630139709,0.18609265983104706,0.0
333,12.150775909423828,0.9988425970077515,0.0,0.18987786769866943,0.0
334,12.768610954284668,0.9975961446762085,0.0005532706854864955,0.19578303396701813,0.0
335,11.779921531677246,0.9951213598251343,0.0002840909000951797,0.18124587833881378,0.0
336,13.503474235534668,0.9986978769302368,0.00028669723542407155,0.19615831971168518,0.0
337,14.167171478271484,0.996874988079071,0.0003124999930150807,0.19383080303668976,0.0
338,12.650167465209961,1.0,0.000924452324397862,0.20008760690689087,0.00028768699849024415
339,13.226007461547852,0.9991776347160339,0.0008503778371959925,0.1845371127128601,0.0
340,13.73338794708252,0.9961273670196533,0.0011012190952897072,0.20336174964904785,0.000563856796361506
341,12.724340438842773,0.9960578083992004,0.0002540650311857462,0.19345661997795105,0.0
342,13.467018127441406,1.0,0.0011311874259263277,0.20292633771896362,0.0
343,14.014659881591797,0.9954792857170105,0.0005982093862257898,0.18495315313339233,0.00028801843291148543
344,12.694123268127441,0.9987499713897705,0.001154551049694419,0.18392857909202576,0.0002783189411275089
345,14.526341438293457,1.0,0.0006071297684684396,0.18526531755924225,0.0
346,15.32715129852295,0.9983552694320679,0.0011696883011609316,0.19458931684494019,0.0005719187902286649
347,12.990225791931152,1.0,0.0009003861341625452,0.1853867471218109,0.0
348,14.238616943359375,0.9988839626312256,0.0017263256013393402,0.1955537050962448,0.0002886836009565741
349,12.874279022216797,0.9988839626312256,0.00094551220536232,0.1851789802312851,0.0002783189411275089
350,13.8985013961792,0.9974343180656433,0.0008752407738938928,0.1979956030845642,0.0
351,14.88864517211914,0.997592568397522,0.0005131569923833013,0.2068811058998108,0.00028224667767062783
352,14.6297025680542,0.9990530014038086,0.001136040547862649,0.19466586410999298,0.0
353,12.516207695007324,0.9963703155517578,0.0005657151341438293,0.19183990359306335,0.0
354,13.307682991027832,0.9987980723381042,0.0011500680120661855,0.18659979104995728,0.0
355,12.747170448303223,0.9989919662475586,0.000586867390666157,0.1923547238111496,0.0
356,13.5259370803833,0.9971052408218384,0.001463410910218954,0.20006707310676575,0.0002857959480024874
357,14.242984771728516,1.0,0.0008203646866604686,0.1921631097793579,0.0
358,14.173571586608887,0.9987499713897705,0.0007084942189976573,0.1918594092130661,0.0005567928892560303
359,14.98957347869873,1.0,0.00028935185400769114,0.19627952575683594,0.0
360,13.503499984741211,0.9989583492279053,0.0,0.20009030401706696,0.0
361,14.203680038452148,0.997830867767334,0.0011433657491579652,0.19670452177524567,0.0002870263997465372
362,14.258241653442383,0.9965009689331055,0.0014895661734044552,0.20178627967834473,0.000866300892084837
363,15.328068733215332,0.9970078468322754,0.0010805238271132112,0.2077191025018692,0.0002768549311440438
364,13.279882431030273,1.0,0.0006222076481208205,0.20335431396961212,0.0
365,14.271092414855957,0.9965511560440063,0.0008989913621917367,0.1904590129852295,0.0002796420594677329
366,13.00269889831543,0.9984375238418579,0.001138861756771803,0.20301838219165802,0.00028935185400769114
367,12.82792854309082,0.9988839626312256,0.0015669511631131172,0.18287605047225952,0.0
368,13.509265899658203,1.0,0.0008992673829197884,0.18419449031352997,0.00028208745061419904
369,13.77953815460205,0.9982638955116272,0.0009220069623552263,0.18590465188026428,0.0
370,14.10821533203125,0.997632622718811,0.0011685040080919862,0.18304599821567535,0.0002864508714992553
371,12.344332695007324,1.0,0.0005459452513605356,0.19615556299686432,0.00028818444116041064
372,14.694427490234375,0.9990530014038086,0.0008691635448485613,0.20883189141750336,0.0
373,14.476712226867676,0.9986978769302368,0.0,0.18717727065086365,0.0
374,14.579419136047363,1.0,0.0010833677370101213,0.19782018661499023,0.0
375,14.289440155029297,1.0,0.00026483050896786153,0.19867181777954102,0.0
376,13.902647972106934,0.9973295331001282,0.0003124999930150807,0.1975020319223404,0.00028801843291148543
377,13.381107330322266,1.0,0.0008201978635042906,0.1903248280286789,0.0002789400168694556
378,14.651806831359863,0.9976898431777954,0.0005022105178795755,0.18835562467575073,0.00028612304595299065
379,15.159393310546875,0.9986978769302368,0.00028935185400769114,0.1754126399755478,0.0
380,13.681609153747559,0.9953989386558533,0.0014416450867429376,0.19944190979003906,0.0
381,15.198874473571777,0.9945168495178223,0.0006097706500440836,0.2072499692440033,0.0002794076572172344
382,14.978062629699707,0.9991071224212646,0.0015664107631891966,0.19114476442337036,0.00028280544211156666
383,14.084480285644531,1.0,0.000819892156869173,0.21114951372146606,0.0
384,15.052491188049316,0.9986978769302368,0.0014879382215440273,0.18793100118637085,0.0005748778348788619
385,13.897994041442871,1.0,0.000879184459336102,0.19487282633781433,0.0
386,14.612374305725098,1.0,0.00026483050896786153,0.1983870565891266,0.0
387,13.691644668579102,1.0,0.0008303792565129697,0.18939432501792908,0.00028490027762018144
388,14.415868759155273,1.0,0.0015508100623264909,0.18376123905181885,0.0
389,15.215229034423828,1.0,0.0005841631791554391,0.2072370946407318,0.000286861730273813
390,14.158308029174805,0.9975404739379883,0.0,0.2015199214220047,0.0
391,15.188864707946777,0.9987499713897705,0.0006201124051585793,0.1904800981283188,0.0
392,13.795233726501465,0.9953596591949463,0.0010605331044644117,0.20017650723457336,0.0005745475646108389
393,13.642306327819824,1.0,0.000559150124900043,0.19643552601337433,0.0
394,13.666452407836914,0.998641312122345,0.0014485178980976343,0.18548917770385742,0.0
395,13.511031150817871,0.9978660345077515,0.001153784105554223,0.19215834140777588,0.0
396,13.628240585327148,1.0,0.0016082196962088346,0.21049141883850098,0.0002837684587575495
397,14.330954551696777,1.0,0.0010343161411583424,0.19778010249137878,0.00028768699849024415
398,14.628067970275879,1.0,0.0017520617693662643,0.19017153978347778,0.0
399,13.774751663208008,0.9987980723381042,0.0005845716805197299,0.1817600280046463,0.00028694403590634465
400,13.545079231262207,1.0,0.0017899831291288137,0.1862311065196991,0.0
401,14.173829078674316,0.9964243769645691,0.0013115336187183857,0.19069910049438477,0.00028514399309642613
402,15.36242389678955,0.9976851940155029,0.00027173911803402007,0.2096509486436844,0.0
403,14.175121307373047,0.9987980723381042,0.0008858712390065193,0.19782906770706177,0.0
404,13.507862091064453,0.9973776340484619,0.0014414553297683597,0.18095102906227112,0.00028876695432700217
405,14.010428428649902,0.9990530014038086,0.0012021672446280718,0.173855260014534,0.00027693159063346684
406,14.566703796386719,0.9985119104385376,0.0005020808894187212,0.18865668773651123,0.0
407,14.351617813110352,0.9989919662475586,0.0,0.19583481550216675,0.0
408,13.469816207885742,0.996573805809021,0.0011565934401005507,0.20217660069465637,0.00029027575510554016
409,14.350339889526367,0.9975818395614624,0.0002840909000951797,0.18531297147274017,0.0002772386942524463
410,13.310884475708008,0.9982638955116272,0.000623788801021874,0.19398048520088196,0.0002824061084538698
411,13.416646003723145,1.0,0.00028153153834864497,0.1860969364643097,0.0
412,14.941011428833008,0.9987499713897705,0.00147340539842844,0.2019747793674469,0.0002867794537451118
413,14.878137588500977,0.9989224076271057,0.0006535947904922068,0.1915615051984787,0.00028768699849024415
414,14.065142631530762,1.0,0.0005436426727101207,0.1905408799648285,0.0
415,13.815094947814941,0.9967350363731384,0.0011893488699570298,0.1963578462600708,0.00028425242635421455
416,14.863040924072266,0.9985795617103577,0.0023110113106667995,0.19845783710479736,0.0005664117634296417
417,13.199359893798828,1.0,0.00031565656536258757,0.19556212425231934,0.0002871912729460746
418,13.65401554107666,0.9988425970077515,0.0,0.18887758255004883,0.0
419,13.738938331604004,1.0,0.0008676607394590974,0.18165156245231628,0.0
420,14.199463844299316,1.0,0.00031565656536258757,0.20168301463127136,0.0
421,14.63169002532959,0.9990234375,0.0011005825363099575,0.18764808773994446,0.0
422,13.576153755187988,0.9979458451271057,0.0,0.19336429238319397,0.0
423,14.484333038330078,0.9961322546005249,0.0011078746756538749,0.19853045046329498,0.00027839644462801516
424,13.017109870910645,0.9990234375,0.0010090237483382225,0.1992671936750412,0.0
425,14.221454620361328,1.0,0.0008630400989204645,0.18956035375595093,0.0
426,13.216265678405762,0.9985119104385376,0.0005896751536056399,0.20547659695148468,0.0002853881160262972
427,14.687859535217285,0.996616005897522,0.0005582136800512671,0.18799830973148346,0.0005787037080153823
428,14.435386657714844,1.0,0.001274839392863214,0.19092446565628052,0.0008331019198521972
429,14.565906524658203,0.9984375238418579,0.001987557392567396,0.1949937641620636,0.0
430,13.961977005004883,1.0,0.0010648167226463556,0.1883111298084259,0.0005652911495417356
431,14.526556968688965,1.0,0.000559150124900043,0.20073461532592773,0.00028760425630025566
432,14.839147567749023,0.9971354007720947,0.00092836725525558,0.19125708937644958,0.00028876695432700217
433,15.154138565063477,0.9982430934906006,0.0011929624015465379,0.19839221239089966,0.0
434,15.13354778289795,1.0,0.00025826445198617876,0.18935582041740417,0.0
435,14.753260612487793,1.0,0.0011008161818608642,0.20926830172538757,0.0
436,15.011902809143066,0.9991554021835327,0.0007664035074412823,0.1917009949684143,0.0005732301506213844
437,14.649827003479004,1.0,0.0013361540623009205,0.20080384612083435,0.0002801120572257787
438,13.62399673461914,0.9957950115203857,0.0011427464196458459,0.18570218980312347,0.00028304557781666517
439,14.393169403076172,0.9969260692596436,0.0008224105695262551,0.2001575231552124,0.0
440,16.023746490478516,0.9984375238418579,0.0005232415860518813,0.20059865713119507,0.0
441,15.55252456665039,1.0,0.0005757691105827689,0.19600971043109894,0.0
442,14.203107833862305,1.0,0.000814704573713243,0.19581258296966553,0.0
443,15.080803871154785,0.998161792755127,0.0007852455601096153,0.19438865780830383,0.00028514399309642613
444,15.001830101013184,0.9988839626312256,0.002169208601117134,0.20584967732429504,0.0
445,13.406935691833496,0.9972208738327026,0.0008405367843806744,0.18740418553352356,0.0002877697697840631
446,15.499913215637207,0.9974839091300964,0.0013822815380990505,0.20033949613571167,0.0002878526283893734
447,15.834261894226074,0.9991071224212646,0.0013629305176436901,0.1958015114068985,0.00027570995735004544
448,15.352418899536133,0.9987980723381042,0.0005296610179357231,0.1910967230796814,0.0
449,13.127995491027832,0.9989224076271057,0.00028935185400769114,0.18480578064918518,0.0
450,14.9876708984375,0.9965883493423462,0.0005849295994266868,0.18744845688343048,0.0
451,14.571202278137207,0.9988839626312256,0.0015103449113667011,0.20475900173187256,0.0
452,14.305665969848633,1.0,0.00026939655072055757,0.18637046217918396,0.0
453,14.41804313659668,1.0,0.000292056065518409,0.20417064428329468,0.00028604117687791586
454,15.282669067382812,0.9988839626312256,0.0008255057036876678,0.1940561681985855,0.0
455,15.132253646850586,0.9971591234207153,0.0012135945726186037,0.1998450756072998,0.00028901733458042145
456,15.155675888061523,0.9988839626312256,0.0004054726450704038,0.20320329070091248,0.0
457,13.463188171386719,0.9989224076271057,0.0005909374449402094,0.1734524965286255,0.0005693139974027872
458,15.617157936096191,0.9988839626312256,0.000922851380892098,0.1908671259880066,0.0
459,14.108036041259766,0.9973545074462891,0.001370834419503808,0.19184738397598267,0.0
460,14.988931655883789,1.0,0.0016329409554600716,0.19398918747901917,0.0002796420594677329
461,14.616482734680176,1.0,0.0017311765113845468,0.19407343864440918,0.0005651313695125282
462,13.78992748260498,0.9990530014038086,0.00024801588733680546,0.19999149441719055,0.0002865329443011433
463,14.06227970123291,1.0,0.0005727945826947689,0.18867826461791992,0.0
464,15.1105375289917,1.0,0.0011278706369921565,0.19537118077278137,0.00028768699849024415
465,14.84576416015625,0.998641312122345,0.0008943848079070449,0.1926288902759552,0.0
466,14.51086139678955,0.9978511333465576,0.0002540650311857462,0.187992125749588,0.0
467,14.32400131225586,0.9974960088729858,0.0008120310958474874,0.19353899359703064,0.0
468,15.257953643798828,1.0,0.0008596308762207627,0.2002519965171814,0.0
469,16.71493911743164,0.9975446462631226,0.0014127346221357584,0.1980137974023819,0.0005772005533799529
470,13.878453254699707,1.0,0.0014098113169893622,0.18581300973892212,0.00027770063024945557
471,14.170520782470703,0.9985119104385376,0.00026939655072055757,0.19354990124702454,0.0
472,15.074036598205566,0.9981211423873901,0.0016414034180343151,0.1843475103378296,0.0005646527279168367
473,13.66247272491455,1.0,0.0008186218328773975,0.1805228888988495,0.0005780346691608429
474,13.735870361328125,0.9979234933853149,0.00028669723542407155,0.20442600548267365,0.0
475,14.5786771774292,1.0,0.00027901786961592734,0.18871372938156128,0.0
476,15.348767280578613,0.9991071224212646,0.0,0.1934249997138977,0.0
477,15.050312995910645,0.9964062571525574,0.0020245597697794437,0.186915785074234,0.0
478,15.910910606384277,0.9974221587181091,0.0005820123478770256,0.1966349184513092,0.0
479,14.938888549804688,0.9985119104385376,0.0012343687703832984,0.18177548050880432,0.0
480,14.704254150390625,0.99772047996521,0.0009259259095415473,0.18633273243904114,0.0005724098300561309
481,13.804140090942383,0.9942740201950073,0.0008856395725160837,0.20454023778438568,0.0
482,14.608114242553711,0.9985795617103577,0.0005791506264358759,0.18815961480140686,0.0
483,14.094220161437988,0.997672438621521,0.0008278893656097353,0.1952342689037323,0.0005785363027825952
484,14.81592845916748,1.0,0.0005760490894317627,0.1942242681980133,0.00027793218032456934
485,15.344632148742676,1.0,0.0016418142477050424,0.20067088305950165,0.00028514399309642613
486,13.572554588317871,0.9987499713897705,0.0011554511729627848,0.20124556124210358,0.0002826455747708678
487,13.479058265686035,1.0,0.000292056065518409,0.19005027413368225,0.00028801843291148543
488,14.515439987182617,1.0,0.0008703033672645688,0.1998700052499771,0.0002794857427943498
489,14.019112586975098,0.9988839626312256,0.0016700606793165207,0.19137772917747498,0.0
490,14.643335342407227,0.9989583492279053,0.0005574218230322003,0.19585976004600525,0.0
491,13.696650505065918,0.9973787069320679,0.00026709403027780354,0.18605200946331024,0.00028506270609796047
492,14.348430633544922,0.9990530014038086,0.002261973451822996,0.19479449093341827,0.0005768676055595279
493,13.733258247375488,0.9989224076271057,0.0017087088199332356,0.2023928463459015,0.0002776235342025757
494,14.590662002563477,0.998641312122345,0.0014686493668705225,0.2065504640340805,0.0005701254121959209
495,14.980920791625977,1.0,0.0017653706017881632,0.2071934938430786,0.00028604117687791586
496,14.220151901245117,0.9990234375,0.0011531434720382094,0.20111623406410217,0.0002864508714992553
497,14.668037414550781,0.9973958134651184,0.001133012236095965,0.1859341561794281,0.0002877697697840631
498,14.625948905944824,0.9977899789810181,0.0014719353057444096,0.207276850938797,0.00027824152493849397
499,16.643756866455078,0.9986978769302368,0.0014153902884572744,0.2041049748659134,0.00028530671261250973
500,13.9635591506958,0.9964919090270996,0.001381746493279934,0.1986931562423706,0.0
501,14.512430191040039,0.9987980723381042,0.001714169979095459,0.20522359013557434,0.0002883506240323186
502,15.568798065185547,0.9977564215660095,0.0014200917212292552,0.20348906517028809,0.0002787844859994948
503,14.068611145019531,0.9985119104385376,0.001128670759499073,0.18584951758384705,0.0
504,13.590819358825684,0.9985795617103577,0.0014386501861736178,0.18803289532661438,0.0002881014079321176
505,15.833451271057129,0.9974393844604492,0.0005397959612309933,0.2060176432132721,0.0
506,14.621208190917969,0.9985795617103577,0.0011579811107367277,0.1949320137500763,0.00028885036590509117
507,14.572265625,0.9986978769302368,0.001421057851985097,0.2039111852645874,0.00027777778450399637
508,14.091623306274414,0.9990808963775635,0.00203468045219779,0.18741442263126373,0.0002837684587575495
509,15.913530349731445,1.0,0.0009453048696741462,0.1922139674425125,0.0005701254121959209
510,14.580766677856445,0.9976190328598022,0.0005799467326141894,0.1894245743751526,0.00028760425630025566
511,14.111546516418457,0.9976029992103577,0.0007749442593194544,0.18535062670707703,0.0
512,14.351933479309082,0.9975481033325195,0.0009078496368601918,0.19889616966247559,0.0
513,13.971864700317383,0.998641312122345,0.0006477030110545456,0.1975523829460144,0.0
514,15.440141677856445,0.9986978769302368,0.0008170097135007381,0.19962286949157715,0.0
515,15.489579200744629,0.9989919662475586,0.0017307859379798174,0.1988706886768341,0.0005793742602691054
516,14.84949016571045,0.9986978769302368,0.0012035896070301533,0.20261502265930176,0.0002783189411275089
517,16.07994270324707,1.0,0.0022169421426951885,0.20008647441864014,0.0
518,15.36136245727539,1.0,0.0013348986394703388,0.20592112839221954,0.00028694403590634465
519,14.708892822265625,0.9989224076271057,0.0008501718984916806,0.1875057816505432,0.0
520,14.55296802520752,0.9987499713897705,0.0006566281663253903,0.19300371408462524,0.0
521,13.308270454406738,1.0,0.001855160458944738,0.19594472646713257,0.0005599104333668947
522,14.779882431030273,0.9991319179534912,0.001692365389317274,0.19984136521816254,0.0
523,15.473886489868164,0.9977899789810181,0.00028153153834864497,0.20103950798511505,0.0
524,14.991622924804688,0.9990234375,0.0016540621872991323,0.18405717611312866,0.0
525,14.112778663635254,1.0,0.0011759127955883741,0.1922413557767868,0.0
526,15.50991153717041,0.9966530799865723,0.001371611375361681,0.1957874596118927,0.0
527,15.188173294067383,0.998160183429718,0.0012110087554901838,0.18693596124649048,0.0
528,14.429556846618652,0.9988425970077515,0.0005925368750467896,0.18216174840927124,0.0
529,13.860032081604004,0.9960648417472839,0.000843981106299907,0.2027582973241806,0.0
530,14.822299003601074,0.9986978769302368,0.0006237587076611817,0.18869681656360626,0.0002790957223623991
531,15.560226440429688,0.9969692826271057,0.001444015884771943,0.20009636878967285,0.00028288541943766177
532,14.681231498718262,1.0,0.0017853721510618925,0.21568594872951508,0.0002855511265806854
533,14.421805381774902,1.0,0.0019396771676838398,0.18721574544906616,0.00028743891743943095
534,13.237860679626465,0.9988425970077515,0.0014375320170074701,0.19653260707855225,0.0002883506240323186
535,14.207853317260742,0.9989919662475586,0.0018534839618951082,0.19247552752494812,0.0
536,15.929003715515137,0.9959467053413391,0.0014098809333518147,0.1798470914363861,0.0005691519472748041
537,14.576872825622559,0.9954829216003418,0.0021385676227509975,0.20288234949111938,0.0005670541431754827
538,16.283340454101562,0.9978030323982239,0.0005681818001903594,0.1940750926733017,0.0
539,15.132686614990234,0.9990234375,0.0014108819887042046,0.21310684084892273,0.0
540,13.812760353088379,0.9986978769302368,0.0010272912913933396,0.18678401410579681,0.0
541,15.194721221923828,0.9975961446762085,0.0013533540768548846,0.1899489015340805,0.0
542,15.933797836303711,0.9988839626312256,0.0008197170682251453,0.19977670907974243,0.0
543,13.857263565063477,0.9962393045425415,0.0014547579921782017,0.20367398858070374,0.0
544,14.755969047546387,0.998641312122345,0.002482373733073473,0.19386479258537292,0.0
545,15.96625804901123,0.9975481033325195,0.00149027060251683,0.20667099952697754,0.0002835270715877414
546,14.226956367492676,0.9988425970077515,0.0014508971944451332,0.19027380645275116,0.00028768699849024415
547,14.82445240020752,0.9988425970077515,0.0008259215392172337,0.1938273310661316,0.0
548,14.375,1.0,0.0028338851407170296,0.20021483302116394,0.0
549,16.49197769165039,0.9964063167572021,0.0009436921682208776,0.19646486639976501,0.0002790957223623991
550,15.471570014953613,0.9978422522544861,0.0017082621343433857,0.19694671034812927,0.0
551,13.959309577941895,0.9974960088729858,0.00165723473764956,0.18361251056194305,0.0
552,15.656916618347168,0.9985795617103577,0.0008384180837310851,0.1967712640762329,0.00028620491502806544
553,14.8345308303833,0.9963311553001404,0.0008724323706701398,0.18865293264389038,0.0
554,15.463563919067383,1.0,0.0022701756097376347,0.1994527280330658,0.0
555,15.176624298095703,0.9975961446762085,0.0015223475638777018,0.20978417992591858,0.0
556,15.42690372467041,0.9963877201080322,0.0020064928103238344,0.21093668043613434,0.0
557,15.569779396057129,1.0,0.0016808760119602084,0.1993199586868286,0.00029052875470370054
558,15.07371711730957,0.9988425970077515,0.0016892654821276665,0.19932281970977783,0.0002768549311440438
559,15.625553131103516,1.0,0.0014360732166096568,0.1980379968881607,0.0002824061084538698
560,15.880746841430664,0.9978063106536865,0.001254445523954928,0.200565904378891,0.0002883506240323186
561,14.209451675415039,0.9980654716491699,0.0011623151367530227,0.20088964700698853,0.00028694403590634465
562,14.812373161315918,1.0,0.0011459264205768704,0.18803775310516357,0.0005750431446358562
563,14.665599822998047,0.9986978769302368,0.0016721442807465792,0.20947541296482086,0.0002786291588563472
564,14.3411226272583,1.0,0.00254293461330235,0.19821210205554962,0.0008539709961041808
565,14.977893829345703,0.9986978769302368,0.002974854549393058,0.20157256722450256,0.0008496176451444626
566,16.623184204101562,0.9978819489479065,0.0011560441926121712,0.18871957063674927,0.0
567,13.927909851074219,0.9975481033325195,0.001407816307619214,0.208368718624115,0.0
568,15.49351692199707,1.0,0.0009638024494051933,0.2027604728937149,0.0
569,14.442472457885742,0.9978215098381042,0.0011753649450838566,0.20349527895450592,0.0
570,13.689223289489746,1.0,0.001728637726046145,0.18938413262367249,0.0
571,15.251474380493164,0.9972826242446899,0.0014529852196574211,0.19119501113891602,0.0
572,14.75059986114502,0.997672438621521,0.0016589740989729762,0.1872093230485916,0.0
573,15.872088432312012,0.9978758692741394,0.0019281619461253285,0.19412736594676971,0.0002840909000951797
574,15.259174346923828,0.9988425970077515,0.0011227111099287868,0.2008751630783081,0.0002879355160985142
575,14.400142669677734,0.9990530014038086,0.0019861601758748293,0.2017783522605896,0.0002853881160262972
576,14.586531639099121,0.997726559638977,0.001757483696565032,0.19363823533058167,0.0005788712296634912
577,14.435076713562012,0.9962683320045471,0.0020400620996952057,0.19733624160289764,0.0
578,15.292750358581543,0.9979757070541382,0.0005820123478770256,0.19259124994277954,0.0
579,14.394758224487305,0.9974839091300964,0.0011302594793960452,0.19956010580062866,0.00028232636395841837
580,16.512107849121094,0.996874988079071,0.0012047053314745426,0.20524796843528748,0.0005753739969804883
581,15.837120056152344,0.9978511333465576,0.0023309942334890366,0.20007391273975372,0.0008653014083392918
582,15.161263465881348,0.9950778484344482,0.0019271939527243376,0.18927118182182312,0.00027593818958848715
583,14.14119815826416,0.9990234375,0.0008804750978015363,0.18785375356674194,0.0
584,14.849108695983887,0.9979143142700195,0.0017410359578207135,0.19862745702266693,0.0005668934318237007
585,15.153288841247559,0.998641312122345,0.0014537234092131257,0.19758589565753937,0.0005742176435887814
586,14.944658279418945,1.0,0.0010220508556813002,0.19300352036952972,0.00027995521668344736
587,15.053889274597168,0.9965828657150269,0.0022645406424999237,0.1850663423538208,0.0005654509295709431
588,15.533125877380371,1.0,0.0006555943982675672,0.19485878944396973,0.0002866150753106922
589,13.405227661132812,1.0,0.0014092724304646254,0.19062840938568115,0.0
590,16.568511962890625,0.9974839091300964,0.002018671715632081,0.1920156329870224,0.00028860027668997645
591,14.617229461669922,0.9989224076271057,0.0013327563647180796,0.19362366199493408,0.0002765486715361476
592,15.120033264160156,0.997672438621521,0.0006443298771046102,0.20853795111179352,0.00028563267551362514
593,15.753129005432129,0.9989583492279053,0.0016206370200961828,0.18481843173503876,0.0
594,14.034793853759766,1.0,0.0008943603024818003,0.19180995225906372,0.0
595,14.254940032958984,0.9988425970077515,0.0031178805511444807,0.20511141419410706,0.0
596,15.552824974060059,0.9986978769302368,0.0013819067971780896,0.2057550549507141,0.0
597,16.211984634399414,0.9990808963775635,0.0016698159743100405,0.19804677367210388,0.0
598,14.577493667602539,1.0,0.000906372326426208,0.18964430689811707,0.0002837684587575495
599,14.909594535827637,0.9976943731307983,0.0006249999860301614,0.19539016485214233,0.0
600,14.513542175292969,1.0,0.0005471139447763562,0.19638580083847046,0.0
601,14.386829376220703,1.0,0.0011751982383430004,0.18770518898963928,0.0002832861209753901
602,15.128494262695312,0.9987499713897705,0.0024508191272616386,0.1934092938899994,0.0011448196601122618
603,14.640965461730957,0.9990234375,0.001715411082841456,0.19329947233200073,0.00028669723542407155
604,15.22879409790039,0.9989224076271057,0.0005734665901400149,0.20813524723052979,0.00028885036590509117
605,14.443811416625977,0.9964919090270996,0.0019004461355507374,0.18661516904830933,0.0002763194206636399
606,14.038797378540039,0.9988425970077515,0.0016650506295263767,0.19840121269226074,0.00028498147730715573
607,15.105537414550781,0.9984375238418579,0.0013940433273091912,0.19066661596298218,0.0
608,14.753315925598145,1.0,0.001987508265301585,0.18273432552814484,0.0005773672019131482
609,15.538849830627441,0.9991071224212646,0.001314293360337615,0.21083322167396545,0.0
610,13.944649696350098,0.9988839626312256,0.0026671122759580612,0.1907341480255127,0.0
611,15.25485897064209,0.9978660345077515,0.0,0.19717136025428772,0.0
612,15.089659690856934,0.9934061765670776,0.0013364467304199934,0.2007027119398117,0.0002835270715877414
613,14.596832275390625,0.9968637228012085,0.0010711189825087786,0.19152463972568512,0.0
614,15.965327262878418,0.9976943731307983,0.00033602150506339967,0.2003181129693985,0.0
615,16.24403953552246,0.998641312122345,0.0005434168851934373,0.19043125212192535,0.0
616,14.19357681274414,1.0,0.0013967399718239903,0.20380869507789612,0.0002836879575625062
617,15.26429271697998,0.9966052770614624,0.0015211362624540925,0.17508338391780853,0.0
618,15.390145301818848,0.9987499713897705,0.001974379410967231,0.20852279663085938,0.0005772005533799529
619,15.164671897888184,1.0,0.0019275679951533675,0.19796967506408691,0.0002776235342025757
620,16.02785301208496,0.9989919662475586,0.0014669406227767467,0.18118856847286224,0.0
621,15.384160041809082,1.0,0.0006055748090147972,0.19290703535079956,0.0
622,16.21419906616211,0.9989583492279053,0.0015194619772955775,0.18606382608413696,0.0
623,15.156514167785645,0.9979817867279053,0.0005661788745783269,0.18067798018455505,0.0
624,16.034765243530273,0.9990530014038086,0.0014533279463648796,0.19963841140270233,0.0011289867106825113
625,14.95934009552002,0.998046875,0.0008106395835056901,0.19263392686843872,0.0
626,14.984880447387695,0.998641312122345,0.000564713089261204,0.19096240401268005,0.0002843332476913929
627,14.886612892150879,1.0,0.0011470213066786528,0.18911170959472656,0.00028818444116041064
628,15.338380813598633,0.9964087009429932,0.0026807738468050957,0.1821451187133789,0.0
629,14.93890380859375,1.0,0.0008736770832911134,0.18706709146499634,0.0
630,14.565953254699707,0.9966771602630615,0.0016206670552492142,0.1925472915172577,0.0
631,16.556072235107422,0.9973958730697632,0.0005804953398182988,0.19136759638786316,0.0
632,14.61807632446289,0.9987499713897705,0.001976114697754383,0.19069045782089233,0.0002892681513912976
633,16.095428466796875,0.9983552694320679,0.001651352969929576,0.20720414817333221,0.0
634,15.932686805725098,1.0,0.0011486546136438847,0.20353204011917114,0.00028546960675157607
635,15.538436889648438,0.9975379109382629,0.000893343472853303,0.19593670964241028,0.0005654509295709431
636,15.218428611755371,0.9973214268684387,0.0008744720253162086,0.20479142665863037,0.00028760425630025566
637,15.726503372192383,0.9989224076271057,0.0011572213843464851,0.20175963640213013,0.0
638,14.209341049194336,0.9979754686355591,0.0005484144203364849,0.19395379722118378,0.0
639,14.190643310546875,1.0,0.0013244180008769035,0.19433721899986267,0.000286861730273813
640,13.57830810546875,0.9977484941482544,0.0008617223356850445,0.19833150506019592,0.0005694761057384312
641,15.84061050415039,1.0,0.001757368678227067,0.18624341487884521,0.0002881014079321176
642,15.558052062988281,0.997953474521637,0.0008374460740014911,0.1895652562379837,0.0
643,15.064818382263184,0.9987499713897705,0.0003004807804245502,0.18605080246925354,0.0
644,14.933457374572754,1.0,0.0011564407031983137,0.18468749523162842,0.0005732301506213844
645,15.006792068481445,0.9976029992103577,0.000845406437292695,0.19613423943519592,0.00028612304595299065
646,15.08523941040039,0.9948491454124451,0.0008747422834858298,0.20075607299804688,0.0
647,16.40795135498047,0.9969117641448975,0.002480636350810528,0.18510662019252777,0.00027793218032456934
648,13.860733032226562,0.9991319179534912,0.0008885503048077226,0.185441255569458,0.0
649,14.418542861938477,0.9973214268684387,0.0022038009483367205,0.19394594430923462,0.0002826455747708678
650,14.869731903076172,0.9988425970077515,0.002318603452295065,0.19409415125846863,0.00028801843291148543
651,14.995067596435547,0.9951366186141968,0.0007701978320255876,0.1911698281764984,0.0
652,13.972371101379395,0.9967646598815918,0.0010723407613113523,0.1976003646850586,0.000562746194191277
653,15.551017761230469,0.9988425970077515,0.001075106207281351,0.19915316998958588,0.0002886836009565741
654,16.208906173706055,0.998641312122345,0.001037829089909792,0.18335431814193726,0.00028563267551362514
655,14.40639877319336,0.9991071224212646,0.0008502209093421698,0.19033360481262207,0.00028885036590509117
656,14.854659080505371,0.9982638955116272,0.0012605811934918165,0.19509254395961761,0.00027816410874947906
657,15.39744758605957,1.0,0.0020370404236018658,0.19670678675174713,0.0008484163554385304
658,16.12433433532715,0.994863748550415,0.0007881559431552887,0.19434604048728943,0.0
659,15.08143138885498,1.0,0.0019407130312174559,0.20128917694091797,0.0002878526283893734
660,15.386735916137695,0.998046875,0.0014861146919429302,0.2023526132106781,0.0005758710321970284
661,14.290643692016602,0.9968993067741394,0.0010971766896545887,0.20089299976825714,0.0
662,15.322937965393066,0.998641312122345,0.0011724340729415417,0.1924048215150833,0.0
663,14.568568229675293,0.9976898431777954,0.0005659005255438387,0.19272176921367645,0.0
664,15.498320579528809,0.9986978769302368,0.0008978904224932194,0.1988963782787323,0.0
665,15.004371643066406,0.9988425970077515,0.0024693445302546024,0.2015450894832611,0.0008349568233825266
666,15.196473121643066,0.9972097873687744,0.0008424289990216494,0.19052308797836304,0.0
667,15.04485034942627,1.0,0.001385947922244668,0.19899073243141174,0.0005760368658229709
668,13.910282135009766,1.0,0.0014504148857668042,0.2076549530029297,0.00028620491502806544
669,15.058633804321289,1.0,0.0017905590357258916,0.20443940162658691,0.0
670,14.801386833190918,0.9945114850997925,0.0013663643039762974,0.20530082285404205,0.0005595971015281975
671,14.352288246154785,0.9988839626312256,0.002177515998482704,0.19234928488731384,0.000563856796361506
672,15.157023429870605,0.9976562261581421,0.0015144050121307373,0.21017536520957947,0.00028563267551362514
673,14.732215881347656,0.9973392486572266,0.0005859546363353729,0.19617514312267303,0.0
674,15.0177583694458,0.9989583492279053,0.0014208587817847729,0.19578763842582703,0.0005743825458921492
675,15.293122291564941,1.0,0.0012775268405675888,0.20964021980762482,0.0002784739772323519
676,14.327266693115234,0.9985795617103577,0.001991870114579797,0.1958616077899933,0.0008610791992396116
677,14.482078552246094,0.9988839626312256,0.000819877372123301,0.19315418601036072,0.0
678,15.356473922729492,1.0,0.0025798578280955553,0.19976049661636353,0.0008680555620230734
679,14.770478248596191,1.0,0.0011553708463907242,0.18797752261161804,0.0
680,14.700613975524902,0.9974361658096313,0.0017524145077914,0.1934308260679245,0.0
681,14.68796443939209,0.9985795617103577,0.0023434963077306747,0.19270065426826477,0.00028669723542407155
682,15.929922103881836,1.0,0.0015001336578279734,0.19088995456695557,0.00028694403590634465
683,15.07926082611084,0.9988839626312256,0.001202222309075296,0.1986510306596756,0.0002886836009565741
684,15.140644073486328,0.9973913431167603,0.0005580357392318547,0.19555479288101196,0.0
685,17.04283332824707,1.0,0.0009075694251805544,0.21130788326263428,0.0005686664953827858
686,15.284317016601562,0.9986978769302368,0.0,0.1927643120288849,0.0
687,15.73377513885498,1.0,0.0003188775444868952,0.20384962856769562,0.0
688,15.208420753479004,0.9979754686355591,0.0002604166802484542,0.18428431451320648,0.0
689,15.952461242675781,0.9981211423873901,0.001601166557520628,0.20252548158168793,0.0002776235342025757
690,14.644657135009766,0.9977899789810181,0.0005413679755292833,0.19182366132736206,0.0
691,15.002096176147461,1.0,0.0016964987153187394,0.1957019716501236,0.0002790957223623991
692,16.168508529663086,0.9966641068458557,0.0019763470627367496,0.20367968082427979,0.00029027575510554016
693,14.315887451171875,0.9985795617103577,0.0008425272535532713,0.19528734683990479,0.0
694,14.795782089233398,0.9968039989471436,0.0018705414840951562,0.193250373005867,0.0005656108842231333
695,16.445053100585938,1.0,0.001078689587302506,0.20514965057373047,0.00028876695432700217
696,15.134737968444824,0.9949724674224854,0.0011851247400045395,0.2075594961643219,0.0
697,15.753786087036133,0.9962745904922485,0.0019919434562325478,0.20405890047550201,0.00028768699849024415
698,14.960519790649414,0.9957880973815918,0.0011401115916669369,0.18583020567893982,0.0
699,16.000635147094727,0.9963035583496094,0.0009055003756657243,0.1923191249370575,0.00028498147730715573
700,15.378819465637207,0.9980449676513672,0.0011168597266077995,0.1992941051721573,0.0
701,14.915087699890137,0.9987499713897705,0.0005560937570407987,0.1950049102306366,0.0
702,13.811470985412598,1.0,0.0008800748037174344,0.1839090883731842,0.0005762028158642352
703,14.83177375793457,0.9986978769302368,0.0012688819551840425,0.19510044157505035,0.0
704,15.24881362915039,1.0,0.0005645161145366728,0.19690024852752686,0.0
705,13.699728965759277,0.9978030323982239,0.0011964315781369805,0.19109195470809937,0.0002806623524520546
706,15.55443286895752,0.9975019693374634,0.00111651630140841,0.19191595911979675,0.0
707,14.743826866149902,1.0,0.00024801588733680546,0.18643252551555634,0.0
708,15.195314407348633,0.9990234375,0.000541216810233891,0.19971169531345367,0.0
709,15.074173927307129,0.9959114789962769,0.001237767399288714,0.1924522966146469,0.0
710,15.569640159606934,0.9988425970077515,0.000840036547742784,0.2077399343252182,0.0
711,15.778543472290039,0.9973958134651184,0.0006038788706064224,0.19895291328430176,0.0
712,16.04205322265625,0.9978030323982239,0.00026939655072055757,0.19744020700454712,0.0
713,14.885973930358887,0.9965029954910278,0.0003221649385523051,0.2087746411561966,0.00028417163412086666
714,16.57093620300293,1.0,0.002534201368689537,0.1994648575782776,0.0
715,14.614272117614746,1.0,0.0005630630766972899,0.21133416891098022,0.0
716,15.840933799743652,1.0,0.00146154360845685,0.20217561721801758,0.0
717,15.528657913208008,1.0,0.001274858950637281,0.1976042091846466,0.0
718,14.912837982177734,0.9992559552192688,0.0003221649385523051,0.19342593848705292,0.0
719,15.041519165039062,0.9979300498962402,0.0011141416616737843,0.1881912648677826,0.0
720,17.151138305664062,0.9991554021835327,0.001453513279557228,0.2059241086244583,0.0002879355160985142
721,15.305000305175781,1.0,0.0020655340049415827,0.18567436933517456,0.0
722,15.684762001037598,0.997592568397522,0.0012490747030824423,0.1931157410144806,0.0008505812147632241
723,15.013420104980469,0.9989224076271057,0.0005214127013459802,0.19848676025867462,0.00028860027668997645
724,15.750077247619629,1.0,0.0005661788745783269,0.19995394349098206,0.00028506270609796047
725,16.099594116210938,0.9990530014038086,0.0,0.19808748364448547,0.0
726,15.981855392456055,1.0,0.002144566737115383,0.19507229328155518,0.0
727,15.229262351989746,0.9991319179534912,0.0014386656694114208,0.1980752944946289,0.0005688281962648034
728,15.117070198059082,0.9979458451271057,0.0013719843700528145,0.19513185322284698,0.0005654509295709431
729,16.163818359375,0.9973598718643188,0.0008799601928330958,0.19010284543037415,0.0
730,15.732110977172852,0.9958769083023071,0.0009114157874137163,0.20310132205486298,0.0
731,14.216035842895508,0.997113049030304,0.0009328335290774703,0.18795691430568695,0.0
732,16.250185012817383,0.9987980723381042,0.0013521029613912106,0.19519513845443726,0.00028735632076859474
733,15.745488166809082,1.0,0.00031565656536258757,0.19965781271457672,0.0
734,15.918832778930664,1.0,0.0005829212022945285,0.18639792501926422,0.0
735,14.696776390075684,0.9988425970077515,0.001090191537514329,0.19504739344120026,0.0
736,14.873726844787598,0.998641312122345,0.0019303977023810148,0.19284844398498535,0.0005648122169077396
737,15.428709030151367,0.9983552694320679,0.0010866931406781077,0.20110855996608734,0.0
738,15.211127281188965,0.9981849789619446,0.000577141996473074,0.19170814752578735,0.00028669723542407155
739,16.222387313842773,0.9975481033325195,0.0008938615210354328,0.2014511227607727,0.00028910089167766273
740,15.210827827453613,0.9988425970077515,0.0015394921647384763,0.1989384889602661,0.0
741,15.307135581970215,0.9978063106536865,0.0007935194298624992,0.19862458109855652,0.0
742,15.227241516113281,0.9990234375,0.0005391536979004741,0.19348834455013275,0.0
743,14.018034934997559,0.998641312122345,0.000846538576297462,0.20470565557479858,0.0002878526283893734
744,15.626758575439453,1.0,0.0007839039899408817,0.18903033435344696,0.0002875215723179281
745,14.73385238647461,0.9978009462356567,0.0013449110556393862,0.19921231269836426,0.0008259911555796862
746,14.411322593688965,0.9976943731307983,0.0005402384558692575,0.1728799045085907,0.0005762028158642352
747,15.682978630065918,0.9990530014038086,0.001347272307612002,0.19613656401634216,0.0
748,15.40361213684082,0.9975252151489258,0.00026939655072055757,0.19973063468933105,0.0002867794537451118
749,15.697392463684082,1.0,0.0014920796966180205,0.19449742138385773,0.0005588153144344687
750,14.387754440307617,0.9988425970077515,0.0003033980610780418,0.19511273503303528,0.0
751,15.959604263305664,0.9985119104385376,0.0005387133569456637,0.19999942183494568,0.0
752,14.476648330688477,0.9989583492279053,0.0005770294228568673,0.20106039941310883,0.0002866150753106922
753,16.096105575561523,0.9931721091270447,0.0,0.19523248076438904,0.0
754,15.179062843322754,0.9976406693458557,0.0008035823702812195,0.1793050467967987,0.0
755,14.517724990844727,0.9988425970077515,0.00025201612152159214,0.18978270888328552,0.0
756,15.913419723510742,1.0,0.0005965909222140908,0.20319615304470062,0.0
757,15.710614204406738,1.0,0.00027901786961592734,0.18757133185863495,0.0
758,16.374332427978516,0.9989224076271057,0.00015703517419751734,0.17574521899223328,0.0002797202905640006
759,15.223773956298828,0.9955257177352905,0.0008396739140152931,0.19378793239593506,0.00028184891561977565
760,14.766741752624512,0.9990234375,0.0,0.19435736536979675,0.0
761,17.02237892150879,0.9957175850868225,0.001741314074024558,0.18885520100593567,0.0
762,14.4675874710083,0.9986978769302368,0.001109560951590538,0.19939084351062775,0.00028768699849024415
763,15.189332962036133,1.0,0.000294811325147748,0.1841769963502884,0.0
764,16.01612091064453,0.9990234375,0.0011657532304525375,0.19915595650672913,0.00028506270609796047
765,15.56238079071045,1.0,0.0008394340984523296,0.19981583952903748,0.0
766,14.759215354919434,0.9989224076271057,0.0006055748090147972,0.1939329355955124,0.0
767,14.610055923461914,1.0,0.0011127495672553778,0.1898486614227295,0.0
768,15.719747543334961,0.9987499713897705,0.0,0.20101752877235413,0.0
769,15.730291366577148,1.0,0.001276869443245232,0.20480521023273468,0.00028530671261250973
770,15.919977188110352,0.9958032965660095,0.0008939825929701328,0.20916599035263062,0.0
771,14.57072639465332,1.0,0.0005587452324107289,0.19255748391151428,0.0
772,14.824626922607422,1.0,0.0014896155335009098,0.1935592144727707,0.0
773,14.47095012664795,0.9979458451271057,0.0014574936358258128,0.18331554532051086,0.00028208745061419904
774,14.446460723876953,1.0,0.0008475143695250154,0.19785645604133606,0.0
775,14.039640426635742,0.9976406693458557,0.000564713089261204,0.19794365763664246,0.0
776,13.398865699768066,1.0,0.0002840909000951797,0.18046307563781738,0.0
777,17.168231964111328,0.9985795617103577,0.0,0.1940610408782959,0.0
778,15.076309204101562,0.9990808963775635,0.0005448113661259413,0.19387803971767426,0.0
779,15.421562194824219,0.9943686723709106,0.0008052868070080876,0.1919047087430954,0.0002844950358849019
780,14.798688888549805,1.0,0.0,0.19097724556922913,0.0
781,15.554920196533203,0.9992732405662537,0.000292056065518409,0.21033990383148193,0.0
782,14.537495613098145,0.9946964979171753,0.0005506714805960655,0.1970805823802948,0.0
783,15.955459594726562,0.9990530014038086,0.00145843462087214,0.20076686143875122,0.0
784,14.837907791137695,0.9989919662475586,0.0010755229741334915,0.18544259667396545,0.0
785,15.315610885620117,0.9982638955116272,0.0011733846040442586,0.19994784891605377,0.0
786,15.15955924987793,1.0,0.0011890875175595284,0.19486957788467407,0.0
787,16.214496612548828,0.9989919662475586,0.0014577368274331093,0.17822442948818207,0.0
788,16.824726104736328,0.9957528114318848,0.0009353423374705017,0.19070278108119965,0.00028727378230541945
789,15.828259468078613,0.998046875,0.0,0.17621862888336182,0.0
790,15.321492195129395,0.995752215385437,0.0,0.18273568153381348,0.0
791,15.303967475891113,0.9931966662406921,0.0,0.18093416094779968,0.0
792,16.182619094848633,0.9979502558708191,0.0005326961982063949,0.18456625938415527,0.0
793,15.820022583007812,1.0,0.0,0.1945389211177826,0.0
794,14.769481658935547,0.9988425970077515,0.0008648507064208388,0.18804886937141418,0.0
795,15.227184295654297,0.9978758692741394,0.0005579045973718166,0.19760635495185852,0.0
796,14.999504089355469,1.0,0.0005582136800512671,0.19284993410110474,0.0
797,16.20410919189453,0.9977734088897705,0.0006512514664791524,0.19164693355560303,0.0
798,15.199607849121094,0.9967597723007202,0.0,0.19077607989311218,0.0
799,16.15627670288086,1.0,0.0003033980610780418,0.2094932198524475,0.0
800,14.589889526367188,1.0,0.0002741228090599179,0.20680780708789825,0.0
801,15.572388648986816,0.9963541626930237,0.0007782862521708012,0.18276207149028778,0.0
802,14.017350196838379,0.9969494342803955,0.0005829212022945285,0.19850900769233704,0.0002889338356908411
803,14.136381149291992,0.9959258437156677,0.0009094427805393934,0.1869230419397354,0.0
804,14.848081588745117,0.9976752996444702,0.0008584451861679554,0.1900233030319214,0.0005772005533799529
805,16.015838623046875,1.0,0.0008055665530264378,0.20941253006458282,0.00027839644462801516
806,14.966658592224121,0.9989919662475586,0.0004902639193460345,0.18113286793231964,0.00028288541943766177
807,15.237995147705078,1.0,0.0006174598820507526,0.1903996765613556,0.0
808,14.278017044067383,0.99772047996521,0.0003188775444868952,0.17844289541244507,0.0
809,14.642605781555176,0.9952504634857178,0.0008823003154247999,0.1918928325176239,0.0
810,14.771692276000977,1.0,0.0011039809323847294,0.1863880157470703,0.0
811,13.843977928161621,1.0,0.0006713173352181911,0.18242090940475464,0.0
812,15.485305786132812,0.9971433281898499,0.0008785966783761978,0.19082507491111755,0.0
813,14.339107513427734,0.9956291913986206,0.0008605264010839164,0.19681665301322937,0.0
814,14.932427406311035,0.9985119104385376,0.0,0.19101053476333618,0.0
815,14.054647445678711,0.9975929260253906,0.00024224806111305952,0.19631248712539673,0.0
816,15.794025421142578,0.9957946538925171,0.000556628336198628,0.18994826078414917,0.0
817,15.511767387390137,1.0,0.000967165338806808,0.19380095601081848,0.00028612304595299065
818,15.926412582397461,0.9985795617103577,0.0008964678854681551,0.18491201102733612,0.0
819,14.843807220458984,0.9973599314689636,0.0008396574412472546,0.20416218042373657,0.0002801120572257787
820,15.92300796508789,0.9985795617103577,0.0008796884212642908,0.1878199279308319,0.0002821670495904982
821,16.139015197753906,1.0,0.0006079652812331915,0.1924608051776886,0.0
822,15.629542350769043,0.9985795617103577,0.00028669723542407155,0.1933489739894867,0.000286861730273813
823,17.29607582092285,0.9989583492279053,0.000595724442973733,0.20422391593456268,0.0
824,15.868389129638672,1.0,0.0007820016471669078,0.20011788606643677,0.0
825,14.460777282714844,0.9987499713897705,0.0006193583249114454,0.20361825823783875,0.0
826,15.48043441772461,0.99629807472229,0.0008373687160201371,0.19670432806015015,0.0
827,15.20959758758545,1.0,0.0005413792096078396,0.18951386213302612,0.0
828,16.582258224487305,0.995478093624115,0.0007902660872787237,0.1942673772573471,0.00027901786961592734
829,13.323975563049316,0.9981572031974792,0.0005002881516702473,0.18184424936771393,0.0
830,15.236580848693848,0.9989224076271057,0.000292056065518409,0.18171018362045288,0.0
831,14.649657249450684,0.9972618818283081,0.0017081414116546512,0.19478777050971985,0.0005735589074902236
832,17.181774139404297,0.9985119104385376,0.0008835906628519297,0.1960970163345337,0.0
833,16.06306266784668,1.0,0.0005558835109695792,0.19518384337425232,0.0
834,15.346858024597168,0.9974393844604492,0.0017333619762212038,0.19695325195789337,0.0
835,15.954154968261719,0.9965871572494507,0.0010730723151937127,0.1854684054851532,0.0005676979781128466
836,15.570073127746582,1.0,0.0006055748090147972,0.20609194040298462,0.00028727378230541945
837,16.301546096801758,0.9990234375,0.0005815085605718195,0.20194002985954285,0.0
838,15.788756370544434,0.9956651329994202,0.0002765486715361476,0.17701101303100586,0.0
839,15.460213661193848,0.9990808963775635,0.0008606608025729656,0.19699227809906006,0.00028760425630025566
840,14.630443572998047,0.9975637197494507,0.0002540650311857462,0.19000163674354553,0.0
841,15.69364070892334,1.0,0.0003124999930150807,0.2023780643939972,0.00029036003979854286
842,13.80940055847168,1.0,0.0002765486715361476,0.19006025791168213,0.0
843,15.926606178283691,0.9988839626312256,0.00029761905898340046,0.1854877471923828,0.0
844,15.503037452697754,1.0,0.0,0.19961564242839813,0.0
845,16.346174240112305,0.9990530014038086,0.00028935185400769114,0.19720813632011414,0.0
846,15.965205192565918,0.9988425970077515,0.0005638147704303265,0.19668534398078918,0.0
847,15.730632781982422,0.991035521030426,0.0005713599966838956,0.19368194043636322,0.0
848,14.980031967163086,1.0,0.0013186566065996885,0.1815766990184784,0.0
849,16.002887725830078,0.998641312122345,0.00026483050896786153,0.19363844394683838,0.0
850,15.341776847839355,0.9976604580879211,0.0005274355644360185,0.1868753880262375,0.0
851,15.071211814880371,1.0,0.0009375295485369861,0.2094966471195221,0.0
852,13.684514045715332,1.0,0.0005041634431108832,0.1922643482685089,0.0
853,15.305092811584473,0.9987980723381042,0.0,0.1885158121585846,0.0
854,15.191062927246094,0.9974221587181091,0.00025826445198617876,0.20708522200584412,0.0
855,15.652992248535156,1.0,0.0011665724450722337,0.19753915071487427,0.0
856,15.972922325134277,0.997880756855011,0.0011555072851479053,0.19712629914283752,0.0
857,14.596725463867188,0.9990234375,0.0002741228090599179,0.20383930206298828,0.0
858,17.216556549072266,1.0,0.0,0.2003965973854065,0.0
859,14.643607139587402,0.9963799118995667,0.0,0.19118468463420868,0.0
860,16.15435028076172,0.9938881397247314,0.0014504484133794904,0.20749810338020325,0.0005762028158642352
861,15.090027809143066,0.9990530014038086,0.0002561475266702473,0.1908949315547943,0.0
862,14.384081840515137,0.9986978769302368,0.00024224806111305952,0.19385673105716705,0.0
863,15.761930465698242,0.9980158805847168,0.0009026449406519532,0.1921013593673706,0.0
864,14.950927734375,0.9988425970077515,0.0005558835109695792,0.19708994030952454,0.0
865,15.228440284729004,0.9988839626312256,0.0011654590489342809,0.18588441610336304,0.0002886836009565741
866,14.608085632324219,0.9987980723381042,0.0002460629912093282,0.19435235857963562,0.0
867,16.23490333557129,0.995354413986206,0.0,0.19903495907783508,0.0
868,14.416365623474121,0.9990808963775635,0.00026939655072055757,0.19039073586463928,0.0
869,16.124839782714844,1.0,0.0,0.19674751162528992,0.0
870,16.220970153808594,0.9971536993980408,0.0016723822336643934,0.20195212960243225,0.0
871,15.028800010681152,0.9958621263504028,0.0009998662862926722,0.19469375908374786,0.0
872,14.290593147277832,1.0,0.0003033980610780418,0.20371150970458984,0.0
873,16.824077606201172,0.9989919662475586,0.0,0.1859843134880066,0.0
874,15.644771575927734,0.9989583492279053,0.0005541823338717222,0.1836106926202774,0.0
875,16.013343811035156,0.9988425970077515,0.0005394345498643816,0.2051067054271698,0.0
876,15.483124732971191,1.0,0.0005302703357301652,0.19917331635951996,0.0
877,14.889089584350586,0.9965922832489014,0.0002741228090599179,0.18214169144630432,0.0
878,16.208141326904297,0.9973214268684387,0.0005707881646230817,0.1983393430709839,0.0
879,15.569580078125,1.0,0.0009276849450543523,0.1930638998746872,0.00028818444116041064
880,15.066747665405273,1.0,0.0005456349463202059,0.20067057013511658,0.0
881,15.20111083984375,0.9989224076271057,0.0014107266906648874,0.19771485030651093,0.0
882,15.662895202636719,1.0,0.0005764999659731984,0.1943698525428772,0.0
883,16.29518699645996,0.9985795617103577,0.001214357791468501,0.18352767825126648,0.0002871912729460746
884,15.805682182312012,0.9990234375,0.0008836450288072228,0.19440308213233948,0.0002794857427943498
885,16.05219268798828,0.9979369640350342,0.0002561475266702473,0.186997190117836,0.0
886,14.509831428527832,0.9959227442741394,0.0,0.188695028424263,0.0
887,15.823657989501953,0.9958147406578064,0.0007903355872258544,0.19962966442108154,0.0
888,14.406058311462402,0.9985119104385376,0.0005681818001903594,0.19174760580062866,0.0
889,15.611618995666504,1.0,0.0009119436144828796,0.1935913860797882,0.0
890,17.41265106201172,0.9975818395614624,0.0,0.19223731756210327,0.0
891,14.730694770812988,0.9976851940155029,0.0005230949609540403,0.20407098531723022,0.00028296548407524824
892,15.67546558380127,0.9975818395614624,0.0009200613712891936,0.198102667927742,0.0002877697697840631
893,14.984343528747559,0.9926848411560059,0.0004770992381963879,0.1809181571006775,0.0
894,15.939830780029297,0.9978423118591309,0.0006051886593922973,0.1907636821269989,0.0
895,15.38520336151123,0.9988425970077515,0.00029761905898340046,0.1914375126361847,0.0
896,14.791872024536133,0.9985795617103577,0.000851064920425415,0.1946031153202057,0.0
897,14.758068084716797,0.9968031644821167,0.000294811325147748,0.18803448975086212,0.0
898,16.54531478881836,0.9990808963775635,0.0010845843935385346,0.20965617895126343,0.0
899,14.497016906738281,0.9967707395553589,0.0,0.1866282820701599,0.0
900,15.128390312194824,0.9983259439468384,0.0005261389305815101,0.1804993599653244,0.0
901,15.336410522460938,0.9988839626312256,0.0005326961982063949,0.19501203298568726,0.0002864508714992553
902,14.824931144714355,1.0,0.0,0.1964811086654663,0.0
903,16.31267738342285,1.0,0.00026260505546815693,0.20227062702178955,0.0
904,14.037489891052246,0.9990808963775635,0.0005040322430431843,0.20178011059761047,0.0
905,14.759465217590332,1.0,0.0,0.1848142147064209,0.0
906,16.309911727905273,0.9988839626312256,0.0009082243777811527,0.18763306736946106,0.0
907,14.209330558776855,1.0,0.0003094059356953949,0.1975627839565277,0.0
908,17.0504093170166,0.997830867767334,0.0,0.19224728643894196,0.0
909,15.166226387023926,0.9959227442741394,0.0011473901104182005,0.19920259714126587,0.0005747126415371895
910,14.971931457519531,0.9987499713897705,0.0005630858358927071,0.18705949187278748,0.0
911,15.362363815307617,1.0,0.0008930452167987823,0.18781250715255737,0.0
912,15.682882308959961,0.9973913431167603,0.0,0.19463875889778137,0.0
913,14.673664093017578,0.9981238842010498,0.0005693581770174205,0.18502840399742126,0.00028498147730715573
914,14.114925384521484,0.9987980723381042,0.0011228765361011028,0.1965310126543045,0.0002837684587575495
915,15.718907356262207,0.9970569014549255,0.0,0.1869916021823883,0.0
916,15.17888069152832,0.9963445663452148,0.0,0.20207980275154114,0.0
917,14.057417869567871,1.0,0.0005605494370684028,0.19376522302627563,0.00027793218032456934
918,16.914783477783203,1.0,0.0008079553372226655,0.19452086091041565,0.00028506270609796047
919,14.418771743774414,0.9941258430480957,0.0005987577605992556,0.2102024257183075,0.0
920,14.753679275512695,0.9978789687156677,0.0005555665120482445,0.19837775826454163,0.0
921,14.661627769470215,0.9989224076271057,0.00028153153834864497,0.1689469814300537,0.0
922,15.664944648742676,0.9950765371322632,0.0011677448637783527,0.20097173750400543,0.0
923,16.033918380737305,0.9982638955116272,0.00028669723542407155,0.2137012481689453,0.0
924,15.789923667907715,0.996541440486908,0.0005789021961390972,0.1891692578792572,0.0002840909000951797
925,14.553552627563477,0.998641312122345,0.00026260505546815693,0.19186493754386902,0.0
926,15.702938079833984,0.9986978769302368,0.0002561475266702473,0.1942991316318512,0.0
927,14.853739738464355,0.9961156845092773,0.0006132604321464896,0.19220182299613953,0.0002852253383025527
928,16.419918060302734,1.0,0.00028153153834864497,0.21014055609703064,0.00028530671261250973
929,14.300543785095215,0.9990234375,0.0003004807804245502,0.18796443939208984,0.0
930,15.876659393310547,0.9990808963775635,0.0002840909000951797,0.18709714710712433,0.0
931,14.218226432800293,0.9989224076271057,0.0008451967732980847,0.19902679324150085,0.0
932,15.73620319366455,0.9992377758026123,0.00027901786961592734,0.19244404137134552,0.0
933,15.499629020690918,0.9975714683532715,0.0008520695846527815,0.1967887580394745,0.0002825656847562641
934,15.65021800994873,0.9989583492279053,0.0003289473825134337,0.1972995102405548,0.0
935,17.054685592651367,0.9976203441619873,0.00028153153834864497,0.19923563301563263,0.0
936,15.454697608947754,0.9980113506317139,0.0013001426123082638,0.2058321237564087,0.0005635390407405794
937,15.838044166564941,0.9973958730697632,0.0005765873938798904,0.20220403373241425,0.0
938,16.53089714050293,1.0,0.0,0.214660182595253,0.0
939,15.772076606750488,0.9990234375,0.0003094059356953949,0.18541622161865234,0.0
940,15.215498924255371,1.0,0.0002741228090599179,0.19605101644992828,0.0
941,15.730031967163086,0.9976851940155029,0.0008873202605172992,0.18369251489639282,0.0002838489890564233
942,15.347905158996582,0.996874988079071,0.0007952298037707806,0.20556426048278809,0.0
943,15.092317581176758,1.0,0.0,0.19239044189453125,0.0
944,15.148453712463379,1.0,0.0005820123478770256,0.1974252462387085,0.0
945,15.262504577636719,0.9984375238418579,0.0005423553520813584,0.19006267189979553,0.0002783189411275089
946,14.250081062316895,1.0,0.00029761905898340046,0.19195885956287384,0.0
947,15.56836986541748,1.0,0.0,0.19350433349609375,0.0
948,15.597179412841797,0.9976562261581421,0.0,0.19289091229438782,0.0
949,14.698602676391602,1.0,0.0006317299557849765,0.1834842711687088,0.0002790957223623991
950,16.824729919433594,1.0,0.00027901786961592734,0.2074926197528839,0.0002814522886183113
951,14.777067184448242,0.9987499713897705,0.0002561475266702473,0.1945885866880417,0.0
952,17.089752197265625,0.998641312122345,0.0,0.20810815691947937,0.0
953,15.339098930358887,0.9989919662475586,0.0005827505956403911,0.1938316971063614,0.0
954,14.982111930847168,0.9987980723381042,0.0003188775444868952,0.1965768039226532,0.0
955,14.029094696044922,0.9967105388641357,0.0,0.19598092138767242,0.0
956,14.584083557128906,0.9981338977813721,0.00032552084303461015,0.19876742362976074,0.0002862868714146316
957,15.686622619628906,1.0,0.00026260505546815693,0.19474634528160095,0.0
958,14.792459487915039,0.9985119104385376,0.001171652227640152,0.1914670765399933,0.0008630609954707325
959,15.20888614654541,0.9993055462837219,0.00028153153834864497,0.19096624851226807,0.0
960,16.769580841064453,0.9953415393829346,0.0,0.1974770724773407,0.0
961,15.986114501953125,0.998641312122345,0.0008321151835843921,0.19851526618003845,0.0
962,15.832925796508789,0.9989224076271057,0.0005476162768900394,0.1879153549671173,0.0
963,15.207399368286133,0.9974960088729858,0.000615039374679327,0.17202875018119812,0.00027870680787600577
964,15.04329776763916,0.9986978769302368,0.0,0.19989028573036194,0.0
965,14.826992988586426,1.0,0.000631662318482995,0.1913747787475586,0.0002881014079321176
966,15.22431755065918,1.0,0.0008487278828397393,0.20401296019554138,0.0
967,15.635560035705566,0.998641312122345,0.0008374151075258851,0.18424171209335327,0.00028885036590509117
968,15.898778915405273,0.9988425970077515,0.00040703517151996493,0.1939706802368164,0.0
969,14.538995742797852,0.9978345632553101,0.0008436876814812422,0.200707346200943,0.0002821670495904982
970,14.654099464416504,0.9989919662475586,0.00028935185400769114,0.21646276116371155,0.0
971,16.75802993774414,0.997664749622345,0.0005209780065342784,0.18377551436424255,0.0
972,16.90348243713379,0.9961893558502197,0.0010960628278553486,0.19978603720664978,0.0
973,15.097980499267578,0.9958437085151672,0.000616222620010376,0.19499431550502777,0.0
974,15.384621620178223,0.9988425970077515,0.00037650601007044315,0.18858399987220764,0.0002863688569050282
975,15.1405668258667,1.0,0.00028669723542407155,0.19998782873153687,0.0
976,14.972554206848145,0.995782732963562,0.0,0.18286602199077606,0.0
977,15.430910110473633,0.9975649118423462,0.0005461210967041552,0.18417653441429138,0.0
978,15.225104331970215,0.9976406693458557,0.0005531406495720148,0.19989457726478577,0.0
979,14.562552452087402,0.9989919662475586,0.0,0.1871335655450821,0.0
980,15.893693923950195,1.0,0.00026483050896786153,0.18597909808158875,0.0
981,15.800459861755371,0.9966902732849121,0.000294811325147748,0.19979548454284668,0.0002892681513912976
982,15.889657020568848,1.0,0.0,0.2019590139389038,0.0
983,14.809698104858398,0.9978511333465576,0.0,0.19472424685955048,0.0
984,16.34583854675293,1.0,0.00026709403027780354,0.20339810848236084,0.0
985,15.496293067932129,0.9990530014038086,0.00026709403027780354,0.18195652961730957,0.0
986,14.32081413269043,0.997726559638977,0.0,0.19747576117515564,0.0
987,15.665549278259277,1.0,0.00027901786961592734,0.201792910695076,0.00027824152493849397
988,16.53567123413086,0.9959362745285034,0.00027901786961592734,0.19205710291862488,0.0
989,16.291019439697266,1.0,0.0003094059356953949,0.1900002360343933,0.0
990,15.201529502868652,0.9974393844604492,0.0005869709420949221,0.20355644822120667,0.0
991,15.971349716186523,1.0,0.0006414473755285144,0.18655945360660553,0.0002772386942524463
992,15.590096473693848,0.9970644116401672,0.00025826445198617876,0.1907196342945099,0.0
993,15.841070175170898,1.0,0.0005197550053708255,0.1910717785358429,0.00028885036590509117
994,15.125055313110352,1.0,0.0015248259296640754,0.1971263289451599,0.0
995,16.02189826965332,0.9971064925193787,0.00031565656536258757,0.17974144220352173,0.0
996,16.028610229492188,0.9978955984115601,0.0002500000118743628,0.1907503306865692,0.0
997,14.55321979522705,0.9978448152542114,0.000853181816637516,0.17500534653663635,0.0005701254121959209
998,15.235905647277832,0.9967597723007202,0.00028669723542407155,0.1903899908065796,0.0
999,16.03984260559082,0.9983552694320679,0.0009003601735457778,0.1845134198665619,0.0
1000,14.331019401550293,0.9985119104385376,0.0005545457825064659,0.18154089152812958,0.0
1001,14.523963928222656,0.998517632484436,0.0008884059498086572,0.1997326910495758,0.0002770850551314652
1002,15.306719779968262,0.996688187122345,0.0002460629912093282,0.19324104487895966,0.0
1003,15.680676460266113,1.0,0.0008179278811439872,0.19601064920425415,0.0
1004,16.291643142700195,0.997672438621521,0.0,0.1900523453950882,0.0
1005,15.474923133850098,0.9969742298126221,0.000589622650295496,0.18737471103668213,0.0
1006,16.320796966552734,0.9980392456054688,0.0,0.1903647780418396,0.0
1007,14.660957336425781,1.0,0.0,0.1959620714187622,0.0
1008,15.54733943939209,0.9988839626312256,0.0006148726679384708,0.19647830724716187,0.0002867794537451118
1009,15.847290992736816,0.9988839626312256,0.0003004807804245502,0.1975458264350891,0.0
1010,14.888916015625,0.9938791990280151,0.0003511235991027206,0.19588446617126465,0.0
1011,16.224395751953125,0.9974393844604492,0.0,0.18725818395614624,0.0
1012,14.494955062866211,0.9989583492279053,0.0,0.1884249895811081,0.0
1013,16.833341598510742,0.9987499713897705,0.00028935185400769114,0.20494696497917175,0.0
1014,14.780284881591797,0.9974839091300964,0.0008924467256292701,0.1940620094537735,0.0
1015,16.005504608154297,0.9970583915710449,0.0,0.18135708570480347,0.0
1016,16.390836715698242,0.9989583492279053,0.00024801588733680546,0.19936902821063995,0.0
1017,15.598155975341797,0.9961227178573608,0.0008251742692664266,0.20213504135608673,0.0
1018,14.962800025939941,0.9968342185020447,0.0,0.19821834564208984,0.0
1019,15.234843254089355,0.9977509379386902,0.0002561475266702473,0.21327276527881622,0.0
1020,15.166298866271973,0.9975252151489258,0.0002741228090599179,0.18790577352046967,0.0
1021,15.949089050292969,0.9989919662475586,0.0003094059356953949,0.19233518838882446,0.0
1022,15.551752090454102,1.0,0.0,0.1832071840763092,0.0
1023,15.257474899291992,0.9958499073982239,0.0,0.19340880215168,0.0
1024,15.804850578308105,0.9963128566741943,0.00025826445198617876,0.1913508176803589,0.0
1025,15.698467254638672,1.0,0.000292056065518409,0.19059927761554718,0.0
1026,14.323338508605957,1.0,0.0,0.19118575751781464,0.0
1027,16.31657600402832,0.9987980723381042,0.000292056065518409,0.1922161728143692,0.0
1028,16.378925323486328,0.9988425970077515,0.00035919540096074343,0.20636792480945587,0.00028801843291148543
1029,14.61212158203125,0.9966627359390259,0.00027173911803402007,0.18607237935066223,0.0
1030,15.153458595275879,0.9988839626312256,0.0,0.17850294709205627,0.0
1031,15.847869873046875,1.0,0.0006014619721099734,0.1791372001171112,0.0
1032,15.487277030944824,0.9989583492279053,0.00029761905898340046,0.1912533938884735,0.0
1033,15.37876033782959,1.0,0.0,0.199977308511734,0.0
1034,15.490397453308105,0.9991071224212646,0.0006045560585334897,0.20382657647132874,0.00028232636395841837
1035,15.069515228271484,0.9961979389190674,0.0008473875932395458,0.19111859798431396,0.0
1036,16.07363510131836,0.9991319179534912,0.0,0.20098087191581726,0.0
1037,16.283580780029297,1.0,0.00029761905898340046,0.20271390676498413,0.0
1038,16.41094207763672,0.9987980723381042,0.0,0.1984468698501587,0.0
1039,14.989487648010254,0.9957302212715149,0.00027901786961592734,0.17885370552539825,0.0
1040,14.101341247558594,0.9973136186599731,0.0002561475266702473,0.19001975655555725,0.0
1041,14.868302345275879,0.9975649118423462,0.0008194915717467666,0.18756918609142303,0.0002881014079321176
1042,17.20365333557129,1.0,0.001121050794608891,0.2073061615228653,0.0
1043,16.311182022094727,0.9967968463897705,0.00054175965487957,0.18359437584877014,0.0
1044,15.089166641235352,0.9983552694320679,0.0,0.20172221958637238,0.0
1045,15.984336853027344,1.0,0.0005541823338717222,0.19649732112884521,0.0
1046,15.891185760498047,1.0,0.0006250625010579824,0.18398748338222504,0.00028727378230541945
1047,17.120113372802734,0.9987499713897705,0.0005387931014411151,0.1851859837770462,0.0
1048,16.474302291870117,0.9985795617103577,0.000541216810233891,0.18823765218257904,0.0
1049,14.808950424194336,0.9977564215660095,0.0,0.1928122341632843,0.0
1050,16.394784927368164,0.9964629411697388,0.00026709403027780354,0.19487836956977844,0.0
1051,15.333220481872559,0.9957842826843262,0.00023854961909819394,0.201285719871521,0.0
1052,15.059181213378906,0.9953713417053223,0.0005717418389394879,0.19257380068302155,0.0
1053,15.232918739318848,0.9974702596664429,0.0005952381179668009,0.20034824311733246,0.0002838489890564233
1054,15.64334774017334,0.998641312122345,0.0008762059733271599,0.21808916330337524,0.0
1055,15.485587120056152,0.9970554113388062,0.0,0.1983194351196289,0.0
1056,15.92405891418457,1.0,0.0008875431958585978,0.19971375167369843,0.0
1057,15.403982162475586,0.9978009462356567,0.0,0.20057766139507294,0.0
1058,14.571610450744629,0.9973392486572266,0.0009014911483973265,0.18298888206481934,0.000573723460547626
1059,15.281428337097168,0.9941038489341736,0.0005682287737727165,0.19908243417739868,0.0002840102242771536
1060,16.439531326293945,0.9990530014038086,0.0,0.19221749901771545,0.0
1061,16.46333885192871,0.9977734088897705,0.0,0.20380234718322754,0.0
1062,14.776531219482422,0.9964183568954468,0.0006213450105860829,0.20068898797035217,0.0
1063,15.088285446166992,0.996718168258667,0.0005278866738080978,0.19533085823059082,0.0
1064,15.865023612976074,0.9942612051963806,0.000589622650295496,0.19625218212604523,0.0
1065,15.284281730651855,0.9967350363731384,0.0,0.20189404487609863,0.0
1066,15.652399063110352,0.9975481033325195,0.0006055748090147972,0.19522061944007874,0.0
1067,15.220152854919434,1.0,0.0,0.18299365043640137,0.0
1068,15.957164764404297,0.9980654716491699,0.0008143612649291754,0.20412306487560272,0.0
1069,16.33885383605957,0.9973472356796265,0.000868398929014802,0.18582209944725037,0.0
1070,14.58660888671875,0.9970531463623047,0.0007064538658596575,0.17991074919700623,0.0
1071,14.79025650024414,1.0,0.0007948272977955639,0.20566216111183167,0.0
1072,16.224180221557617,1.0,0.0007830829126760364,0.19432052969932556,0.0002881014079321176
1073,15.419840812683105,0.9969598054885864,0.0,0.18368983268737793,0.0
1074,14.589143753051758,0.9937156438827515,0.0,0.2032531499862671,0.0
1075,16.426376342773438,0.9987499713897705,0.0,0.19216489791870117,0.0
1076,14.147151947021484,0.9970139265060425,0.0005701808258891106,0.18174049258232117,0.0
1077,14.262471199035645,0.9978758692741394,0.0003188775444868952,0.19251489639282227,0.0
1078,14.917625427246094,0.9987499713897705,0.0008601638255640864,0.20699509978294373,0.0
1079,16.55091667175293,0.9976203441619873,0.0003004807804245502,0.18726639449596405,0.0
1080,16.279043197631836,0.9991319179534912,0.001128321047872305,0.19245553016662598,0.0005557099357247353
1081,16.025415420532227,1.0,0.0008818834321573377,0.1979362666606903,0.0
1082,15.5042724609375,1.0,0.0008353227749466896,0.1957908719778061,0.0002824858820531517
1083,16.12505340576172,0.9974479079246521,0.0,0.2016988843679428,0.0
1084,16.37981414794922,0.9976190328598022,0.00035919540096074343,0.21152499318122864,0.0
1085,16.038450241088867,0.9989583492279053,0.0002741228090599179,0.19269075989723206,0.0
1086,14.881175994873047,0.9987499713897705,0.0008058807579800487,0.19674356281757355,0.0002871088217943907
1087,16.179357528686523,1.0,0.00027173911803402007,0.20150572061538696,0.0
1088,15.074970245361328,1.0,0.0006318934028968215,0.20590145885944366,0.00028851701063103974
1089,16.115724563598633,0.9972776770591736,0.0008458646479994059,0.20872583985328674,0.00027870680787600577
1090,15.825361251831055,0.9978423118591309,0.00034722223062999547,0.18154853582382202,0.0
1091,16.889827728271484,0.9961843490600586,0.0006101443432271481,0.19877447187900543,0.0002866150753106922
1092,16.08757972717285,0.9990234375,0.00028153153834864497,0.19582033157348633,0.0
1093,16.002294540405273,0.9988425970077515,0.0005441366229206324,0.1885451078414917,0.0
1094,14.758902549743652,0.9990808963775635,0.0006448412896133959,0.18860086798667908,0.00027839644462801516
1095,14.800936698913574,0.9967646598815918,0.000292056065518409,0.1933780312538147,0.0
1096,15.19343090057373,1.0,0.0002561475266702473,0.19866283237934113,0.0
1097,15.049067497253418,0.9921846389770508,0.00120771792717278,0.19389685988426208,0.0005767012480646372
1098,14.778304100036621,1.0,0.0005221386672928929,0.20120342075824738,0.0
1099,16.257614135742188,1.0,0.00029761905898340046,0.19281791150569916,0.00028129396378062665
1100,15.648499488830566,0.9979838728904724,0.0003188775444868952,0.2100854218006134,0.0
1101,15.397161483764648,0.9977564215660095,0.0,0.19897766411304474,0.0
1102,15.034632682800293,1.0,0.0011285722721368074,0.19089046120643616,0.0008675535209476948
1103,14.855950355529785,0.9991554021835327,0.0006443983875215054,0.19570587575435638,0.0
1104,15.07555866241455,0.9974634647369385,0.00027173911803402007,0.18911337852478027,0.0
1105,15.868522644042969,0.9970647692680359,0.00028153153834864497,0.20102563500404358,0.0
1106,14.588452339172363,1.0,0.0002840909000951797,0.1875869482755661,0.0002878526283893734
1107,16.02387237548828,0.9990234375,0.0,0.19959212839603424,0.0
1108,14.75248908996582,0.9976406693458557,0.0,0.1958116590976715,0.0
1109,15.918795585632324,1.0,0.0002561475266702473,0.19795793294906616,0.0
1110,15.473448753356934,0.994659423828125,0.0019851853139698505,0.21121595799922943,0.0005589714855886996
1111,17.179759979248047,0.9988839626312256,0.0009156618034467101,0.19542399048805237,0.0
1112,14.667595863342285,0.9975818395614624,0.0006237708730623126,0.20529893040657043,0.0
1113,15.85085678100586,0.9968149065971375,0.0,0.1967662274837494,0.0
1114,15.387602806091309,0.9990234375,0.0008445946150459349,0.18810096383094788,0.0
1115,15.177170753479004,0.9975818395614624,0.0008604337926954031,0.20111453533172607,0.00028595939511433244
1116,15.641767501831055,1.0,0.0008432409958913922,0.18620270490646362,0.00028901733458042145
1117,16.614452362060547,1.0,0.0006203321972861886,0.1915629804134369,0.0
1118,15.44908618927002,0.9974294304847717,0.00026260505546815693,0.20907720923423767,0.00028184891561977565
1119,15.108607292175293,0.9954992532730103,0.00028153153834864497,0.19155651330947876,0.0
1120,15.885693550109863,0.9987980723381042,0.0008260391186922789,0.1996661126613617,0.0
1121,14.846688270568848,0.9963703155517578,0.0006353199714794755,0.20260648429393768,0.0002866150753106922
1122,15.748347282409668,1.0,0.0005296610179357231,0.1946009397506714,0.0
1123,16.283477783203125,0.9980728030204773,0.0,0.1988692581653595,0.0
1124,16.251850128173828,1.0,0.0003289473825134337,0.1970953345298767,0.0
1125,15.427721977233887,0.9989919662475586,0.00028935185400769114,0.19664277136325836,0.0
1126,15.247387886047363,0.9985795617103577,0.0004417879390530288,0.19694501161575317,0.0
1127,14.07060432434082,0.9979166984558105,0.00026939655072055757,0.20561964809894562,0.0
1128,15.796099662780762,1.0,0.0005606395425274968,0.19045117497444153,0.0
1129,16.2940673828125,0.9989224076271057,0.0002540650311857462,0.18824560940265656,0.0
1130,14.737713813781738,1.0,0.0005827505956403911,0.19119864702224731,0.0
1131,15.593196868896484,0.998046875,0.00034340660204179585,0.19473081827163696,0.00027901786961592734
1132,15.913030624389648,0.9975961446762085,0.00025826445198617876,0.19021309912204742,0.0
1133,15.266998291015625,0.9989224076271057,0.0005381559021770954,0.19383029639720917,0.0002837684587575495
1134,17.03911590576172,1.0,0.0,0.19860884547233582,0.0
1135,15.155743598937988,0.9975378513336182,0.0,0.18197128176689148,0.0
1136,15.202127456665039,0.9979143142700195,0.0011368838604539633,0.20145729184150696,0.0
1137,14.996404647827148,0.9985119104385376,0.0008780775824561715,0.18668359518051147,0.0
1138,16.013769149780273,0.9967630505561829,0.0002840909000951797,0.1877618134021759,0.0
1139,16.244266510009766,0.9990234375,0.000292056065518409,0.18426959216594696,0.0
1140,16.987815856933594,0.9982638955116272,0.00044010032434016466,0.1964033842086792,0.00027777778450399637
1141,15.521060943603516,1.0,0.0,0.1938009262084961,0.0
1142,16.203144073486328,0.9990234375,0.0,0.21177241206169128,0.0
1143,14.80178451538086,0.9990234375,0.0002840909000951797,0.19237911701202393,0.0
1144,15.287779808044434,0.9989919662475586,0.00031565656536258757,0.19974136352539062,0.0
1145,15.884916305541992,0.9976339340209961,0.0008416387718170881,0.2032669484615326,0.0
1146,15.955681800842285,0.9967124462127686,0.000294811325147748,0.19123339653015137,0.0
1147,16.204917907714844,1.0,0.0,0.18996678292751312,0.0
1148,17.239887237548828,1.0,0.0,0.20215663313865662,0.0
1149,14.768194198608398,1.0,0.0,0.19362297654151917,0.0
1150,16.262802124023438,0.9948008060455322,0.00034340660204179585,0.19971153140068054,0.0002770083083305508
1151,16.932003021240234,0.9984375238418579,0.0,0.19890406727790833,0.0
1152,16.11672019958496,0.9990808963775635,0.0,0.18869459629058838,0.0
1153,15.75533390045166,0.9985795617103577,0.00028935185400769114,0.1917436122894287,0.0
1154,15.7100191116333,0.9991071224212646,0.0,0.17664314806461334,0.0
1155,17.328712463378906,0.9952707290649414,0.00028153153834864497,0.2165192812681198,0.0
1156,16.152681350708008,1.0,0.0002765486715361476,0.18273383378982544,0.0
1157,14.818228721618652,1.0,0.00028935185400769114,0.19073989987373352,0.0
1158,15.930553436279297,0.9986978769302368,0.0002367424312978983,0.19223405420780182,0.0
1159,15.605596542358398,1.0,0.0,0.18325012922286987,0.0
1160,15.798149108886719,0.9972208738327026,0.0005632459069602191,0.19100242853164673,0.0002840102242771536
1161,15.45965576171875,0.9973099827766418,0.0010854910360649228,0.20177407562732697,0.0005652911495417356
1162,16.00946617126465,1.0,0.000857557519339025,0.19413617253303528,0.00028843380277976394
1163,14.80300235748291,0.9984375238418579,0.0,0.20338329672813416,0.0
1164,14.712072372436523,0.9978448152542114,0.00027901786961592734,0.20126420259475708,0.0
1165,15.120015144348145,0.9972618818283081,0.0008714363211765885,0.18394941091537476,0.0
1166,15.873952865600586,0.9974393844604492,0.0,0.18898001313209534,0.0
1167,16.080568313598633,0.9990234375,0.0,0.20019984245300293,0.0
1168,15.452022552490234,0.9969338178634644,0.0002765486715361476,0.18652889132499695,0.0002791736333165318
1169,14.510252952575684,1.0,0.0005226116627454758,0.2021406888961792,0.0
1170,15.135804176330566,0.9969117641448975,0.0,0.20347794890403748,0.0
1171,15.99733829498291,0.9987499713897705,0.0005879041273146868,0.1878337562084198,0.0
1172,15.285634994506836,0.9973710775375366,0.0,0.19763728976249695,0.0
1173,16.199989318847656,0.9990530014038086,0.0004587015137076378,0.19757720828056335,0.0
1174,16.599075317382812,0.9991319179534912,0.00026483050896786153,0.18332457542419434,0.0002836879575625062
1175,15.91217041015625,0.9970311522483826,0.0009135922882705927,0.19990232586860657,0.0
1176,15.429245948791504,0.9988839626312256,0.0005760490894317627,0.19767874479293823,0.0
1177,16.437227249145508,0.9990234375,0.0005794986500404775,0.19268028438091278,0.0
1178,16.965972900390625,0.997592568397522,0.0002840909000951797,0.20876780152320862,0.0
1179,15.043313026428223,0.999218761920929,0.0005880376556888223,0.19629503786563873,0.0
1180,15.327194213867188,0.9965512752532959,0.000856769154779613,0.20672133564949036,0.0
1181,17.91278076171875,0.9988839626312256,0.0006446039769798517,0.19972705841064453,0.0
1182,15.431038856506348,1.0,0.00028669723542407155,0.20219025015830994,0.0
1183,15.563664436340332,1.0,0.0,0.20354577898979187,0.0
1184,14.43881607055664,1.0,0.0003676470660138875,0.19143402576446533,0.0
1185,16.660520553588867,0.994312047958374,0.0005721649504266679,0.20144549012184143,0.0
1186,15.962931632995605,0.9988839626312256,0.0003033980610780418,0.19092634320259094,0.0
1187,15.357013702392578,0.9985795617103577,0.0,0.186518132686615,0.0
1188,16.363727569580078,0.9990234375,0.0010845065116882324,0.18144014477729797,0.0005688281962648034
1189,14.355256080627441,0.9964443445205688,0.0005482456181198359,0.18966253101825714,0.0
1190,15.155622482299805,0.9988839626312256,0.0002840909000951797,0.19176630675792694,0.0
1191,16.682491302490234,0.9986978769302368,0.0,0.1872764229774475,0.0
1192,16.065685272216797,1.0,0.0,0.21798616647720337,0.0
1193,15.918397903442383,0.9980764389038086,0.0006909013609401882,0.2054295539855957,0.0
1194,15.945923805236816,1.0,0.0008503528079017997,0.19098836183547974,0.0002832861209753901
1195,15.919563293457031,0.9986978769302368,0.0,0.19348031282424927,0.0
1196,17.20985984802246,0.9952173233032227,0.0003094059356953949,0.19208049774169922,0.0
1197,16.492076873779297,0.9989919662475586,0.0003188775444868952,0.1983882486820221,0.0
1198,15.927000999450684,0.9989583492279053,0.0002540650311857462,0.20236244797706604,0.0
1199,16.136001586914062,0.998641312122345,0.0,0.1828102469444275,0.0
1200,15.881052017211914,0.9976943731307983,0.0003289473825134337,0.1854223906993866,0.00028935185400769114
1201,15.921804428100586,0.9989224076271057,0.00024801588733680546,0.19484566152095795,0.0002768549311440438
1202,16.16537857055664,0.9959512948989868,0.0,0.1900625228881836,0.0
1203,15.27829647064209,1.0,0.0005560937570407987,0.178023099899292,0.0
1204,15.73702335357666,0.9991319179534912,0.0005489214090630412,0.19504261016845703,0.0
1205,16.31733512878418,0.9989583492279053,0.0,0.1940985918045044,0.0
1206,14.717504501342773,1.0,0.0005230949609540403,0.18406224250793457,0.0002816108171828091
1207,16.26344108581543,0.998641312122345,0.00032552084303461015,0.1962045282125473,0.0
1208,15.423280715942383,0.9950633645057678,0.0,0.20545753836631775,0.0
1209,17.333751678466797,0.997726559638977,0.0,0.20668569207191467,0.0
1210,14.507425308227539,0.9989919662475586,0.0008529776823706925,0.19143635034561157,0.00027925160247832537
1211,15.628585815429688,0.9948301315307617,0.0008667076472193003,0.20006418228149414,0.0
1212,16.132282257080078,0.9949920177459717,0.0003396739193703979,0.19284696877002716,0.0
1213,16.192237854003906,0.9991071224212646,0.0005342270596884191,0.20015302300453186,0.0
1214,15.345172882080078,0.9974634647369385,0.0008998693665489554,0.1912151575088501,0.0
1215,15.020393371582031,1.0,0.0,0.19396063685417175,0.0
1216,15.872785568237305,0.9964988231658936,0.000542827183380723,0.1932242512702942,0.00028490027762018144
1217,15.492417335510254,0.9988839626312256,0.00026709403027780354,0.1901172697544098,0.0
1218,15.097806930541992,1.0,0.0008603340247645974,0.19727328419685364,0.0002889338356908411
1219,15.416315078735352,0.9988425970077515,0.00041108246659860015,0.17972025275230408,0.0
1220,15.121679306030273,0.9991554021835327,0.0005837080534547567,0.20736771821975708,0.00028184891561977565
1221,15.021463394165039,0.9970052242279053,0.0008032261393964291,0.18867579102516174,0.0
1222,15.86239242553711,1.0,0.0,0.19762444496154785,0.0
1223,15.069067001342773,1.0,0.0,0.19043982028961182,0.0
1224,15.238195419311523,1.0,0.0,0.17740827798843384,0.0
1225,15.799159049987793,1.0,0.00035511364694684744,0.19422399997711182,0.0
1226,16.105812072753906,0.99629807472229,0.0008527786703780293,0.19724220037460327,0.0
1227,16.42626953125,1.0,0.0009026603074744344,0.20248709619045258,0.0
1228,15.269902229309082,0.9989583492279053,0.00025826445198617876,0.1958538144826889,0.00028901733458042145
1229,15.96107292175293,0.9988839626312256,0.0011262961197644472,0.20356518030166626,0.0
1230,15.736898422241211,0.9983552694320679,0.0,0.2042393535375595,0.0
1231,16.091440200805664,1.0,0.000548625597730279,0.20630662143230438,0.0
1232,16.524538040161133,1.0,0.0,0.19555127620697021,0.0
1233,16.48638343811035,0.9991071224212646,0.0005234396667219698,0.1961817741394043,0.0
1234,15.499801635742188,1.0,0.0,0.19635529816150665,0.0
1235,15.000129699707031,0.9972618818283081,0.00025201612152159214,0.1847187876701355,0.0
1236,16.602581024169922,0.9983552694320679,0.0,0.20037677884101868,0.0
1237,16.13190460205078,0.9985795617103577,0.0005909374449402094,0.19435511529445648,0.0
1238,15.80732250213623,1.0,0.00016108246927615255,0.19300583004951477,0.0002789400168694556
1239,15.745400428771973,0.9989224076271057,0.0,0.2028609663248062,0.0
1240,16.852529525756836,1.0,0.0013254366349428892,0.20141680538654327,0.0002867794537451118
1241,16.344894409179688,1.0,0.00031565656536258757,0.18276521563529968,0.0
1242,14.117286682128906,0.9987499713897705,0.0005038364324718714,0.19538988173007965,0.0
1243,16.0863037109375,0.9957579374313354,0.0008253798587247729,0.19137869775295258,0.0
1244,13.771500587463379,1.0,0.0,0.18003013730049133,0.0
1245,16.154569625854492,0.9969062805175781,0.0003004807804245502,0.18455034494400024,0.0
1246,15.860816955566406,0.9962604641914368,0.0,0.1955977976322174,0.0
1247,14.838775634765625,0.9972097873687744,0.0005820123478770256,0.19785994291305542,0.0002790957223623991
1248,16.262126922607422,0.9983552694320679,0.0,0.18868397176265717,0.0
1249,17.1904239654541,1.0,0.0,0.19738921523094177,0.0
1250,15.475390434265137,1.0,0.00028153153834864497,0.18681631982326508,0.0
1251,15.006072998046875,0.9978423118591309,0.0008664838969707489,0.1902843564748764,0.00028885036590509117
1252,15.000954627990723,1.0,0.0005710739642381668,0.19595320522785187,0.0005575689719989896
1253,16.641979217529297,1.0,0.0005061475094407797,0.20945432782173157,0.0
1254,15.91817855834961,1.0,0.0005804293905384839,0.18447986245155334,0.00028612304595299065
1255,16.13138198852539,0.9977083206176758,0.0,0.20142313838005066,0.0
1256,15.953030586242676,0.9951134920120239,0.0,0.18749845027923584,0.0
1257,16.411556243896484,0.9989583492279053,0.0003221649385523051,0.19214463233947754,0.0
1258,15.210671424865723,0.9965232610702515,0.0003124999930150807,0.19486720860004425,0.0
1259,15.033373832702637,0.997672438621521,0.0,0.1939697563648224,0.0
1260,15.088129997253418,1.0,0.0,0.18359379470348358,0.0
1261,15.640771865844727,0.9942716360092163,0.00028153153834864497,0.19165948033332825,0.0
1262,15.37667179107666,0.9975252151489258,0.0,0.19623005390167236,0.0
1263,15.914266586303711,0.9984375238418579,0.0,0.18217763304710388,0.0
1264,16.059602737426758,0.9986978769302368,0.0008791016880422831,0.20573310554027557,0.0
1265,15.44745922088623,0.9973392486572266,0.0003124999930150807,0.20133967697620392,0.0
1266,16.707962036132812,0.9987980723381042,0.0,0.20345881581306458,0.0
1267,16.382896423339844,0.9970456957817078,0.000546362018212676,0.19834551215171814,0.0
1268,15.883654594421387,0.9979053735733032,0.00025826445198617876,0.19026874005794525,0.0
1269,15.472626686096191,0.9986978769302368,0.0,0.19214634597301483,0.0
1270,15.578604698181152,0.9963318109512329,0.0005323872901499271,0.19276383519172668,0.0
1271,15.513230323791504,0.9980851411819458,0.0,0.1920469105243683,0.0
1272,16.60837745666504,0.9963839054107666,0.0005144119495525956,0.200581356883049,0.00028612304595299065
1273,15.567466735839844,0.9973958134651184,0.0,0.1968613862991333,0.0
1274,15.199813842773438,0.9976406693458557,0.000587211805395782,0.19359531998634338,0.00028985505923628807
1275,15.1046781539917,1.0,0.0002540650311857462,0.2089141458272934,0.0
1276,16.05229949951172,1.0,0.00028153153834864497,0.18482422828674316,0.0
1277,17.328304290771484,0.9976406693458557,0.0003124999930150807,0.18978005647659302,0.0
1278,16.05911636352539,0.9975353479385376,0.0008278893656097353,0.20468395948410034,0.0
1279,16.385568618774414,0.9975378513336182,0.0,0.19946590065956116,0.0
1280,14.052716255187988,1.0,0.0005682287737727165,0.19329771399497986,0.0
1281,16.71807289123535,1.0,0.0006212054286152124,0.19707787036895752,0.0
1282,15.001690864562988,0.9987499713897705,0.0,0.1888575553894043,0.0
1283,14.369400024414062,0.9975404739379883,0.00026260505546815693,0.18257658183574677,0.00028694403590634465
1284,14.214122772216797,0.9979817867279053,0.0005208695074543357,0.2055344581604004,0.00028669723542407155
1285,16.396865844726562,1.0,0.0,0.20536626875400543,0.0
1286,16.443470001220703,1.0,0.0006237587076611817,0.19908198714256287,0.0
1287,15.097698211669922,0.9984375238418579,0.00027901786961592734,0.19840013980865479,0.0
1288,15.98488712310791,0.9988425970077515,0.0005930698243901134,0.18490299582481384,0.00029044438269920647
1289,15.355311393737793,0.9990234375,0.0003004807804245502,0.1886519491672516,0.00027777778450399637
1290,16.521156311035156,0.9978660345077515,0.0,0.1935981661081314,0.0
1291,16.912734985351562,0.9987980723381042,0.0002765486715361476,0.1942623257637024,0.0
1292,16.485021591186523,1.0,0.0009031838271766901,0.1954275220632553,0.00028587764245457947
1293,15.397961616516113,0.9988839626312256,0.0,0.1828947216272354,0.0
1294,16.929073333740234,1.0,0.0005296610179357231,0.20115143060684204,0.0
1295,16.078548431396484,0.9988425970077515,0.0,0.18179866671562195,0.0
1296,16.393144607543945,0.9988425970077515,0.00028935185400769114,0.19597341120243073,0.0
1297,16.13697624206543,0.9978063106536865,0.00029761905898340046,0.19204525649547577,0.0
1298,15.38668441772461,1.0,0.0,0.18646472692489624,0.0
1299,15.800846099853516,0.9968993067741394,0.0,0.1966550350189209,0.0
1300,16.046188354492188,1.0,0.0005423553520813584,0.2085956633090973,0.00028620491502806544
1301,15.758977890014648,0.9979745149612427,0.0,0.19350315630435944,0.0
1302,15.513334274291992,0.9990530014038086,0.00027901786961592734,0.19080521166324615,0.0
1303,16.458036422729492,1.0,0.0,0.21119055151939392,0.0
1304,16.48155403137207,0.9978009462356567,0.00025826445198617876,0.20060211420059204,0.0002821670495904982
1305,16.531105041503906,1.0,0.00028669723542407155,0.18356016278266907,0.0
1306,14.82111644744873,1.0,0.0,0.1922902762889862,0.0
1307,16.218645095825195,0.9990530014038086,0.0,0.20150059461593628,0.0
1308,15.60361385345459,0.9989583492279053,0.0005844628904014826,0.1766035407781601,0.0
1309,16.246723175048828,1.0,0.0,0.20060178637504578,0.0
1310,16.23446273803711,0.9959213733673096,0.0003221649385523051,0.20239660143852234,0.0
1311,15.985289573669434,0.9973787069320679,0.0005608200444839895,0.19150489568710327,0.00028843380277976394
1312,15.56297779083252,1.0,0.0,0.19501198828220367,0.0
1313,15.379034996032715,0.9962615370750427,0.0006030701915733516,0.19520992040634155,0.0
1314,15.7138032913208,1.0,0.0,0.18887020647525787,0.0
1315,16.4825439453125,0.9986978769302368,0.0,0.18815313279628754,0.0
1316,16.027360916137695,0.9966737031936646,0.0,0.19527512788772583,0.0
1317,16.336469650268555,0.9990234375,0.0006237708730623126,0.2088666409254074,0.0
1318,14.96508502960205,0.9968550801277161,0.00024801588733680546,0.19377829134464264,0.0002835270715877414
1319,15.969487190246582,0.9989583492279053,0.0,0.19725437462329865,0.0
1320,15.449642181396484,0.9972097873687744,0.0,0.2049238681793213,0.0
1321,16.69038200378418,0.9977899789810181,0.0010862037306651473,0.19755451381206512,0.0002892681513912976
1322,13.79001522064209,0.9985119104385376,0.00025826445198617876,0.18639850616455078,0.0
1323,16.615522384643555,0.9952702522277832,0.0,0.19302116334438324,0.0
1324,15.679787635803223,1.0,0.00028669723542407155,0.20710313320159912,0.0002824061084538698
1325,15.201753616333008,0.9957767128944397,0.0005614525871351361,0.2088267207145691,0.0
1326,15.100595474243164,1.0,0.0,0.1952119618654251,0.0
1327,16.552860260009766,0.9977678656578064,0.0002840909000951797,0.19686013460159302,0.0
1328,14.222823143005371,0.9990530014038086,0.0,0.1972159445285797,0.0
1329,15.665472984313965,0.9991319179534912,0.00026709403027780354,0.18626824021339417,0.0
1330,14.80923080444336,1.0,0.00031565656536258757,0.17996616661548615,0.0002866150753106922
1331,15.982425689697266,0.9991776347160339,0.0002741228090599179,0.19834113121032715,0.0002806623524520546
1332,16.09368324279785,1.0,0.0005340909119695425,0.1923844963312149,0.0002824061084538698
1333,15.629183769226074,1.0,0.0005428447620943189,0.1951662302017212,0.0
1334,14.74158000946045,0.9978063106536865,0.00027901786961592734,0.18762382864952087,0.0
1335,17.54853057861328,0.9977419376373291,0.0,0.19840848445892334,0.0
1336,15.953829765319824,1.0,0.00016191709437407553,0.18801985681056976,0.0
1337,15.727503776550293,0.997880756855011,0.0,0.18235370516777039,0.0
1338,15.59079647064209,0.9989224076271057,0.00033602150506339967,0.19828364253044128,0.0
1339,15.111431121826172,0.998641312122345,0.000548625597730279,0.19220757484436035,0.0
1340,15.787723541259766,0.9988425970077515,0.0003124999930150807,0.19224143028259277,0.0
1341,15.480238914489746,0.9981849789619446,0.0,0.19927045702934265,0.0
1342,14.916523933410645,0.9988425970077515,0.0,0.19195735454559326,0.0
1343,16.169113159179688,0.9989224076271057,0.00027901786961592734,0.19636350870132446,0.0
1344,14.294754981994629,0.9986978769302368,0.0005605494370684028,0.1829652041196823,0.0
1345,14.766334533691406,0.9987499713897705,0.0005449616583064198,0.1936727613210678,0.00028058362659066916
1346,15.803468704223633,0.9975038766860962,0.0005860215169377625,0.18736818432807922,0.0002825656847562641
1347,15.435464859008789,1.0,0.00028153153834864497,0.1878320872783661,0.0
1348,14.890473365783691,0.9988425970077515,0.00026483050896786153,0.20338650047779083,0.0
1349,15.734030723571777,0.9976406693458557,0.0,0.21215113997459412,0.0
1350,16.294082641601562,0.9968981146812439,0.00034722223062999547,0.19180473685264587,0.0
1351,16.74951171875,0.9990808963775635,0.0,0.17785035073757172,0.0
1352,16.114797592163086,1.0,0.0005530973430722952,0.18180716037750244,0.0
1353,15.883877754211426,0.9972222447395325,0.0005497685633599758,0.19459351897239685,0.0
1354,15.46262264251709,1.0,0.0005330828716978431,0.1876440942287445,0.0
1355,15.261665344238281,0.9984375238418579,0.0007842270424589515,0.18038901686668396,0.0
1356,15.794285774230957,0.9990234375,0.0004942641826346517,0.19298836588859558,0.0
1357,15.669816970825195,0.9967968463897705,0.0005411356687545776,0.20178253948688507,0.0
1358,16.751691818237305,0.9986978769302368,0.0,0.20277325809001923,0.0
1359,15.195465087890625,0.9988425970077515,0.00031565656536258757,0.20193138718605042,0.0
1360,16.875164031982422,0.9977734088897705,0.00028153153834864497,0.19261392951011658,0.0
1361,14.164658546447754,1.0,0.0009961305186152458,0.19400522112846375,0.0002840909000951797
1362,16.760499954223633,0.9966849088668823,0.000841097324155271,0.19476094841957092,0.0002870263997465372
1363,14.9992036819458,0.9961640238761902,0.0005416229250840843,0.2047700583934784,0.0
1364,15.21651554107666,1.0,0.0005122950533404946,0.19119712710380554,0.0
1365,16.0391845703125,0.9974839091300964,0.0,0.1904108226299286,0.0
1366,14.390362739562988,1.0,0.0,0.19601044058799744,0.0
1367,15.958159446716309,1.0,0.0005345394602045417,0.18029680848121643,0.0
1368,16.318538665771484,0.9983108043670654,0.00025826445198617876,0.20243465900421143,0.0
1369,15.705425262451172,0.9964262247085571,0.0,0.19585475325584412,0.0
1370,15.318062782287598,0.998161792755127,0.00028935185400769114,0.1932002753019333,0.0
1371,16.15070915222168,1.0,0.0005892589688301086,0.20156735181808472,0.0
1372,15.299168586730957,0.9991987347602844,0.0,0.2018471360206604,0.0
1373,15.415491104125977,1.0,0.00031565656536258757,0.18772031366825104,0.0
1374,15.366390228271484,1.0,0.000562449567951262,0.19658654928207397,0.00028490027762018144
1375,15.62823486328125,1.0,0.0,0.20255810022354126,0.0
1376,16.141504287719727,1.0,0.0005555665120482445,0.20384295284748077,0.0
1377,15.785492897033691,0.9979143142700195,0.0005390304140746593,0.19104522466659546,0.0
1378,16.20057487487793,0.9988839626312256,0.0,0.1991090178489685,0.0
1379,16.165447235107422,0.9953553676605225,0.0,0.1988784670829773,0.0
1380,15.90822982788086,0.9986978769302368,0.0,0.19849510490894318,0.0
1381,16.078121185302734,1.0,0.00028153153834864497,0.18911787867546082,0.0002879355160985142
1382,15.868643760681152,1.0,0.0002561475266702473,0.20085439085960388,0.0
1383,15.186824798583984,0.995948076248169,0.0005020808894187212,0.20344536006450653,0.0
1384,16.059730529785156,0.9989224076271057,0.0003124999930150807,0.19081267714500427,0.0
1385,16.238449096679688,1.0,0.0,0.20235775411128998,0.0
1386,15.57599925994873,0.9954233169555664,0.00030637255986221135,0.20114366710186005,0.0
1387,16.086729049682617,0.9976603984832764,0.0010798719013109803,0.1977190375328064,0.00027925160247832537
1388,15.287782669067383,0.9991319179534912,0.0008435342460870743,0.20140978693962097,0.0
1389,16.373455047607422,0.9985795617103577,0.00025826445198617876,0.20623986423015594,0.0
1390,16.05725860595703,0.9990234375,0.000855351216159761,0.19098955392837524,0.0
1391,16.134666442871094,1.0,0.0,0.18728923797607422,0.0
1392,16.072546005249023,1.0,0.0002840909000951797,0.2037564218044281,0.0
1393,15.174518585205078,0.995370090007782,0.00033602150506339967,0.18254932761192322,0.0
1394,15.554855346679688,0.998161792755127,0.0,0.18435630202293396,0.0
1395,14.95065689086914,0.9985795617103577,0.0,0.1905502825975418,0.0
1396,16.653650283813477,0.9987980723381042,0.0,0.1982865035533905,0.0
1397,16.847434997558594,1.0,0.0006327584851533175,0.18903383612632751,0.0
1398,15.567708015441895,1.0,0.0,0.20248430967330933,0.0
1399,16.323545455932617,0.9973545074462891,0.00029761905898340046,0.20213142037391663,0.0
1400,15.60957145690918,0.9966163635253906,0.00028669723542407155,0.1831878423690796,0.0
1401,15.93749713897705,0.9985795617103577,0.0,0.1843908727169037,0.0
1402,15.447776794433594,1.0,0.0003676470660138875,0.1788381040096283,0.0002824858820531517
1403,17.324670791625977,0.9989224076271057,0.00027901786961592734,0.20649844408035278,0.00028595939511433244
1404,16.4609317779541,0.9970238208770752,0.00030637255986221135,0.19485852122306824,0.0
1405,15.707704544067383,0.9986978769302368,0.0003324467979837209,0.20362091064453125,0.0
1406,16.171634674072266,0.998641312122345,0.00025201612152159214,0.18233852088451385,0.0
1407,15.312172889709473,0.9974192976951599,0.0,0.1972511112689972,0.0
1408,16.356069564819336,0.9979166984558105,0.00027901786961592734,0.19402149319648743,0.0
1409,15.132001876831055,0.9989224076271057,0.00031565656536258757,0.19091495871543884,0.0
1410,15.293252944946289,0.9978215098381042,0.0,0.20771539211273193,0.0
1411,16.112741470336914,1.0,0.0011244737543165684,0.20140418410301208,0.0
1412,16.114093780517578,0.993779182434082,0.00027173911803402007,0.19109949469566345,0.0
1413,16.077789306640625,1.0,0.0,0.18003198504447937,0.0
1414,16.43819808959961,0.9985795617103577,0.0009164309594780207,0.2098211944103241,0.0
1415,15.16897201538086,0.9987499713897705,0.0,0.18749399483203888,0.0
1416,16.11313819885254,0.9985119104385376,0.0002741228090599179,0.20180600881576538,0.0
1417,15.209176063537598,0.9927686452865601,0.0003124999930150807,0.19628804922103882,0.0
1418,16.652448654174805,0.9976406693458557,0.0,0.2033749669790268,0.0
1419,16.740636825561523,0.9972642660140991,0.0002604166802484542,0.19310761988162994,0.0
1420,17.224790573120117,0.9976851940155029,0.0,0.1944826990365982,0.0
1421,16.172712326049805,0.9979503154754639,0.0,0.19663751125335693,0.0
1422,16.001449584960938,0.9972097873687744,0.0006062558386474848,0.20459261536598206,0.0
1423,15.812809944152832,0.9977678656578064,0.0006067961221560836,0.19015271961688995,0.0002896871301345527
1424,17.092269897460938,0.9968391060829163,0.0003004807804245502,0.20729701220989227,0.0
1425,14.701984405517578,0.9987499713897705,0.00032552084303461015,0.19229130446910858,0.0
1426,15.31334114074707,0.9977678656578064,0.0,0.18801140785217285,0.0
1427,15.802849769592285,0.9991554021835327,0.0,0.19089318811893463,0.0
1428,15.357324600219727,1.0,0.00025826445198617876,0.18914425373077393,0.0
1429,14.394857406616211,1.0,0.0,0.1882038712501526,0.0
1430,15.918388366699219,0.9965871572494507,0.0,0.18453575670719147,0.0
1431,15.293224334716797,1.0,0.00028669723542407155,0.19744008779525757,0.0
1432,15.279687881469727,1.0,0.0003004807804245502,0.19580096006393433,0.00028743891743943095
1433,16.68375015258789,0.9987499713897705,0.0,0.20454257726669312,0.0
1434,15.83812427520752,0.9982638955116272,0.0005468274466693401,0.19546538591384888,0.0
1435,15.667682647705078,0.9973099827766418,0.0003004807804245502,0.19513043761253357,0.0
1436,15.47816276550293,0.99772047996521,0.0005509280599653721,0.20307603478431702,0.0
1437,14.857400894165039,1.0,0.0,0.1864548921585083,0.0
1438,16.64040184020996,0.9968539476394653,0.0008177311974577606,0.2111428678035736,0.00027785496786236763
1439,15.565990447998047,0.9964752197265625,0.000292056065518409,0.20097200572490692,0.0
1440,15.7646484375,0.9987980723381042,0.0,0.19199363887310028,0.0
1441,15.76209831237793,1.0,0.0,0.20035269856452942,0.0
1442,15.574106216430664,0.9956339001655579,0.00031565656536258757,0.20853915810585022,0.0
1443,15.126461029052734,1.0,0.0,0.18581244349479675,0.0
1444,15.43104076385498,0.9969190359115601,0.0,0.1922181397676468,0.0
1445,16.374374389648438,0.997672438621521,0.0005991972284391522,0.2144169807434082,0.0
1446,17.01647186279297,0.9989919662475586,0.0,0.18836821615695953,0.0
1447,16.184274673461914,0.9979502558708191,0.0,0.19471819698810577,0.0
1448,15.878259658813477,1.0,0.0002500000118743628,0.1987946331501007,0.0
1449,17.072650909423828,0.9960582256317139,0.0005330828716978431,0.20414438843727112,0.0
1450,16.684926986694336,0.9989919662475586,0.0002561475266702473,0.1935519129037857,0.0
1451,15.314266204833984,0.9975038766860962,0.0002741228090599179,0.20254117250442505,0.0
1452,15.351977348327637,0.9985119104385376,0.0009167033713310957,0.1987231820821762,0.0
1453,16.002243041992188,1.0,0.0,0.19413301348686218,0.0
1454,15.108331680297852,0.9985795617103577,0.0,0.19694668054580688,0.0
1455,15.66939640045166,0.9991071224212646,0.0002561475266702473,0.20811395347118378,0.0
1456,15.576859474182129,0.9974839091300964,0.00031565656536258757,0.20596908032894135,0.0
1457,15.425138473510742,0.9968022108078003,0.0,0.1857948750257492,0.0
1458,14.690471649169922,1.0,0.0003396739193703979,0.19198793172836304,0.0
1459,15.825725555419922,0.9957414865493774,0.0002840909000951797,0.19172140955924988,0.00028272546478547156
1460,15.18994426727295,0.9965922832489014,0.0005252101109363139,0.1831185221672058,0.0
1461,14.65759563446045,0.9976339340209961,0.00027901786961592734,0.18831877410411835,0.0002881014079321176
1462,15.240884780883789,0.9987499713897705,0.0,0.19744092226028442,0.0
1463,17.279531478881836,0.9953309297561646,0.0,0.1959300935268402,0.0
1464,15.884002685546875,0.9973958134651184,0.00029761905898340046,0.18223576247692108,0.0
1465,15.800445556640625,0.9988839626312256,0.0,0.19702085852622986,0.0
1466,16.57550811767578,0.9984375238418579,0.00026939655072055757,0.2004077136516571,0.0
1467,14.990144729614258,1.0,0.0,0.19149497151374817,0.0
1468,15.956048011779785,1.0,0.0,0.20664073526859283,0.0
1469,17.0274658203125,0.9989224076271057,0.0002741228090599179,0.18813055753707886,0.0
1470,15.271340370178223,0.9976029992103577,0.0,0.1891799420118332,0.0
1471,16.462244033813477,0.9976562261581421,0.0,0.20788508653640747,0.0
1472,17.296449661254883,0.9987499713897705,0.00026939655072055757,0.1974111795425415,0.0
1473,15.922445297241211,0.9991071224212646,0.0,0.19513937830924988,0.0
1474,14.429082870483398,0.99772047996521,0.00032552084303461015,0.19151310622692108,0.0
1475,16.360843658447266,0.9973472356796265,0.0006068533402867615,0.1943376362323761,0.0
1476,17.83542251586914,0.9978955984115601,0.0,0.19996821880340576,0.0
1477,15.704068183898926,0.9981695413589478,0.0,0.18657350540161133,0.0
1478,15.327699661254883,0.9991071224212646,0.0005434782360680401,0.18816903233528137,0.0
1479,15.571163177490234,0.998641312122345,0.0002741228090599179,0.19165219366550446,0.00028669723542407155
1480,14.85570240020752,1.0,0.0,0.19373375177383423,0.0
1481,16.34333610534668,0.9961588382720947,0.0,0.19849316775798798,0.0
1482,15.4872407913208,0.9981849789619446,0.0002765486715361476,0.19071224331855774,0.0
1483,15.957115173339844,0.995104193687439,0.00026709403027780354,0.1842913031578064,0.0
1484,16.323196411132812,0.9976562261581421,0.0,0.1829647719860077,0.0
1485,16.213272094726562,0.9980449676513672,0.0005419482477009296,0.20459863543510437,0.00027777778450399637
1486,14.994847297668457,0.9977509379386902,0.0006260888185352087,0.19190625846385956,0.0
1487,15.67490291595459,0.9956408739089966,0.0005511849303729832,0.19752492010593414,0.00028280544211156666
1488,16.161745071411133,0.9987499713897705,0.0,0.18904763460159302,0.0
1489,15.746984481811523,0.9948354363441467,0.0,0.2092161774635315,0.0
1490,15.264657974243164,1.0,0.00028153153834864497,0.1844213455915451,0.0
1491,15.663665771484375,1.0,0.0003396739193703979,0.18667003512382507,0.0
1492,16.22816276550293,1.0,0.0002561475266702473,0.19648604094982147,0.0
1493,15.61307144165039,0.9973545074462891,0.00026709403027780354,0.19319283962249756,0.0
1494,15.570181846618652,0.9990234375,0.0006115402793511748,0.19209209084510803,0.00028003359329886734
1495,16.18062400817871,0.9955893754959106,0.0005537912948057055,0.20543961226940155,0.0
1496,15.180000305175781,1.0,0.0,0.19393697381019592,0.0
1497,15.179451942443848,0.9988425970077515,0.0,0.1827658712863922,0.0
1498,15.093534469604492,1.0,0.0002840909000951797,0.1998608261346817,0.0
1499,16.679452896118164,0.9978345632553101,0.00034722223062999547,0.188991516828537,0.0
1500,14.952651977539062,0.9990530014038086,0.0002500000118743628,0.19099393486976624,0.0
1501,15.981284141540527,0.997592568397522,0.0,0.19148212671279907,0.0
1502,17.014053344726562,0.9946780204772949,0.0,0.18696409463882446,0.0
1503,16.29371452331543,1.0,0.0,0.20578661561012268,0.0
1504,15.821925163269043,1.0,0.0,0.1976272463798523,0.0
1505,16.037628173828125,0.99381422996521,0.0011785917449742556,0.19387732446193695,0.0
1506,15.548399925231934,0.9951683878898621,0.0,0.18998248875141144,0.0
1507,16.140222549438477,0.997726559638977,0.0,0.198318213224411,0.0
1508,15.976348876953125,0.9965947866439819,0.0,0.20216944813728333,0.0
1509,17.264299392700195,0.9990234375,0.0,0.21206866204738617,0.0
1510,16.541173934936523,0.9971532225608826,0.0002561475266702473,0.19596779346466064,0.0
1511,16.4831485748291,1.0,0.0005927499150857329,0.19554242491722107,0.00028727378230541945
1512,17.17538833618164,0.9972774982452393,0.0,0.18167251348495483,0.0
1513,15.172224998474121,0.9946732521057129,0.00034340660204179585,0.18955020606517792,0.0
1514,17.6395206451416,1.0,0.0,0.21310798823833466,0.0
1515,15.423121452331543,0.9959753751754761,0.00028935185400769114,0.18680667877197266,0.0
1516,16.583463668823242,1.0,0.00026260505546815693,0.18692074716091156,0.0
1517,15.979218482971191,0.999218761920929,0.0,0.1978091299533844,0.0
1518,16.0638370513916,0.9978660345077515,0.00026483050896786153,0.18681904673576355,0.0
1519,15.405092239379883,0.9988839626312256,0.0,0.20751021802425385,0.0
1520,16.930171966552734,0.9988839626312256,0.0,0.21081791818141937,0.0
1521,16.433372497558594,0.9991071224212646,0.000844640308059752,0.20735734701156616,0.0
1522,17.3131103515625,0.9955688118934631,0.0,0.19726493954658508,0.0
1523,16.439897537231445,0.9953159093856812,0.0008765298989601433,0.2032327502965927,0.0
1524,16.12057876586914,0.9984375238418579,0.00028669723542407155,0.18748587369918823,0.0
1525,15.948596954345703,0.9973099827766418,0.00030637255986221135,0.19600215554237366,0.0
1526,17.23106575012207,0.9976190328598022,0.0003004807804245502,0.1900520920753479,0.0
1527,17.101383209228516,1.0,0.00028153153834864497,0.20043686032295227,0.0
1528,15.40180778503418,0.9988839626312256,0.0,0.19209030270576477,0.0
1529,16.630762100219727,0.9990530014038086,0.0002840909000951797,0.18961688876152039,0.0
1530,15.787583351135254,0.9961998462677002,0.0008375783218070865,0.19002322852611542,0.00028801843291148543
1531,16.30729866027832,1.0,0.0,0.20891916751861572,0.0
1532,17.024757385253906,0.9978789687156677,0.0,0.20662334561347961,0.0
1533,16.959720611572266,0.9975000023841858,0.0,0.1933889389038086,0.0
1534,16.14764976501465,0.9975481033325195,0.0,0.19215553998947144,0.0
1535,16.170446395874023,0.9944729804992676,0.0,0.19994567334651947,0.0
1536,16.739789962768555,0.9979487061500549,0.0002500000118743628,0.21205395460128784,0.0
1537,15.959553718566895,0.9980654716491699,0.0,0.19668033719062805,0.0
1538,15.7413330078125,0.9991319179534912,0.00031565656536258757,0.20505402982234955,0.0
1539,15.755793571472168,0.9988839626312256,0.0,0.19491714239120483,0.0
1540,17.004199981689453,1.0,0.00028153153834864497,0.20058289170265198,0.0
1541,16.300399780273438,0.9987499713897705,0.0005506714805960655,0.1922709047794342,0.0002796420594677329
1542,16.04400062561035,1.0,0.0,0.19427552819252014,0.0
1543,15.866847038269043,0.9974839091300964,0.0005608974606730044,0.2015264630317688,0.0
1544,16.316434860229492,0.997592568397522,0.0005934968357905746,0.1857457160949707,0.0002886836009565741
1545,15.881551742553711,0.9974479079246521,0.000403023324906826,0.19327130913734436,0.0002788622514344752
1546,16.161073684692383,0.9936703443527222,0.0,0.2006348967552185,0.0
1547,17.507741928100586,0.9987499713897705,0.000292056065518409,0.2020058035850525,0.0
1548,15.822331428527832,1.0,0.0005506714805960655,0.19846715033054352,0.0
1549,15.758384704589844,1.0,0.0,0.1984563022851944,0.0
1550,15.011523246765137,1.0,0.00026939655072055757,0.20006144046783447,0.0
1551,15.997641563415527,1.0,0.0,0.18581989407539368,0.0
1552,16.33696937561035,0.9975481033325195,0.0005497685633599758,0.18342189490795135,0.0
1553,15.821501731872559,0.9985119104385376,0.0,0.18305304646492004,0.0
1554,15.15082836151123,0.9985119104385376,0.0,0.19705235958099365,0.0
1555,16.96117401123047,1.0,0.0,0.19203639030456543,0.0
1556,15.042879104614258,0.9972355365753174,0.0,0.19801953434944153,0.0
1557,16.06427574157715,1.0,0.0,0.19428232312202454,0.0
1558,16.404752731323242,1.0,0.0005606395425274968,0.2018779218196869,0.0
1559,17.465557098388672,1.0,0.00016447369125671685,0.19860142469406128,0.0
1560,15.054207801818848,0.9990530014038086,0.0005625201156362891,0.20013470947742462,0.0
1561,15.421102523803711,0.9991987347602844,0.0005278866738080978,0.19943559169769287,0.0
1562,14.736509323120117,1.0,0.0,0.19623571634292603,0.0
1563,16.218046188354492,0.9944608211517334,0.0003033980610780418,0.1939292699098587,0.0
1564,16.464324951171875,0.9988839626312256,0.0,0.19437125325202942,0.0
1565,15.670058250427246,0.9986978769302368,0.00026483050896786153,0.18099525570869446,0.0
1566,15.88990592956543,1.0,0.0005298132309690118,0.18933790922164917,0.00028546960675157607
1567,14.578580856323242,0.9990530014038086,0.0,0.1735212206840515,0.0
1568,17.266691207885742,1.0,0.0002765486715361476,0.2137826383113861,0.0
1569,17.562971115112305,1.0,0.0,0.1964225471019745,0.0
1570,14.163911819458008,0.9969882369041443,0.00028935185400769114,0.18272273242473602,0.0
1571,15.335005760192871,0.9973787069320679,0.0,0.19183051586151123,0.0
1572,15.628615379333496,0.9962062835693359,0.0,0.1929962933063507,0.0
1573,15.816792488098145,0.9971978664398193,0.0,0.19279417395591736,0.0
1574,16.30489730834961,0.9976604580879211,0.0002561475266702473,0.20226562023162842,0.0
1575,16.4565372467041,0.9980543851852417,0.0005735367303714156,0.1970791518688202,0.0
1576,14.806669235229492,0.9978511333465576,0.0,0.19452673196792603,0.0
1577,17.694496154785156,1.0,0.0,0.2104983627796173,0.0
1578,16.387588500976562,0.9987980723381042,0.0005524968728423119,0.18861907720565796,0.0
1579,15.058409690856934,0.9989919662475586,0.0,0.19179105758666992,0.0
1580,16.524324417114258,1.0,0.001123211346566677,0.1869211494922638,0.00028360748547129333
1581,15.637706756591797,0.9980033040046692,0.0002765486715361476,0.20301228761672974,0.0
1582,15.806578636169434,1.0,0.0,0.20716488361358643,0.0
1583,16.03130531311035,0.9988425970077515,0.00026709403027780354,0.17848137021064758,0.0
1584,16.504549026489258,0.9977213144302368,0.0003396739193703979,0.201695054769516,0.0
1585,15.711295127868652,0.9990234375,0.0005757691105827689,0.19961702823638916,0.0
1586,15.261030197143555,0.9951820373535156,0.0008065286092460155,0.1869812309741974,0.0
1587,15.068534851074219,0.9990234375,0.00023854961909819394,0.18545034527778625,0.0
1588,16.166532516479492,0.9954012036323547,0.0002500000118743628,0.18664488196372986,0.0
1589,16.425966262817383,0.9972222447395325,0.0,0.1920296996831894,0.0
1590,16.061315536499023,0.9965277910232544,0.00027173911803402007,0.18993663787841797,0.0002862868714146316
1591,14.865121841430664,0.9991554021835327,0.00028153153834864497,0.19099724292755127,0.0
1592,15.666024208068848,0.9983552694320679,0.00016447369125671685,0.1930106282234192,0.0
1593,16.016950607299805,0.9972801208496094,0.0,0.1942494511604309,0.0
1594,15.860112190246582,1.0,0.0003188775444868952,0.2084387242794037,0.0
1595,15.603741645812988,0.9975378513336182,0.0,0.19582507014274597,0.0
1596,15.824884414672852,1.0,0.0006018518470227718,0.19509676098823547,0.0
1597,16.062946319580078,0.9990808963775635,0.00028935185400769114,0.19401368498802185,0.000277315586572513
1598,15.493795394897461,0.9976150989532471,0.0005354148452170193,0.19208934903144836,0.0
1599,15.902230262756348,0.997592568397522,0.0,0.19005146622657776,0.0
1600,16.852745056152344,1.0,0.0008660133462399244,0.19757549464702606,0.0
1601,17.079357147216797,0.9982848167419434,0.0005997474654577672,0.19241851568222046,0.0
1602,14.856188774108887,1.0,0.0011601662263274193,0.19169674813747406,0.0002814522886183113
1603,17.097211837768555,0.9976339340209961,0.0002840909000951797,0.20236201584339142,0.0
1604,15.399982452392578,0.9990808963775635,0.0005482456181198359,0.1832941323518753,0.0
1605,15.246527671813965,0.9974960088729858,0.0,0.19200365245342255,0.0
1606,14.716019630432129,0.9970841407775879,0.00029761905898340046,0.18297246098518372,0.0
1607,16.007503509521484,0.9978215098381042,0.0,0.1810772567987442,0.0
1608,15.729120254516602,0.9987499713897705,0.0,0.21309596300125122,0.0
1609,15.450326919555664,0.9989919662475586,0.0,0.18656006455421448,0.0
1610,15.198016166687012,0.9951898455619812,0.0,0.20476362109184265,0.0
1611,16.13351821899414,0.9988839626312256,0.0005563725717365742,0.20546260476112366,0.0
1612,16.218442916870117,0.9950269460678101,0.0006510416860692203,0.20012566447257996,0.0
1613,15.14588451385498,0.9975019693374634,0.0,0.18241311609745026,0.0
1614,16.501140594482422,0.9980033040046692,0.00027901786961592734,0.1840890794992447,0.0
1615,16.527179718017578,0.9989919662475586,0.000994063913822174,0.1973734200000763,0.0
1616,15.019281387329102,0.9986978769302368,0.0,0.20004147291183472,0.0
1617,16.2414493560791,0.9974393844604492,0.0002500000118743628,0.20121216773986816,0.0
1618,15.558518409729004,0.9990530014038086,0.0002741228090599179,0.19400747120380402,0.0
1619,16.47787857055664,0.9988425970077515,0.0011661214521154761,0.19552510976791382,0.0
1620,14.752985000610352,0.9988425970077515,0.0005193965625949204,0.20536577701568604,0.00027901786961592734
1621,16.875595092773438,0.9987980723381042,0.0006485724588856101,0.2088024765253067,0.0
1622,16.3457088470459,1.0,0.0005519569385796785,0.1949577033519745,0.0
1623,16.175308227539062,0.9951223731040955,0.0005892589688301086,0.19623814523220062,0.00028885036590509117
1624,16.437236785888672,1.0,0.0006055748090147972,0.19678956270217896,0.0
1625,16.24246597290039,0.9949439167976379,0.0005323872901499271,0.19480624794960022,0.0
1626,15.562501907348633,0.998161792755127,0.0005760490894317627,0.20595288276672363,0.0
1627,15.006471633911133,0.9954437017440796,0.0005234616110101342,0.20763689279556274,0.0002844140981324017
1628,15.703804016113281,0.9970787763595581,0.0,0.18298637866973877,0.0
1629,16.26470947265625,0.9950453042984009,0.0008813775493763387,0.1889674961566925,0.0
1630,15.429883003234863,0.9989583492279053,0.0,0.202816441655159,0.0
1631,16.54088592529297,0.9964767694473267,0.0002500000118743628,0.193775475025177,0.0
1632,15.625576972961426,0.998641312122345,0.0003221649385523051,0.18471845984458923,0.000286861730273813
1633,16.258092880249023,0.9954928755760193,0.0003124999930150807,0.1976931095123291,0.0
1634,16.143888473510742,0.9990808963775635,0.0,0.18924331665039062,0.0
1635,15.211440086364746,0.9937839508056641,0.0002500000118743628,0.20179826021194458,0.0
1636,16.019872665405273,0.9991071224212646,0.00026939655072055757,0.19879478216171265,0.0002835270715877414
1637,15.209169387817383,0.9979369640350342,0.0,0.21077656745910645,0.0
1638,16.825716018676758,0.9953187704086304,0.0008854103507474065,0.189042866230011,0.0
1639,16.00704002380371,0.9965232610702515,0.0006944444612599909,0.17649509012699127,0.00027517887065187097
1640,15.53039264678955,0.9941592216491699,0.00028669723542407155,0.1886463314294815,0.0
1641,16.36271095275879,0.997664749622345,0.0002540650311857462,0.1888110637664795,0.0
1642,16.195520401000977,0.9973958134651184,0.0,0.19910085201263428,0.0
1643,16.502843856811523,0.9973958730697632,0.0005987136391922832,0.19430974125862122,0.0
1644,16.44856834411621,0.994284987449646,0.0,0.21177271008491516,0.0
1645,15.119290351867676,0.9980154037475586,0.0,0.18790382146835327,0.0
1646,18.245756149291992,0.9989583492279053,0.0003221649385523051,0.19232913851737976,0.0002866150753106922
1647,15.442103385925293,0.9989919662475586,0.0,0.19814439117908478,0.0
1648,15.341976165771484,1.0,0.0003396739193703979,0.17784227430820465,0.0
1649,16.751659393310547,1.0,0.0008151865331456065,0.19486886262893677,0.0
1650,14.124396324157715,0.9987499713897705,0.0002540650311857462,0.17179208993911743,0.00028530671261250973
1651,16.597497940063477,1.0,0.0008295435691252351,0.1854511797428131,0.0
1652,16.96952247619629,0.9976943731307983,0.0,0.19137802720069885,0.0
1653,17.49901580810547,0.9945593476295471,0.0005341880605556071,0.20820635557174683,0.00028129396378062665
1654,16.82378387451172,1.0,0.00024801588733680546,0.197456955909729,0.0
1655,16.106252670288086,1.0,0.0006193583249114454,0.19355422258377075,0.00028490027762018144
1656,14.693280220031738,0.9987499713897705,0.0,0.19448749721050262,0.0
1657,16.447940826416016,1.0,0.00026939655072055757,0.20997413992881775,0.0
1658,16.360811233520508,0.9989224076271057,0.0006245028926059604,0.17341259121894836,0.0002844950358849019
1659,14.914358139038086,1.0,0.0,0.2122848778963089,0.0
1660,16.02130889892578,0.9987499713897705,0.0003221649385523051,0.18080857396125793,0.0
1661,15.815302848815918,1.0,0.00028153153834864497,0.20656517148017883,0.0
1662,16.453330993652344,0.9966122508049011,0.0001653439103392884,0.1954900622367859,0.0002793296007439494
1663,16.949138641357422,0.9983552694320679,0.0003324467979837209,0.18779870867729187,0.0
1664,15.701539993286133,0.9974839091300964,0.0005534874508157372,0.19007521867752075,0.00028336638933978975
1665,15.225768089294434,1.0,0.00028669723542407155,0.20001544058322906,0.0
1666,16.659408569335938,0.9985119104385376,0.0,0.18267318606376648,0.0
1667,15.792632102966309,0.9985795617103577,0.00026483050896786153,0.19882088899612427,0.0
1668,15.256893157958984,0.9987980723381042,0.0005301538622006774,0.20305779576301575,0.00028735632076859474
1669,16.517555236816406,1.0,0.0005987136391922832,0.18844076991081238,0.0
1670,15.776564598083496,0.998641312122345,0.0,0.1976395696401596,0.0
1671,15.874716758728027,1.0,0.0005148305208422244,0.18602964282035828,0.0
1672,15.831413269042969,0.9978215098381042,0.0,0.1968621164560318,0.0
1673,17.147512435913086,0.9991319179534912,0.00028153153834864497,0.20251257717609406,0.0
1674,16.759660720825195,1.0,0.00112154521048069,0.18898385763168335,0.0
1675,15.70643424987793,0.9987980723381042,0.0003511235991027206,0.19904139637947083,0.0
1676,16.362960815429688,0.9987980723381042,0.0006101443432271481,0.1887471079826355,0.0002794857427943498
1677,16.821550369262695,0.9988425970077515,0.0008256736909970641,0.19454295933246613,0.0005662514013238251
1678,16.624597549438477,0.9990234375,0.0,0.20530200004577637,0.0
1679,15.804112434387207,1.0,0.000292056065518409,0.2090793251991272,0.0
1680,15.828347206115723,0.9991554021835327,0.0,0.19258156418800354,0.0
1681,15.967743873596191,1.0,0.0002604166802484542,0.19065241515636444,0.0
1682,15.917202949523926,0.9988425970077515,0.00035919540096074343,0.19307687878608704,0.0
1683,16.360576629638672,1.0,0.0008255057036876678,0.2005259245634079,0.0005696382722817361
1684,14.911417007446289,0.9986978769302368,0.0005991972284391522,0.2111726701259613,0.0
1685,14.751754760742188,0.9976285099983215,0.00028935185400769114,0.18636354804039001,0.0
1686,16.90802001953125,0.9970530271530151,0.0,0.18929767608642578,0.0
1687,15.549392700195312,0.9977564215660095,0.0,0.1986439824104309,0.0
1688,15.869250297546387,1.0,0.0008751399000175297,0.2010568082332611,0.0
1689,15.809213638305664,0.9987980723381042,0.0003124999930150807,0.18697771430015564,0.0002862868714146316
1690,14.884629249572754,0.9953590631484985,0.0005084325675852597,0.20065265893936157,0.0002801120572257787
1691,14.477449417114258,0.9940241575241089,0.000292056065518409,0.19753767549991608,0.0
1692,16.964069366455078,0.9978955984115601,0.0006070249946787953,0.20944342017173767,0.00028344671591185033
1693,16.32899284362793,0.9991071224212646,0.0005934968357905746,0.2083205133676529,0.0
1694,15.7275390625,1.0,0.0,0.19610512256622314,0.0
1695,15.758030891418457,0.9976339340209961,0.0,0.19998925924301147,0.0
1696,14.827885627746582,1.0,0.0,0.1831011176109314,0.0
1697,15.722869873046875,0.9989224076271057,0.00029761905898340046,0.1923467516899109,0.0
1698,17.239810943603516,1.0,0.0003033980610780418,0.18975354731082916,0.0
1699,16.43842124938965,0.9950269460678101,0.0005632459069602191,0.19592012465000153,0.0002789400168694556
1700,16.415376663208008,0.9966796636581421,0.0,0.1995135247707367,0.0
1701,17.27630043029785,0.9987980723381042,0.0005532706854864955,0.19217298924922943,0.00028530671261250973
1702,15.955013275146484,0.9964583516120911,0.0005484144203364849,0.19254013895988464,0.0
1703,16.14715576171875,1.0,0.0003124999930150807,0.19430436193943024,0.0
1704,16.042011260986328,0.9959750175476074,0.0009212451986968517,0.19200974702835083,0.0005566378822550178
1705,16.27555274963379,0.996616005897522,0.000294811325147748,0.2034120112657547,0.00028563267551362514
1706,15.766901016235352,0.9989583492279053,0.0005811450537294149,0.18656396865844727,0.0
1707,14.688737869262695,0.9986978769302368,0.0,0.19260604679584503,0.0
1708,16.203882217407227,0.9989583492279053,0.0,0.19187602400779724,0.0
1709,16.046812057495117,1.0,0.0,0.20913399755954742,0.0
1710,15.332781791687012,0.9978345632553101,0.0006148726679384708,0.19441698491573334,0.0
1711,15.932002067565918,1.0,0.0,0.19329559803009033,0.0
1712,17.06806755065918,0.9989919662475586,0.0,0.2113247811794281,0.0
1713,16.46807098388672,0.9967002272605896,0.00027173911803402007,0.1848682165145874,0.0002810567675624043
1714,16.664409637451172,1.0,0.000234962411923334,0.20161086320877075,0.0002824858820531517
1715,15.58928108215332,0.998641312122345,0.0,0.19252829253673553,0.0
1716,16.365337371826172,0.9987499713897705,0.0008582719601690769,0.18576425313949585,0.0
1717,16.254934310913086,0.9964218139648438,0.00027901786961592734,0.19616547226905823,0.0
1718,14.137584686279297,0.998641312122345,0.0005537912948057055,0.19661614298820496,0.0
1719,16.331438064575195,0.9979074001312256,0.00025201612152159214,0.19927847385406494,0.000283929577562958
1720,15.890416145324707,1.0,0.00028153153834864497,0.20198266208171844,0.0
1721,16.453502655029297,1.0,0.0006158980540931225,0.1791284829378128,0.0
1722,16.191551208496094,0.9981331825256348,0.0002741228090599179,0.17899365723133087,0.0
1723,16.306882858276367,1.0,0.0,0.2018463909626007,0.0
1724,16.68834686279297,0.9989583492279053,0.00032552084303461015,0.21639984846115112,0.0
1725,15.861542701721191,0.9979754686355591,0.0,0.1920265257358551,0.0
1726,16.028179168701172,1.0,0.00028153153834864497,0.2078133225440979,0.0
1727,16.135770797729492,0.9958512783050537,0.000294811325147748,0.18629181385040283,0.0002794857427943498
1728,16.578678131103516,0.9972826242446899,0.0011565135791897774,0.20275640487670898,0.0002844950358849019
1729,16.07227897644043,0.9987499713897705,0.00026939655072055757,0.20697765052318573,0.0
1730,15.403555870056152,0.9989919662475586,0.001137221697717905,0.18857340514659882,0.0
1731,15.950876235961914,0.9989583492279053,0.0002765486715361476,0.1860918551683426,0.0
1732,15.545736312866211,0.9985119104385376,0.0,0.19151455163955688,0.0
1733,16.108564376831055,0.9931148290634155,0.002026059664785862,0.1978309005498886,0.0005698005552403629
1734,16.402042388916016,0.9989224076271057,0.0002765486715361476,0.19484762847423553,0.0
1735,15.733160972595215,0.998641312122345,0.00026939655072055757,0.19517353177070618,0.0
1736,17.349281311035156,0.9971354007720947,0.0005741810891777277,0.20400470495224,0.0
1737,16.958118438720703,0.9987980723381042,0.0,0.18443545699119568,0.0
1738,16.574365615844727,0.99649578332901,0.0005709839169867337,0.19566825032234192,0.0
1739,16.722387313842773,1.0,0.0005850531160831451,0.19731849431991577,0.0
1740,16.979772567749023,1.0,0.00025826445198617876,0.18381401896476746,0.0
1741,15.189597129821777,0.9987980723381042,0.0,0.19192466139793396,0.0
1742,16.268516540527344,0.9988425970077515,0.0,0.19221720099449158,0.0
1743,16.261764526367188,0.9963295459747314,0.00028669723542407155,0.1849166452884674,0.0
1744,14.987359046936035,0.9966307878494263,0.0005817099590785801,0.190834641456604,0.0002871088217943907
1745,17.400758743286133,0.9987499713897705,0.0,0.2051679491996765,0.0
1746,15.525650978088379,0.9989919662475586,0.0,0.19716256856918335,0.0
1747,16.279142379760742,1.0,0.0,0.20801270008087158,0.0
1748,15.847935676574707,0.9985119104385376,0.0,0.1961658000946045,0.0
1749,15.956063270568848,0.998641312122345,0.0,0.1937185376882553,0.0
1750,16.486417770385742,0.9973958730697632,0.0008878116495907307,0.19043296575546265,0.0002772386942524463
1751,16.61033058166504,0.9989583492279053,0.0,0.2041945457458496,0.0
1752,15.341604232788086,1.0,0.00027173911803402007,0.1955394744873047,0.0002879355160985142
1753,16.39289665222168,0.9968006014823914,0.0005560937570407987,0.19355973601341248,0.0002865329443011433
1754,16.182100296020508,0.9976562261581421,0.0,0.18538355827331543,0.0
1755,16.587017059326172,1.0,0.0005537912948057055,0.20503656566143036,0.0002798768400680274
1756,18.16436004638672,0.9990808963775635,0.0002765486715361476,0.19950628280639648,0.0
1757,15.482702255249023,1.0,0.0002561475266702473,0.18838419020175934,0.0
1758,16.617965698242188,0.9990808963775635,0.00026939655072055757,0.18997320532798767,0.0
1759,17.20389747619629,0.9961938858032227,0.0010557268979027867,0.1977909803390503,0.0002875215723179281
1760,16.76502799987793,0.998641312122345,0.0,0.19364848732948303,0.0
1761,16.381650924682617,1.0,0.0,0.2104228287935257,0.0
1762,16.64139175415039,0.9979502558708191,0.0,0.19759246706962585,0.0
1763,16.216720581054688,0.9968539476394653,0.0005850531160831451,0.19590550661087036,0.0
1764,15.219297409057617,0.998161792755127,0.0005930698243901134,0.1901221126317978,0.0
1765,16.51141357421875,0.9971277713775635,0.0,0.2053317278623581,0.0
1766,14.508445739746094,1.0,0.0002604166802484542,0.1947004646062851,0.0
1767,14.824050903320312,0.9970170259475708,0.0003221649385523051,0.18156571686267853,0.0
1768,16.626781463623047,0.9975000023841858,0.0006011828081682324,0.20913903415203094,0.0
1769,16.111061096191406,1.0,0.0008431431488133967,0.19422924518585205,0.0002787844859994948
1770,16.335996627807617,0.9988425970077515,0.0,0.2069740891456604,0.0
1771,16.74277114868164,1.0,0.00028153153834864497,0.20980268716812134,0.0
1772,16.673704147338867,0.9979166984558105,0.0,0.2127765417098999,0.0
1773,16.209075927734375,0.9986978769302368,0.0,0.19362980127334595,0.0
1774,15.70838737487793,0.9989224076271057,0.0005640704766847193,0.19675610959529877,0.0
1775,15.724315643310547,1.0,0.0002460629912093282,0.19235673546791077,0.0002855511265806854
1776,15.338241577148438,0.9989224076271057,0.0005788024864159524,0.19080683588981628,0.0
1777,15.57727336883545,0.998046875,0.0,0.2044006884098053,0.0
1778,14.789875030517578,0.9985795617103577,0.0009088941151276231,0.18659454584121704,0.0
1779,16.86355209350586,0.9985795617103577,0.00026939655072055757,0.2051646113395691,0.0
1780,16.263303756713867,1.0,0.00028669723542407155,0.18583449721336365,0.0
1781,15.664056777954102,0.9988839626312256,0.0008395672775804996,0.19266366958618164,0.0
1782,15.956666946411133,0.9982638955116272,0.00048297829926013947,0.19772887229919434,0.0
1783,17.03339385986328,1.0,0.0005296990857459605,0.20743677020072937,0.0002787844859994948
1784,16.377695083618164,1.0,0.0,0.18443803489208221,0.0
1785,15.80567455291748,0.9974343180656433,0.00028153153834864497,0.20756381750106812,0.0
1786,14.732553482055664,0.9990530014038086,0.00028935185400769114,0.19513872265815735,0.0
1787,15.79434871673584,0.9985119104385376,0.0,0.2011706829071045,0.0
1788,17.228607177734375,0.9978422522544861,0.0010627638548612595,0.18314401805400848,0.0
1789,15.639955520629883,0.998641312122345,0.00026939655072055757,0.19986774027347565,0.0
1790,16.00452423095703,1.0,0.0008906116709113121,0.18534794449806213,0.00028425242635421455
1791,16.889781951904297,0.9989919662475586,0.0,0.18800117075443268,0.0
1792,16.792314529418945,0.9988425970077515,0.0,0.20029407739639282,0.0
1793,15.333413124084473,0.9987980723381042,0.00027173911803402007,0.18852856755256653,0.0
1794,16.054601669311523,1.0,0.0002540650311857462,0.20028811693191528,0.00028595939511433244
1795,14.80191421508789,0.9987980723381042,0.0,0.1931684911251068,0.0
1796,16.43280601501465,0.9971536993980408,0.0,0.19230958819389343,0.0
1797,14.697888374328613,1.0,0.0,0.19249334931373596,0.0
1798,16.113862991333008,1.0,0.00025201612152159214,0.19379287958145142,0.0
1799,16.095205307006836,1.0,0.000597188132815063,0.20003436505794525,0.0
1800,15.500123023986816,1.0,0.0003033980610780418,0.18570199608802795,0.0
1801,15.957356452941895,0.9982638955116272,0.00028153153834864497,0.18306007981300354,0.00028003359329886734
1802,16.4709415435791,1.0,0.0003033980610780418,0.190901517868042,0.0
1803,16.085317611694336,0.9968671798706055,0.0007784818299114704,0.195444718003273,0.0
1804,15.197355270385742,1.0,0.0003188775444868952,0.20575889945030212,0.0
1805,16.525447845458984,1.0,0.0007842647610232234,0.19072496891021729,0.0
1806,14.973628044128418,0.9974393844604492,0.00027901786961592734,0.19513501226902008,0.00027870680787600577
1807,15.081607818603516,0.9970703125,0.00025826445198617876,0.20105525851249695,0.0
1808,17.114185333251953,1.0,0.0,0.20109045505523682,0.0
1809,15.668427467346191,0.9963703155517578,0.0,0.1872836947441101,0.0
1810,16.549915313720703,0.9962064027786255,0.0003188775444868952,0.1858716607093811,0.0
1811,16.078981399536133,0.9960373640060425,0.0005734665901400149,0.1975627839565277,0.0005575689719989896
1812,16.092573165893555,0.9984375238418579,0.00025826445198617876,0.19102036952972412,0.0
1813,14.688883781433105,0.9964094161987305,0.0008451818721368909,0.18801355361938477,0.0
1814,17.477218627929688,0.9975019693374634,0.00026483050896786153,0.2041943073272705,0.0
1815,16.050434112548828,0.9972774982452393,0.00029761905898340046,0.19555063545703888,0.0
1816,16.410539627075195,0.9991319179534912,0.00028153153834864497,0.19119395315647125,0.0
1817,14.887088775634766,1.0,0.0005605494370684028,0.20077581703662872,0.0
1818,15.010917663574219,0.9991071224212646,0.0005558300181291997,0.19149458408355713,0.0
1819,16.0018310546875,0.9986978769302368,0.0,0.1986074298620224,0.0
1820,16.708221435546875,0.9978215098381042,0.0,0.19068434834480286,0.0
1821,16.932815551757812,1.0,0.00026709403027780354,0.19433635473251343,0.0
1822,16.274608612060547,0.9969598054885864,0.0,0.18912366032600403,0.0
1823,17.55712127685547,0.9990808963775635,0.0002500000118743628,0.2079814374446869,0.0
1824,15.106172561645508,1.0,0.0,0.1912115216255188,0.0
1825,17.520736694335938,0.9995039701461792,0.00029761905898340046,0.20360180735588074,0.0
1826,15.430112838745117,0.9988425970077515,0.00024801588733680546,0.18022578954696655,0.0
1827,16.282943725585938,0.9967410564422607,0.0005717418389394879,0.18919607996940613,0.0
1828,15.606075286865234,0.9973776340484619,0.0003221649385523051,0.19161921739578247,0.0
1829,15.604920387268066,0.9969387054443359,0.0002500000118743628,0.19176898896694183,0.0002791736333165318
1830,15.888477325439453,1.0,0.0005587483756244183,0.20593920350074768,0.00028232636395841837
1831,15.89870548248291,0.9990234375,0.0005659005255438387,0.19526857137680054,0.0
1832,16.97764778137207,0.9986978769302368,0.0,0.20860555768013,0.0
1833,17.042964935302734,0.9961445331573486,0.000866584712639451,0.2057236135005951,0.0
1834,14.859086990356445,0.995668888092041,0.0,0.19144928455352783,0.0
1835,16.1657772064209,0.9989583492279053,0.0,0.19034072756767273,0.0
1836,18.034109115600586,0.9989919662475586,0.0,0.19733625650405884,0.0
1837,16.163362503051758,1.0,0.000294811325147748,0.20223265886306763,0.0
1838,15.284527778625488,0.998641312122345,0.0,0.1904391050338745,0.0
1839,15.859232902526855,0.9951224327087402,0.00016447369125671685,0.19082868099212646,0.0
1840,15.579375267028809,1.0,0.0006096117431297898,0.18350237607955933,0.0
1841,15.275909423828125,1.0,0.000525672163348645,0.1869070827960968,0.0
1842,16.533239364624023,1.0,0.00031565656536258757,0.2040357142686844,0.0002891845069825649
1843,17.097227096557617,1.0,0.0009310956229455769,0.19044345617294312,0.0
1844,16.426345825195312,1.0,0.0,0.19559632241725922,0.0
1845,15.65688705444336,0.9989224076271057,0.0002840909000951797,0.18658579885959625,0.0
1846,16.67935562133789,0.9991776347160339,0.0005624999757856131,0.20585179328918457,0.0
1847,15.304306030273438,0.9971354007720947,0.0,0.19444596767425537,0.0
1848,16.44715690612793,0.9993489980697632,0.00028153153834864497,0.18427026271820068,0.0002786291588563472
1849,16.37066650390625,0.9987980723381042,0.0,0.2110861986875534,0.0
1850,15.963363647460938,1.0,0.00026260505546815693,0.2079363316297531,0.0
1851,15.432262420654297,0.9989583492279053,0.0,0.19214576482772827,0.0
1852,15.628674507141113,1.0,0.0,0.19898086786270142,0.0
1853,16.0258731842041,0.9976203441619873,0.0006430719513446093,0.19699108600616455,0.0
1854,16.24618148803711,0.9971863031387329,0.00026939655072055757,0.19123822450637817,0.0
1855,16.47312355041504,0.9977571964263916,0.0,0.20074889063835144,0.0
1856,16.68413734436035,1.0,0.0,0.20189282298088074,0.0
1857,17.742563247680664,0.998641312122345,0.00032552084303461015,0.20238682627677917,0.00027739250799641013
1858,14.29039478302002,0.9975038766860962,0.0,0.195261612534523,0.0
1859,15.90136432647705,0.9962719678878784,0.0005789021961390972,0.18398265540599823,0.0
1860,16.566455841064453,0.9991554021835327,0.0,0.20042261481285095,0.0
1861,15.579154014587402,1.0,0.00026939655072055757,0.19712597131729126,0.0
1862,14.806357383728027,0.996515154838562,0.0,0.19629377126693726,0.0
1863,16.291357040405273,0.9989919662475586,0.0,0.19724726676940918,0.0
1864,16.928234100341797,0.998641312122345,0.0002540650311857462,0.18668541312217712,0.0
1865,16.254125595092773,0.9950945377349854,0.0008546602912247181,0.19764479994773865,0.0
1866,16.029170989990234,0.9977083206176758,0.0,0.17833250761032104,0.0
1867,15.468877792358398,0.9975038766860962,0.0,0.19844841957092285,0.0
1868,16.11545181274414,0.9988839626312256,0.00025201612152159214,0.19009968638420105,0.0
1869,17.003917694091797,0.9986978769302368,0.0002540650311857462,0.20029428601264954,0.0
1870,17.367618560791016,1.0,0.0,0.20253999531269073,0.0
1871,16.101329803466797,0.9978009462356567,0.0,0.1902751922607422,0.0
1872,15.180492401123047,1.0,0.0005564459133893251,0.2072819173336029,0.00028312570066191256
1873,17.125442504882812,0.9985119104385376,0.0,0.1975632905960083,0.0
1874,16.89859390258789,1.0,0.0009211525903083384,0.18849855661392212,0.0002870263997465372
1875,16.52138328552246,0.9985795617103577,0.0,0.19515416026115417,0.0
1876,17.132097244262695,1.0,0.0005710739642381668,0.19526135921478271,0.0
1877,16.407928466796875,0.9964923858642578,0.0005126724136061966,0.18147772550582886,0.00028490027762018144
1878,16.951004028320312,0.9980728626251221,0.0,0.20295557379722595,0.0
1879,15.123044967651367,0.9973958730697632,0.00031565656536258757,0.19891980290412903,0.0
1880,16.048049926757812,1.0,0.0005934968357905746,0.19914332032203674,0.0
1881,16.443206787109375,0.9990808963775635,0.0,0.19986464083194733,0.0
1882,16.879043579101562,1.0,0.0005587483756244183,0.20266962051391602,0.0
1883,15.568923950195312,0.9989224076271057,0.0005166700575500727,0.21336811780929565,0.0002813730970956385
1884,16.227025985717773,0.9984375238418579,0.0,0.1948869824409485,0.0
1885,15.313434600830078,1.0,0.00028669723542407155,0.2044346034526825,0.00027777778450399637
1886,18.068235397338867,0.9988839626312256,0.0,0.20741479098796844,0.0
1887,15.948814392089844,0.9982638955116272,0.00032552084303461015,0.19818368554115295,0.0
1888,17.686674118041992,0.9965634346008301,0.0002765486715361476,0.20975595712661743,0.0
1889,15.642711639404297,0.9975481033325195,0.0002840909000951797,0.19874469935894012,0.0
1890,16.078115463256836,0.9991071224212646,0.0,0.18261021375656128,0.0
1891,16.630041122436523,0.9986978769302368,0.00032552084303461015,0.19576972723007202,0.00028490027762018144
1892,15.27701187133789,0.9935376644134521,0.00025201612152159214,0.1921519935131073,0.0
1893,15.830743789672852,0.9986978769302368,0.0,0.1952643096446991,0.0
1894,16.671476364135742,0.9989583492279053,0.0011500886175781488,0.2008455991744995,0.00028735632076859474
1895,16.303735733032227,0.9978009462356567,0.0005564459133893251,0.19674508273601532,0.00027770063024945557
1896,16.359773635864258,0.9989583492279053,0.0002840909000951797,0.17711085081100464,0.0
1897,15.962611198425293,0.9967184662818909,0.0005915614892728627,0.1938139945268631,0.0002824061084538698
1898,16.621891021728516,0.9973776340484619,0.0002765486715361476,0.1875787377357483,0.0
1899,15.037632942199707,0.9976943731307983,0.00028669723542407155,0.2054135650396347,0.0
1900,16.21526336669922,0.9989224076271057,0.0002561475266702473,0.2077530175447464,0.0
1901,16.98200225830078,0.9979074001312256,0.00028935185400769114,0.18981589376926422,0.0
1902,16.56913948059082,0.9986978769302368,0.0005614525871351361,0.1918211281299591,0.00028620491502806544
1903,17.17244529724121,1.0,0.00027901786961592734,0.1778387725353241,0.0
1904,16.44941520690918,0.996465802192688,0.00028935185400769114,0.19397461414337158,0.0
1905,16.773408889770508,0.9966491460800171,0.0002765486715361476,0.2061302214860916,0.0
1906,15.850982666015625,0.9989224076271057,0.0003511235991027206,0.1942780613899231,0.0
1907,15.802068710327148,0.9975378513336182,0.0005934968357905746,0.2098996341228485,0.0
1908,14.685735702514648,0.994318962097168,0.00025201612152159214,0.18555551767349243,0.0
1909,16.533050537109375,0.9979143142700195,0.00030637255986221135,0.20106551051139832,0.0
1910,16.072547912597656,1.0,0.0002765486715361476,0.1914609670639038,0.0
1911,16.632949829101562,0.9971667528152466,0.0002840909000951797,0.20879192650318146,0.0002836879575625062
1912,14.62220573425293,0.9988425970077515,0.0005534874508157372,0.19333800673484802,0.0
1913,15.40459156036377,1.0,0.00026260505546815693,0.20407366752624512,0.0
1914,14.47166633605957,0.9991776347160339,0.0005619053263217211,0.20600265264511108,0.0
1915,14.573402404785156,0.9988839626312256,0.0,0.1829400658607483,0.0
1916,16.235424041748047,0.9973099827766418,0.0,0.18118096888065338,0.0
1917,16.952287673950195,0.9989919662475586,0.0,0.1980445832014084,0.0
1918,16.989421844482422,0.9978050589561462,0.00028935185400769114,0.21063122153282166,0.0
1919,16.53463363647461,1.0,0.0005241228500381112,0.2021305114030838,0.0
1920,15.555997848510742,1.0,0.0,0.18292567133903503,0.0
1921,16.7879581451416,0.9968596696853638,0.0,0.2004723995923996,0.0
1922,16.00741958618164,0.9990234375,0.0,0.18706457316875458,0.0
1923,16.011734008789062,0.9966122508049011,0.00082505086902529,0.20369794964790344,0.00027609054814092815
1924,15.564126968383789,0.996356725692749,0.0,0.1944345384836197,0.0
1925,16.555082321166992,1.0,0.0009027826599776745,0.1900353580713272,0.0
1926,15.32169246673584,0.9989919662475586,0.0005707881646230817,0.19730427861213684,0.0
1927,14.984699249267578,1.0,0.0002765486715361476,0.19437643885612488,0.0
1928,15.525371551513672,0.9975996613502502,0.0002741228090599179,0.19096997380256653,0.0
1929,16.960464477539062,0.996759295463562,0.0005708833923563361,0.1875041425228119,0.0
1930,18.05514144897461,0.997672438621521,0.0,0.20179952681064606,0.0
1931,15.898529052734375,0.9966481924057007,0.0,0.1999157816171646,0.0
1932,16.32789421081543,0.9973214268684387,0.0003004807804245502,0.19532828032970428,0.00027839644462801516
1933,16.916627883911133,1.0,0.0,0.19082506000995636,0.0
1934,16.254947662353516,1.0,0.0,0.18648403882980347,0.0
1935,15.385435104370117,0.9985119104385376,0.0002840909000951797,0.18817704916000366,0.0002881014079321176
1936,16.93506622314453,0.9977650046348572,0.0006281565874814987,0.18741381168365479,0.0
1937,16.493993759155273,0.9973958134651184,0.00027173911803402007,0.19568070769309998,0.0
1938,17.204368591308594,0.9962384700775146,0.0,0.1983177661895752,0.0
1939,16.549867630004883,0.9978758692741394,0.00026939655072055757,0.19248300790786743,0.0
1940,17.295621871948242,1.0,0.0005997474654577672,0.19774384796619415,0.0
1941,17.529943466186523,0.9985119104385376,0.00024801588733680546,0.203721284866333,0.0
1942,16.00730323791504,0.9977564215660095,0.0003188775444868952,0.19551852345466614,0.0
1943,16.227008819580078,0.9985795617103577,0.0,0.17510512471199036,0.0
1944,17.060972213745117,0.9987980723381042,0.0,0.19827842712402344,0.0
1945,17.256864547729492,1.0,0.00028669723542407155,0.19246318936347961,0.0
1946,17.65009307861328,0.9976406693458557,0.0,0.19098897278308868,0.0
1947,16.80477523803711,0.9978511333465576,0.00026939655072055757,0.1911347508430481,0.0
1948,16.2244873046875,0.9990808963775635,0.0,0.19347071647644043,0.0
1949,16.267375946044922,0.998046875,0.0,0.1963423192501068,0.0
1950,15.165771484375,1.0,0.0,0.20461267232894897,0.0
1951,17.571252822875977,0.9965029954910278,0.00026483050896786153,0.18999649584293365,0.0
1952,16.92218589782715,1.0,0.00035511364694684744,0.1900002658367157,0.0
1953,16.299795150756836,0.9989224076271057,0.000563108769711107,0.20630063116550446,0.0
1954,15.868219375610352,0.9987499713897705,0.0003004807804245502,0.2004384994506836,0.0
1955,16.69870948791504,0.9974267482757568,0.0002540650311857462,0.19911602139472961,0.0
1956,15.860920906066895,0.9983058571815491,0.0,0.20487716794013977,0.0
1957,16.140058517456055,1.0,0.00028935185400769114,0.20455747842788696,0.0
1958,14.959522247314453,0.997592568397522,0.0,0.20405574142932892,0.0
1959,16.60892677307129,0.9967646598815918,0.0005837912322022021,0.2035829871892929,0.0005758710321970284
1960,15.764506340026855,0.9992377758026123,0.0,0.190504252910614,0.0
1961,16.48199462890625,0.9973214268684387,0.0,0.1891845166683197,0.0
1962,16.70511817932129,0.9980990886688232,0.0,0.2071329951286316,0.0
1963,16.16541290283203,0.9964262247085571,0.0006115167634561658,0.19977439939975739,0.0
1964,16.10154151916504,0.9978511333465576,0.00026483050896786153,0.19505248963832855,0.0
1965,16.37245750427246,1.0,0.0,0.1937088817358017,0.0
1966,17.66990089416504,0.9983552694320679,0.0,0.20327389240264893,0.0
1967,16.436670303344727,1.0,0.00027901786961592734,0.19488856196403503,0.0
1968,17.06421661376953,0.9975961446762085,0.0,0.19195669889450073,0.0
1969,15.74525260925293,1.0,0.0006090704700909555,0.19369053840637207,0.0
1970,15.852362632751465,0.9986978769302368,0.000244140625,0.19296881556510925,0.0
1971,18.087703704833984,0.9988425970077515,0.0002540650311857462,0.19298532605171204,0.0
1972,15.950817108154297,0.995780348777771,0.0,0.1834191232919693,0.0
1973,14.680947303771973,1.0,0.0,0.19854861497879028,0.0
1974,16.356870651245117,0.9983552694320679,0.0,0.19164927303791046,0.0
1975,16.060134887695312,1.0,0.0,0.19225351512432098,0.0
1976,15.628904342651367,0.9973295331001282,0.0,0.18360690772533417,0.0
1977,14.301505088806152,0.9979074001312256,0.0,0.1861918866634369,0.0
1978,16.380596160888672,1.0,0.0002765486715361476,0.19489863514900208,0.0
1979,17.718223571777344,0.9934834241867065,0.00026483050896786153,0.2081144154071808,0.0
1980,16.432294845581055,0.9978189468383789,0.00026709403027780354,0.18800632655620575,0.0
1981,15.898109436035156,0.998641312122345,0.0,0.19154393672943115,0.0
1982,16.63933753967285,0.9969377517700195,0.0003094059356953949,0.20031985640525818,0.00028735632076859474
1983,15.050315856933594,1.0,0.0005830124136991799,0.17899104952812195,0.0
1984,15.899231910705566,0.9960193634033203,0.0,0.18792042136192322,0.0
1985,16.073822021484375,0.9989224076271057,0.0,0.19390778243541718,0.0
1986,15.503944396972656,0.9951547980308533,0.0,0.19554971158504486,0.0
1987,17.433534622192383,0.997726559638977,0.0003094059356953949,0.18868589401245117,0.0
1988,15.780964851379395,0.9974839091300964,0.0,0.20332589745521545,0.0
1989,17.05872917175293,0.9974479079246521,0.00028669723542407155,0.19597607851028442,0.0
1990,17.402193069458008,1.0,0.0,0.2065734565258026,0.0
1991,15.768921852111816,1.0,0.0,0.20475047826766968,0.0
1992,17.240955352783203,0.9951339960098267,0.0,0.19326570630073547,0.0
1993,16.28544807434082,0.9967412948608398,0.00027173911803402007,0.1907850056886673,0.0
1994,16.242849349975586,0.9960157871246338,0.0007776331040076911,0.19366297125816345,0.0
1995,14.530784606933594,0.9987980723381042,0.0005873956833966076,0.1984662115573883,0.0
1996,16.5061092376709,0.996573805809021,0.0,0.18663708865642548,0.0
1997,16.309181213378906,0.9973392486572266,0.0,0.19485503435134888,0.0
1998,14.694778442382812,1.0,0.0003324467979837209,0.19088837504386902,0.0
1999,17.40938949584961,0.9989224076271057,0.0,0.17680272459983826,0.0
2000,16.886518478393555,0.9968671798706055,0.0008125655585899949,0.1959840953350067,0.0
2001,15.651317596435547,0.9989583492279053,0.0,0.19379618763923645,0.0
2002,16.443050384521484,0.9976332187652588,0.0006038788706064224,0.19136393070220947,0.0
2003,16.821596145629883,0.9991071224212646,0.00026709403027780354,0.1929861456155777,0.0
2004,18.189010620117188,0.9987980723381042,0.0003094059356953949,0.20065274834632874,0.00028232636395841837
2005,15.641650199890137,0.9988425970077515,0.00028669723542407155,0.18500173091888428,0.0
2006,15.785372734069824,0.9989583492279053,0.0,0.20220640301704407,0.0
2007,16.84800910949707,1.0,0.0008553680963814259,0.19712941348552704,0.0
2008,15.824597358703613,0.997672438621521,0.00028153153834864497,0.1932932436466217,0.0
2009,17.16193199157715,0.997129499912262,0.0002765486715361476,0.1950872540473938,0.0
2010,16.47450065612793,1.0,0.0,0.19148163497447968,0.0
2011,16.442724227905273,0.9975481033325195,0.0,0.1999807059764862,0.0
2012,14.903947830200195,0.9958391785621643,0.00025826445198617876,0.19254860281944275,0.0
2013,17.83485221862793,0.9973958134651184,0.0005742364446632564,0.20164817571640015,0.0
2014,16.35123634338379,1.0,0.0,0.19131073355674744,0.0
2015,15.94965934753418,0.998641312122345,0.00031565656536258757,0.18524083495140076,0.0
2016,16.386507034301758,0.9989919662475586,0.0005734665901400149,0.19405056536197662,0.0
2017,16.9454288482666,0.9979745149612427,0.0,0.19202487170696259,0.0
2018,15.507442474365234,0.9988839626312256,0.0008376253535971045,0.1943192332983017,0.0002824858820531517
2019,16.84065818786621,0.9955413341522217,0.0,0.19995549321174622,0.0
2020,15.708460807800293,0.9972715377807617,0.0,0.1953330636024475,0.0
2021,15.915497779846191,1.0,0.0,0.19437643885612488,0.0
2022,15.818558692932129,1.0,0.0,0.19792106747627258,0.0
2023,16.827125549316406,0.9989224076271057,0.00026709403027780354,0.19939246773719788,0.0
2024,16.454187393188477,0.9990530014038086,0.0006023538298904896,0.20034584403038025,0.00028801843291148543
2025,16.380691528320312,0.9978345632553101,0.0,0.2033822238445282,0.0
2026,15.092768669128418,0.9990530014038086,0.0,0.18599331378936768,0.0
2027,15.775280952453613,0.9976406693458557,0.0,0.19461870193481445,0.0
2028,15.972079277038574,1.0,0.00027901786961592734,0.19455929100513458,0.0
2029,16.168724060058594,0.9991554021835327,0.0,0.19660070538520813,0.0
2030,16.76340675354004,0.9977734088897705,0.0,0.1926576793193817,0.0
2031,15.114862442016602,1.0,0.0005844628904014826,0.20026040077209473,0.00028506270609796047
2032,14.953887939453125,0.9986978769302368,0.00028669723542407155,0.19577299058437347,0.0002817695203702897
2033,15.958366394042969,0.9972774982452393,0.00031565656536258757,0.18662333488464355,0.0
2034,16.556852340698242,0.9989583492279053,0.0,0.20564094185829163,0.0
2035,14.468212127685547,0.9991071224212646,0.0,0.18414068222045898,0.0
2036,15.781877517700195,1.0,0.00029761905898340046,0.1929762065410614,0.0
2037,16.414592742919922,0.9965178966522217,0.0005903513520024717,0.19080358743667603,0.0
2038,15.909075736999512,0.9977650046348572,0.000866584712639451,0.19230309128761292,0.00028587764245457947
2039,16.296268463134766,0.9945663213729858,0.00026483050896786153,0.2021133303642273,0.0
2040,15.92761516571045,1.0,0.00028669723542407155,0.1905500292778015,0.0002846569987013936
2041,16.505266189575195,0.9991319179534912,0.0,0.20641474425792694,0.0
2042,16.62495231628418,0.9988839626312256,0.0,0.19622866809368134,0.0
2043,15.994117736816406,0.9991776347160339,0.00030637255986221135,0.20488029718399048,0.0
2044,15.213263511657715,0.9963060617446899,0.0005319245392456651,0.1959005892276764,0.0002775464963633567
2045,16.87737464904785,0.9963703155517578,0.00025826445198617876,0.2009417712688446,0.0
2046,15.775697708129883,0.9990234375,0.00028935185400769114,0.1929362267255783,0.0
2047,15.600378036499023,0.9991776347160339,0.00028935185400769114,0.20167943835258484,0.0
2048,14.666482925415039,0.9979838728904724,0.0,0.19073881208896637,0.0
2049,17.651187896728516,1.0,0.0,0.20366334915161133,0.0
2050,16.945493698120117,1.0,0.0003324467979837209,0.19898495078086853,0.0
2051,16.412019729614258,0.9990530014038086,0.0005511849303729832,0.20180770754814148,0.0002864508714992553
2052,16.405235290527344,0.9989919662475586,0.0008733881404623389,0.18890586495399475,0.0002866150753106922
2053,15.966442108154297,0.9979497194290161,0.0002741228090599179,0.1869918406009674,0.0
2054,17.46894645690918,0.9975818395614624,0.0003221649385523051,0.2046491801738739,0.0
2055,15.668425559997559,0.9988839626312256,0.00027901786961592734,0.19933611154556274,0.0
2056,17.675512313842773,0.9984375238418579,0.0,0.1887519806623459,0.0
2057,16.344194412231445,0.9987499713897705,0.000292056065518409,0.18755348026752472,0.0
2058,16.666259765625,0.9977899789810181,0.0,0.1751451939344406,0.0
2059,16.419591903686523,0.9991319179534912,0.0,0.20783299207687378,0.0
2060,17.879377365112305,0.9981956481933594,0.00028935185400769114,0.20882098376750946,0.0
2061,16.734079360961914,0.9989919662475586,0.0,0.20470619201660156,0.0
2062,16.610492706298828,1.0,0.0,0.19685493409633636,0.0
2063,16.24694061279297,0.9964063167572021,0.000292056065518409,0.19131425023078918,0.00028288541943766177
2064,15.584396362304688,0.9989583492279053,0.0,0.2100505232810974,0.0
2065,17.345849990844727,0.9990808963775635,0.0,0.1840154230594635,0.0
2066,16.370817184448242,0.9989224076271057,0.0002741228090599179,0.19968651235103607,0.00028843380277976394
2067,15.247422218322754,0.9983552694320679,0.0,0.20260190963745117,0.0
2068,16.219823837280273,0.9963799118995667,0.00028669723542407155,0.1901034414768219,0.0
2069,17.51265525817871,0.9989224076271057,0.0,0.19720128178596497,0.0
2070,16.151338577270508,0.9973136186599731,0.0,0.1919277310371399,0.0
2071,17.354612350463867,0.9992377758026123,0.00028153153834864497,0.18928056955337524,0.0
2072,15.635170936584473,0.9991071224212646,0.0003094059356953949,0.19855132699012756,0.00027593818958848715
2073,16.561771392822266,0.9932198524475098,0.0002561475266702473,0.1934347003698349,0.0
2074,15.682043075561523,0.9970170259475708,0.0,0.20853930711746216,0.0
2075,16.589561462402344,0.9965734481811523,0.0,0.1947583556175232,0.0
2076,15.84917163848877,0.9976819753646851,0.00024801588733680546,0.20419059693813324,0.0
2077,15.991320610046387,0.9941267371177673,0.0,0.1967887282371521,0.0
2078,17.00673484802246,0.9974702596664429,0.0005276610027067363,0.2048429548740387,0.0002870263997465372
2079,16.1646671295166,0.9953611493110657,0.00027173911803402007,0.191808819770813,0.0
2080,17.073644638061523,1.0,0.0,0.21431554853916168,0.0
2081,15.93131160736084,1.0,0.00026260505546815693,0.19724570214748383,0.0002783189411275089
2082,15.601248741149902,1.0,0.00026939655072055757,0.19007985293865204,0.0
2083,16.293676376342773,0.9973787069320679,0.0006262401002459228,0.19857493042945862,0.0
2084,16.613887786865234,1.0,0.0003124999930150807,0.18581745028495789,0.0
2085,14.909493446350098,0.9987499713897705,0.0,0.19316211342811584,0.0
2086,16.430545806884766,1.0,0.0005689341342076659,0.19510643184185028,0.0
2087,16.78456687927246,1.0,0.0,0.2030889093875885,0.0
2088,15.334480285644531,1.0,0.00028669723542407155,0.18534712493419647,0.0
2089,15.797828674316406,0.9987980723381042,0.0005388331483118236,0.20330388844013214,0.0
2090,17.20342445373535,0.99611496925354,0.0006485214689746499,0.2002657651901245,0.00028058362659066916
2091,17.353731155395508,0.9982625246047974,0.0002840909000951797,0.20186561346054077,0.0
2092,15.999412536621094,0.9985119104385376,0.0002741228090599179,0.19146943092346191,0.0002866150753106922
2093,17.288496017456055,0.9967184662818909,0.0003033980610780418,0.1872081458568573,0.0
2094,16.729984283447266,0.9986978769302368,0.00028153153834864497,0.20106282830238342,0.0
2095,14.784667015075684,0.997021496295929,0.0,0.1857023537158966,0.0
2096,16.178386688232422,1.0,0.0,0.19176438450813293,0.0
2097,16.275882720947266,0.9976029992103577,0.0,0.20106357336044312,0.0
2098,16.55086898803711,0.9986978769302368,0.00027901786961592734,0.2091292291879654,0.00028743891743943095
2099,16.66718292236328,0.9977083206176758,0.0005788024864159524,0.18685050308704376,0.0
2100,16.921648025512695,0.9975353479385376,0.00026483050896786153,0.20481860637664795,0.0002811357844620943
2101,15.968984603881836,0.9938453435897827,0.0005420560482889414,0.19110819697380066,0.00028620491502806544
2102,16.85247802734375,0.9977222084999084,0.0005413792096078396,0.20036116242408752,0.0
2103,17.144851684570312,0.9985119104385376,0.00027901786961592734,0.19867387413978577,0.0
2104,16.61300277709961,1.0,0.0,0.20358994603157043,0.0
2105,15.16357421875,0.996279776096344,0.0007406727527268231,0.19851617515087128,0.0
2106,17.009552001953125,0.9987499713897705,0.00028153153834864497,0.18742965161800385,0.0
2107,16.586437225341797,0.9988839626312256,0.0002840909000951797,0.1905515193939209,0.0
2108,16.22286605834961,0.9974479079246521,0.0,0.2052873820066452,0.0
2109,16.223873138427734,0.9991071224212646,0.0,0.19575312733650208,0.0
2110,15.860933303833008,0.9985795617103577,0.00027173911803402007,0.19408723711967468,0.0
2111,17.146263122558594,0.997672438621521,0.0,0.16957730054855347,0.0
2112,16.2015323638916,0.9977213144302368,0.0,0.18573136627674103,0.0
2113,15.260116577148438,0.9987499713897705,0.0,0.1791595220565796,0.0
2114,17.106399536132812,0.9966849088668823,0.0002741228090599179,0.1943250298500061,0.0
2115,16.604862213134766,0.9969604015350342,0.0002765486715361476,0.18640843033790588,0.0
2116,15.831255912780762,0.9974839091300964,0.000616618781350553,0.21502946317195892,0.0
2117,15.022985458374023,0.9972355365753174,0.0003004807804245502,0.18535885214805603,0.0
2118,15.78759479522705,0.997672438621521,0.00033602150506339967,0.20202407240867615,0.0
2119,18.195842742919922,0.9963463544845581,0.0,0.20921273529529572,0.0
2120,16.102441787719727,0.9988425970077515,0.0003511235991027206,0.18725155293941498,0.0
2121,16.407320022583008,1.0,0.0,0.18063312768936157,0.0
2122,15.876265525817871,0.998641312122345,0.0,0.19576817750930786,0.0
2123,16.047740936279297,0.9989224076271057,0.0,0.19141875207424164,0.0
2124,16.49125099182129,1.0,0.0003511235991027206,0.1787072718143463,0.00028304557781666517
2125,15.629018783569336,0.9987980723381042,0.0006088621448725462,0.187287837266922,0.00028514399309642613
2126,15.834454536437988,0.9973392486572266,0.0003094059356953949,0.19554561376571655,0.0
2127,15.705953598022461,0.9973472356796265,0.00032552084303461015,0.2004181146621704,0.0
2128,16.397859573364258,0.9990808963775635,0.0006231399020180106,0.19910156726837158,0.00028232636395841837
2129,15.7005615234375,0.9976898431777954,0.0003289473825134337,0.18567487597465515,0.0
2130,15.680456161499023,0.9989224076271057,0.00034722223062999547,0.20671910047531128,0.0
2131,16.426815032958984,0.9989224076271057,0.0005653112893924117,0.19824206829071045,0.00028801843291148543
2132,17.727519989013672,0.9963311553001404,0.00026939655072055757,0.19770053029060364,0.0
2133,16.425376892089844,0.9976339340209961,0.0,0.19972090423107147,0.0
2134,16.260971069335938,0.9965922832489014,0.0,0.21948057413101196,0.0
2135,16.107376098632812,0.9989583492279053,0.0008550669299438596,0.1915963590145111,0.00028620491502806544
2136,17.149768829345703,0.9949157238006592,0.0005427288124337792,0.194721058011055,0.0
2137,17.67797088623047,0.9988839626312256,0.0,0.20520681142807007,0.0
2138,17.55826187133789,0.9968030452728271,0.0,0.18122264742851257,0.0
2139,16.0078125,0.9988839626312256,0.00028153153834864497,0.19596143066883087,0.0
2140,16.15896987915039,0.9968276023864746,0.0,0.19696544110774994,0.0
2141,16.69795799255371,0.9956011772155762,0.0,0.1961153894662857,0.0
2142,15.660539627075195,0.9979979991912842,0.0,0.20212528109550476,0.0
2143,16.420207977294922,0.9978423118591309,0.0,0.20453044772148132,0.0
2144,16.218976974487305,1.0,0.0005458618979901075,0.1890089064836502,0.0
2145,15.24909496307373,0.9964200854301453,0.00034722223062999547,0.19380226731300354,0.0
2146,17.113283157348633,1.0,0.000573587603867054,0.20224636793136597,0.00027816410874947906
2147,17.15869903564453,0.9977899789810181,0.0,0.19714976847171783,0.0
2148,17.367006301879883,0.9970830678939819,0.0002500000118743628,0.19114980101585388,0.00028620491502806544
2149,15.427987098693848,0.9978345632553101,0.0,0.19906210899353027,0.0
2150,15.570323944091797,0.9987499713897705,0.0,0.1918739527463913,0.0
2151,15.958271980285645,0.99772047996521,0.00026260505546815693,0.19514577090740204,0.0
2152,14.409313201904297,0.994521975517273,0.0,0.188238263130188,0.0
2153,15.517901420593262,0.9952621459960938,0.0005656565772369504,0.18576285243034363,0.0
2154,14.917924880981445,0.9988425970077515,0.0,0.193174347281456,0.0
2155,16.550647735595703,1.0,0.00034340660204179585,0.19435405731201172,0.0
2156,17.024242401123047,0.9983186721801758,0.00028935185400769114,0.20332205295562744,0.0002825656847562641
2157,16.252788543701172,0.9985119104385376,0.0,0.19653475284576416,0.0
2158,17.31174087524414,0.9988425970077515,0.0005482456181198359,0.19548065960407257,0.0
2159,16.05461311340332,0.9974221587181091,0.0,0.2011401653289795,0.0
2160,16.484006881713867,0.9958032965660095,0.0,0.19448980689048767,0.0
2161,16.308246612548828,1.0,0.00026709403027780354,0.20486462116241455,0.0
2162,15.3286771774292,0.9989224076271057,0.000294811325147748,0.17821501195430756,0.00028587764245457947
2163,16.277406692504883,0.9975929260253906,0.0003033980610780418,0.1940101832151413,0.0002867794537451118
2164,17.020408630371094,0.9953134059906006,0.0005112346261739731,0.19361725449562073,0.0
2165,16.80694580078125,0.9972097873687744,0.0,0.19232694804668427,0.0
2166,16.261266708374023,0.9976898431777954,0.0005301538622006774,0.18567219376564026,0.00028320588171482086
2167,15.644129753112793,1.0,0.000576342863496393,0.20306065678596497,0.00028296548407524824
2168,16.535343170166016,0.9976203441619873,0.00031565656536258757,0.2069302499294281,0.0
2169,14.70432186126709,0.9970619678497314,0.00024801588733680546,0.20200297236442566,0.0
2170,17.02259635925293,0.9961200952529907,0.00026709403027780354,0.19203102588653564,0.0
2171,15.679656982421875,0.9989224076271057,0.0008479519747197628,0.20135395228862762,0.0
2172,15.811226844787598,0.99543297290802,0.0,0.1793244481086731,0.0
2173,16.23724365234375,0.995591402053833,0.0005788024864159524,0.1815347969532013,0.0
2174,15.618026733398438,0.9974634647369385,0.0,0.18944108486175537,0.0
2175,16.427879333496094,0.9976898431777954,0.00028153153834864497,0.19326765835285187,0.0
2176,17.124465942382812,0.9987980723381042,0.0,0.1964695155620575,0.0
2177,16.217266082763672,0.9973958730697632,0.0,0.20655184984207153,0.0
2178,17.10082244873047,0.9982638955116272,0.0,0.1955007016658783,0.0
2179,16.235570907592773,0.9982638955116272,0.0005468274466693401,0.19631072878837585,0.0
2180,15.628779411315918,0.9962940812110901,0.0005880376556888223,0.19276142120361328,0.0
2181,15.624014854431152,0.9990530014038086,0.0002561475266702473,0.19466303288936615,0.0
2182,16.721994400024414,0.9989224076271057,0.00028153153834864497,0.1910635083913803,0.0
2183,16.58696174621582,0.9988839626312256,0.0002741228090599179,0.1991235911846161,0.0
2184,16.346546173095703,0.9979234933853149,0.0003324467979837209,0.19867798686027527,0.0
2185,16.733083724975586,0.9986978769302368,0.00027901786961592734,0.1942390501499176,0.0
2186,15.761297225952148,0.995668888092041,0.0,0.1987638920545578,0.0
2187,15.942511558532715,0.9990234375,0.0,0.19793981313705444,0.0
2188,15.812091827392578,0.9971271753311157,0.0,0.19441083073616028,0.0
2189,17.03377914428711,0.9970998764038086,0.0006392783252522349,0.1899486780166626,0.0
2190,16.581192016601562,0.9986978769302368,0.0,0.19583475589752197,0.0
2191,16.115131378173828,0.9984375238418579,0.0,0.1901533305644989,0.0
2192,17.11219024658203,1.0,0.0,0.19830438494682312,0.0
2193,16.826662063598633,0.9989224076271057,0.000244140625,0.20446354150772095,0.0
2194,16.664583206176758,0.9991987347602844,0.0,0.19652172923088074,0.0
2195,15.890172004699707,1.0,0.0,0.20092740654945374,0.0
2196,15.949017524719238,1.0,0.0006127451197244227,0.19879184663295746,0.0
2197,16.875003814697266,1.0,0.000294811325147748,0.19079211354255676,0.00027639578911475837
2198,16.951791763305664,0.9972579479217529,0.0,0.18746960163116455,0.0
2199,16.225507736206055,0.9964421987533569,0.0,0.18953722715377808,0.0
2200,17.340662002563477,0.9974960088729858,0.0002840909000951797,0.19640988111495972,0.0
2201,15.920969009399414,0.998161792755127,0.0,0.2053499072790146,0.0
2202,16.33716583251953,1.0,0.00016711230273358524,0.18407651782035828,0.0
2203,16.187755584716797,0.9982638955116272,0.0,0.2032015025615692,0.0
2204,17.284669876098633,0.9991071224212646,0.000508971163071692,0.193390354514122,0.0
2205,16.377851486206055,1.0,0.0005820123478770256,0.1868472397327423,0.0
2206,17.313405990600586,0.9989919662475586,0.0,0.19471365213394165,0.0
2207,14.921353340148926,0.9991319179534912,0.0002765486715361476,0.1866774559020996,0.0
2208,17.158945083618164,0.996208667755127,0.000525672163348645,0.19304896891117096,0.00028425242635421455
2209,15.597532272338867,0.9991071224212646,0.0,0.18567775189876556,0.0
2210,16.1269588470459,0.997592568397522,0.00030637255986221135,0.18951714038848877,0.0002881014079321176
2211,16.57723617553711,0.9972618818283081,0.0003004807804245502,0.18507203459739685,0.0
2212,15.838372230529785,0.9989919662475586,0.0005132911028340459,0.19234472513198853,0.00028336638933978975
2213,16.99848175048828,0.9969618320465088,0.0,0.1873224377632141,0.0
2214,16.23811149597168,0.9957677125930786,0.0002604166802484542,0.19692395627498627,0.0
2215,16.058101654052734,1.0,0.00031565656536258757,0.18379803001880646,0.0
2216,15.01583194732666,0.9970841407775879,0.0005465437425300479,0.19608691334724426,0.0
2217,15.774526596069336,1.0,0.0008053899509832263,0.21403643488883972,0.0
2218,17.084890365600586,1.0,0.0,0.18404921889305115,0.0
2219,16.076257705688477,0.995601236820221,0.00030637255986221135,0.1953832358121872,0.0
2220,16.456504821777344,0.9985795617103577,0.0,0.1804584562778473,0.0
2221,15.89903450012207,0.9981473684310913,0.0,0.1915343701839447,0.0
2222,16.8880615234375,1.0,0.0007983229588717222,0.18846437335014343,0.0002855511265806854
2223,17.042129516601562,0.9985795617103577,0.0,0.18402177095413208,0.0
2224,15.993847846984863,0.9960157871246338,0.0003124999930150807,0.1860431730747223,0.0
2225,16.268686294555664,0.998232901096344,0.0003188775444868952,0.19245627522468567,0.0
2226,16.708438873291016,0.9971591234207153,0.0,0.20113274455070496,0.0
2227,16.34025001525879,0.9965277910232544,0.00029761905898340046,0.21383023262023926,0.0
2228,15.959246635437012,1.0,0.0,0.18419907987117767,0.0
2229,16.16225814819336,0.9954073429107666,0.0,0.18466556072235107,0.0
2230,17.34444808959961,0.9979234933853149,0.0,0.18932731449604034,0.0
2231,15.689349174499512,0.9990808963775635,0.0,0.19250424206256866,0.0
2232,17.123794555664062,1.0,0.0,0.19784101843833923,0.0
2233,16.331863403320312,0.9957478046417236,0.0,0.1929662525653839,0.0
2234,16.331966400146484,0.9954577088356018,0.0003033980610780418,0.1957036405801773,0.0
2235,16.835113525390625,1.0,0.0008755858289077878,0.2108297348022461,0.00027593818958848715
2236,17.087656021118164,0.9976867437362671,0.0,0.18946290016174316,0.0
2237,16.816774368286133,0.998641312122345,0.0,0.1901898980140686,0.0
2238,16.073972702026367,0.9985795617103577,0.0,0.21033063530921936,0.0
2239,16.2514705657959,0.9973392486572266,0.0,0.2044164538383484,0.0
2240,16.676193237304688,0.9986978769302368,0.00026939655072055757,0.19001345336437225,0.0
2241,16.835208892822266,1.0,0.0,0.1869809478521347,0.0
2242,17.528457641601562,0.9991319179534912,0.0,0.20224453508853912,0.0
2243,16.194902420043945,1.0,0.0005859546363353729,0.2003694474697113,0.0002877697697840631
2244,16.805503845214844,1.0,0.00026260505546815693,0.19271652400493622,0.0
2245,17.061391830444336,0.994657039642334,0.0,0.19718226790428162,0.0
2246,16.775150299072266,0.9989583492279053,0.0,0.19359132647514343,0.0
2247,15.556683540344238,0.997830867767334,0.0,0.19476327300071716,0.0
2248,17.404714584350586,0.9963833093643188,0.000244140625,0.205784410238266,0.0
2249,17.38015365600586,1.0,0.0,0.20496362447738647,0.0
2250,16.67185401916504,1.0,0.00029761905898340046,0.20825962722301483,0.0
2251,16.646623611450195,0.9982638955116272,0.0,0.19092901051044464,0.0
2252,17.015378952026367,0.9975183606147766,0.0,0.2023189663887024,0.0
2253,15.704551696777344,1.0,0.0,0.19604966044425964,0.0
2254,15.50949478149414,0.997773289680481,0.00026939655072055757,0.19456049799919128,0.0002844950358849019
2255,16.09650421142578,0.9952205419540405,0.0005416229250840843,0.18931806087493896,0.0002843332476913929
2256,17.890960693359375,0.9990234375,0.0005667892401106656,0.20025348663330078,0.0
2257,15.273557662963867,0.9955575466156006,0.0,0.1983264684677124,0.0
2258,17.17730712890625,0.9989919662475586,0.0,0.20826293528079987,0.0
2259,16.22050666809082,0.9988425970077515,0.0,0.18586911261081696,0.0
2260,15.397515296936035,0.9988425970077515,0.0,0.21080276370048523,0.0
2261,16.257457733154297,0.9973472356796265,0.00030637255986221135,0.19128388166427612,0.0
2262,15.999716758728027,0.9979757070541382,0.0003094059356953949,0.1873508095741272,0.0
2263,16.20630645751953,0.9975928068161011,0.00026260505546815693,0.1926514357328415,0.0
2264,15.937409400939941,0.9928390979766846,0.0004921259824186563,0.1946253925561905,0.00028727378230541945
2265,14.961409568786621,1.0,0.0,0.20823600888252258,0.0
2266,15.192708969116211,1.0,0.0,0.18580947816371918,0.0
2267,16.809274673461914,0.9969696998596191,0.0,0.1907624900341034,0.0
2268,17.641040802001953,1.0,0.0,0.20351311564445496,0.0
2269,17.0570125579834,1.0,0.000800261739641428,0.1994507610797882,0.0
2270,16.56624984741211,1.0,0.00026709403027780354,0.20083487033843994,0.0002871912729460746
2271,16.164979934692383,0.9978422522544861,0.0002840909000951797,0.20039546489715576,0.00028735632076859474
2272,17.338319778442383,1.0,0.0003324467979837209,0.21206378936767578,0.0
2273,15.53940486907959,1.0,0.0,0.20474091172218323,0.0
2274,15.778380393981934,1.0,0.00031565656536258757,0.18919354677200317,0.0
2275,16.025285720825195,0.9986978769302368,0.0,0.19529664516448975,0.0
2276,15.216047286987305,0.9980033040046692,0.0005582136800512671,0.19890180230140686,0.0
2277,16.11798667907715,0.9973392486572266,0.000564713089261204,0.198158860206604,0.0
2278,17.478099822998047,0.9985795617103577,0.00028935185400769114,0.18894454836845398,0.0
2279,15.942728042602539,0.9987499713897705,0.00027173911803402007,0.1972557008266449,0.0
2280,17.769325256347656,1.0,0.0,0.19976599514484406,0.0
2281,15.902485847473145,0.9958664178848267,0.00034340660204179585,0.19532066583633423,0.0
2282,17.185256958007812,1.0,0.0006065695779398084,0.1937633752822876,0.0
2283,16.75103187561035,0.9991319179534912,0.0,0.19909852743148804,0.0
2284,18.140851974487305,0.9988839626312256,0.0,0.21299807727336884,0.0
2285,15.40040111541748,0.9989583492279053,0.000596103142015636,0.18505990505218506,0.0
2286,16.05767059326172,0.9985795617103577,0.0004910838324576616,0.1983150839805603,0.0
2287,16.887407302856445,0.9989919662475586,0.0002500000118743628,0.1911851167678833,0.00028272546478547156
2288,16.761886596679688,0.9990234375,0.0,0.2015082836151123,0.0
2289,16.730690002441406,0.9972208738327026,0.00027901786961592734,0.19894012808799744,0.0
2290,16.131723403930664,0.9991987347602844,0.00026939655072055757,0.19366756081581116,0.0
2291,15.922929763793945,0.9972826242446899,0.000244140625,0.2011626660823822,0.0
2292,16.72418212890625,0.9964765310287476,0.0,0.1972770094871521,0.0
2293,14.846485137939453,0.9979369640350342,0.0,0.1926347315311432,0.0
2294,14.648809432983398,1.0,0.0003094059356953949,0.1817966103553772,0.0
2295,16.93238067626953,0.9955862760543823,0.0,0.2056732326745987,0.0
2296,17.276824951171875,1.0,0.0002840909000951797,0.20707419514656067,0.0
2297,16.0760498046875,0.9974960088729858,0.0005782616208307445,0.18236620724201202,0.0
2298,16.7774600982666,0.9973214268684387,0.0,0.20339041948318481,0.0
2299,16.367679595947266,0.9987499713897705,0.0003221649385523051,0.21798548102378845,0.0
2300,16.152223587036133,0.9987499713897705,0.0,0.19780221581459045,0.0
2301,14.735401153564453,0.996616005897522,0.0,0.19172394275665283,0.0
2302,16.537166595458984,0.9971615076065063,0.0006101190811023116,0.20032285153865814,0.0
2303,16.055612564086914,1.0,0.00030637255986221135,0.1867639124393463,0.0
2304,15.5556058883667,1.0,0.0003221649385523051,0.19623298943042755,0.0
2305,16.8923282623291,0.9958989024162292,0.0008629394578747451,0.19469237327575684,0.0
2306,16.504989624023438,0.9975252151489258,0.0,0.20565550029277802,0.0
2307,16.831560134887695,1.0,0.0002765486715361476,0.20473650097846985,0.0
2308,15.369467735290527,0.9990530014038086,0.0006097706500440836,0.19230499863624573,0.00028818444116041064
2309,16.669626235961914,0.9967013597488403,0.0,0.19488933682441711,0.0
2310,16.732044219970703,0.9990234375,0.00048475831863470376,0.1930145025253296,0.0
2311,16.72123908996582,0.9979745149612427,0.0005355965695343912,0.20640400052070618,0.0
2312,16.86688232421875,1.0,0.0,0.1896054744720459,0.0
2313,15.974169731140137,0.9987499713897705,0.0006327584851533175,0.20294344425201416,0.0
2314,15.51913070678711,0.9993489980697632,0.0,0.19796738028526306,0.0
2315,17.002992630004883,0.9993055462837219,0.0,0.1971491277217865,0.0
2316,15.32763671875,1.0,0.0,0.19242319464683533,0.0
2317,16.772613525390625,0.9989583492279053,0.00026939655072055757,0.19747883081436157,0.0
2318,16.62853240966797,0.9985119104385376,0.0,0.20367707312107086,0.0
2319,15.221708297729492,0.9987980723381042,0.00026939655072055757,0.21031928062438965,0.0
2320,15.97254467010498,0.9972392320632935,0.0006142209749668837,0.19638055562973022,0.0
2321,16.18145179748535,1.0,0.0,0.19022177159786224,0.0
2322,15.74432373046875,1.0,0.00026260505546815693,0.20005753636360168,0.0
2323,17.2248477935791,0.998023271560669,0.0,0.1938631236553192,0.0
2324,17.723011016845703,0.9988839626312256,0.0005420560482889414,0.19219768047332764,0.0
2325,16.301984786987305,0.998641312122345,0.0,0.2080288529396057,0.0
2326,15.830340385437012,0.9961048364639282,0.000292056065518409,0.19398945569992065,0.0002878526283893734
2327,16.41714859008789,0.9985795617103577,0.0006023538298904896,0.19306409358978271,0.0
2328,15.22089672088623,0.9979502558708191,0.0006265664706006646,0.19176986813545227,0.0
2329,16.432905197143555,0.9978009462356567,0.0,0.19841694831848145,0.0
2330,16.1490535736084,0.9990234375,0.000843945425003767,0.19289949536323547,0.0
2331,15.770222663879395,0.9985119104385376,0.00029761905898340046,0.19631603360176086,0.0
2332,17.623878479003906,1.0,0.0,0.20703554153442383,0.0
2333,16.107702255249023,0.9968449473381042,0.00027173911803402007,0.1892782747745514,0.0
2334,16.302066802978516,0.9983552694320679,0.0,0.19577616453170776,0.0
2335,15.815000534057617,0.9990234375,0.00025201612152159214,0.19502964615821838,0.0
2336,16.111148834228516,0.9988425970077515,0.0005493023199960589,0.2006816864013672,0.0
2337,17.272729873657227,0.9988425970077515,0.0,0.20682090520858765,0.0
2338,17.642358779907227,0.9989919662475586,0.0006023538298904896,0.21361160278320312,0.0
2339,16.3790340423584,0.9988839626312256,0.00032552084303461015,0.20089831948280334,0.0
2340,16.203685760498047,0.9980392456054688,0.00031565656536258757,0.18398314714431763,0.0
2341,15.972053527832031,1.0,0.0002840909000951797,0.20280689001083374,0.0
2342,15.62913990020752,0.99541175365448,0.00024801588733680546,0.18680067360401154,0.0
2343,17.77225685119629,0.9988425970077515,0.0,0.19489611685276031,0.0
2344,16.49772834777832,1.0,0.00034722223062999547,0.184329092502594,0.00028344671591185033
2345,17.038799285888672,1.0,0.00028935185400769114,0.19497597217559814,0.0
2346,15.589351654052734,0.9988425970077515,0.0005874889902770519,0.1898794174194336,0.0
2347,17.216501235961914,0.997664749622345,0.0,0.20060095191001892,0.0
2348,16.893569946289062,0.9988839626312256,0.0,0.19456620514392853,0.0
2349,17.39999771118164,0.9976203441619873,0.0003033980610780418,0.20791952311992645,0.0
2350,16.91180992126465,0.9973392486572266,0.0,0.18699531257152557,0.0
2351,15.784987449645996,0.9980449676513672,0.0,0.19686685502529144,0.0
2352,16.2558536529541,1.0,0.0003033980610780418,0.20518143475055695,0.0
2353,16.14788818359375,1.0,0.0,0.18507623672485352,0.0
2354,15.683551788330078,1.0,0.00027901786961592734,0.19174666702747345,0.0
2355,16.1795654296875,1.0,0.0002741228090599179,0.19575980305671692,0.0
2356,15.592812538146973,0.9953989386558533,0.0004995591007173061,0.1904284656047821,0.00027693159063346684
2357,16.234874725341797,1.0,0.0005381559021770954,0.20737507939338684,0.0
2358,15.815895080566406,0.998641312122345,0.0,0.19706106185913086,0.0
2359,15.789613723754883,0.998161792755127,0.00026260505546815693,0.18922361731529236,0.0
2360,16.728958129882812,0.9990234375,0.00026939655072055757,0.1986028552055359,0.0
2361,16.233861923217773,0.9972392320632935,0.0,0.195823535323143,0.0
2362,17.68574333190918,0.9977083206176758,0.0,0.19976264238357544,0.0
2363,16.611692428588867,0.9964543581008911,0.0,0.1966458410024643,0.0
2364,16.322010040283203,0.9978571534156799,0.0002765486715361476,0.1959034502506256,0.0
2365,15.768235206604004,1.0,0.0,0.18282738327980042,0.0
2366,16.699413299560547,0.9989224076271057,0.00031565656536258757,0.1959269493818283,0.0
2367,15.5608491897583,0.9985119104385376,0.0,0.20604681968688965,0.0
2368,16.06976318359375,0.9966435432434082,0.0,0.19954371452331543,0.0
2369,16.606456756591797,0.9986978769302368,0.0008670120732858777,0.19369187951087952,0.0
2370,15.398314476013184,0.9991071224212646,0.0,0.18944430351257324,0.0
2371,15.658225059509277,0.9986978769302368,0.0,0.19979789853096008,0.0
2372,16.781280517578125,0.997592568397522,0.0,0.19836321473121643,0.0
2373,15.712480545043945,0.9953902959823608,0.0,0.19569167494773865,0.0
2374,16.820514678955078,0.9968402981758118,0.0,0.20095166563987732,0.0
2375,17.0045166015625,0.9966874122619629,0.00028669723542407155,0.2057516872882843,0.0
2376,17.029714584350586,0.9990808963775635,0.0,0.19655103981494904,0.0
2377,16.79620933532715,0.9970703125,0.0,0.19644376635551453,0.0
2378,17.339868545532227,0.9990530014038086,0.0003094059356953949,0.2133149355649948,0.0
2379,15.601588249206543,0.9982638955116272,0.0,0.19918370246887207,0.0
2380,16.241830825805664,1.0,0.00024224806111305952,0.19428257644176483,0.0
2381,17.25579071044922,0.9984375238418579,0.00026483050896786153,0.2026839554309845,0.0
2382,15.97801685333252,1.0,0.0,0.2041860818862915,0.0
2383,17.107057571411133,0.9989224076271057,0.00028669723542407155,0.20066800713539124,0.0
2384,16.74907875061035,1.0,0.0,0.19655025005340576,0.0
2385,17.511198043823242,0.9987980723381042,0.0002604166802484542,0.19807970523834229,0.0
2386,17.215600967407227,0.9978345632553101,0.0,0.19206351041793823,0.0
2387,17.42402458190918,0.9986978769302368,0.0,0.19139060378074646,0.0
2388,16.5212459564209,0.9938890933990479,0.0005029896856285632,0.20417122542858124,0.0
2389,16.892841339111328,0.9974839091300964,0.0002500000118743628,0.18932080268859863,0.0
2390,16.587310791015625,0.9990234375,0.0005866228020749986,0.18997150659561157,0.0
2391,16.12322235107422,0.9975404739379883,0.00030637255986221135,0.1913350224494934,0.0
2392,16.266496658325195,1.0,0.0006023538298904896,0.21217088401317596,0.0
2393,15.63994312286377,0.9989919662475586,0.0,0.21470335125923157,0.0
2394,16.175968170166016,0.9986978769302368,0.0009078617440536618,0.19139546155929565,0.000567859155125916
2395,16.348604202270508,0.9987499713897705,0.0005681818001903594,0.18696747720241547,0.0
2396,15.652804374694824,1.0,0.0,0.17940370738506317,0.0
2397,17.458568572998047,0.998641312122345,0.00027901786961592734,0.2046305537223816,0.0
2398,16.177215576171875,0.9962519407272339,0.0,0.19354459643363953,0.0
2399,16.07794952392578,0.994624674320221,0.0005340909119695425,0.193620502948761,0.0
2400,16.75914764404297,0.998161792755127,0.0,0.18230944871902466,0.0
2401,15.408787727355957,0.9984375238418579,0.0,0.20717698335647583,0.0
2402,15.769631385803223,0.995101809501648,0.00025201612152159214,0.19009318947792053,0.0
2403,16.042545318603516,0.994825541973114,0.00025826445198617876,0.2061995267868042,0.0
2404,16.5312557220459,0.9975928068161011,0.00029761905898340046,0.19958722591400146,0.0
2405,16.08876609802246,1.0,0.0011325604282319546,0.19207105040550232,0.0
2406,16.455883026123047,0.9966435432434082,0.0,0.19355857372283936,0.0
2407,16.890716552734375,0.9974960088729858,0.0,0.19337771832942963,0.0
2408,14.833486557006836,0.996724545955658,0.0,0.20961113274097443,0.0
2409,16.786714553833008,1.0,0.00027901786961592734,0.20063284039497375,0.0
2410,16.33370590209961,0.9987499713897705,0.0008377662161365151,0.20153123140335083,0.00028951940475963056
2411,16.13728141784668,0.9966044425964355,0.0,0.19883263111114502,0.0
2412,15.142578125,0.9988839626312256,0.00031565656536258757,0.1969781219959259,0.0
2413,16.503963470458984,0.997672438621521,0.0,0.17949117720127106,0.0
2414,16.663061141967773,0.9944840669631958,0.0,0.19148319959640503,0.0
2415,16.533187866210938,0.9989224076271057,0.0005727945826947689,0.19074341654777527,0.0
2416,17.365982055664062,0.9989583492279053,0.0,0.19512198865413666,0.0
2417,16.712373733520508,0.998641312122345,0.0,0.18743622303009033,0.0
2418,16.122955322265625,0.9970787763595581,0.0,0.20352861285209656,0.0
2419,17.404327392578125,1.0,0.0,0.2059866189956665,0.0
2420,16.229211807250977,0.9975714683532715,0.0,0.19802576303482056,0.0
2421,16.892427444458008,1.0,0.0,0.21020516753196716,0.0
2422,16.638225555419922,0.9990530014038086,0.000292056065518409,0.20042043924331665,0.0
2423,15.018534660339355,0.9989224076271057,0.00027173911803402007,0.19057685136795044,0.0
2424,16.67243766784668,0.997726559638977,0.0,0.18719565868377686,0.0
2425,16.73958969116211,1.0,0.0004924007225781679,0.1993427574634552,0.0
2426,15.954959869384766,0.9976203441619873,0.0,0.20264628529548645,0.0
2427,16.568429946899414,0.9977899789810181,0.0,0.19576755166053772,0.0
2428,16.980175018310547,0.9962975978851318,0.0003221649385523051,0.20831936597824097,0.00028546960675157607
2429,16.304990768432617,0.9989583492279053,0.0003094059356953949,0.20013172924518585,0.0
2430,15.58895206451416,0.9982718229293823,0.00028153153834864497,0.19427727162837982,0.0
2431,15.861587524414062,0.9961432814598083,0.0,0.20582100749015808,0.0
2432,15.864448547363281,0.9987499713897705,0.0,0.21859624981880188,0.0
2433,16.80088233947754,1.0,0.0,0.20161956548690796,0.0
2434,17.128604888916016,0.9974343180656433,0.0,0.1914714276790619,0.0
2435,17.126678466796875,0.9989583492279053,0.0,0.20387431979179382,0.0
2436,17.080785751342773,1.0,0.00027173911803402007,0.1923249363899231,0.0002826455747708678
2437,17.556753158569336,0.9991071224212646,0.0,0.19257761538028717,0.0
2438,17.74799919128418,1.0,0.0005707881646230817,0.1840255856513977,0.0
2439,16.720169067382812,0.9990234375,0.0,0.20264534652233124,0.0
2440,16.33893585205078,0.9969319701194763,0.0,0.1931532919406891,0.0
2441,16.784255981445312,0.9961432814598083,0.00028669723542407155,0.2111971378326416,0.0
2442,16.367918014526367,0.9982638955116272,0.0,0.16946378350257874,0.0
2443,17.198026657104492,0.9988839626312256,0.0003094059356953949,0.19666999578475952,0.0
2444,16.411325454711914,0.99671471118927,0.0,0.18572808802127838,0.0
2445,15.581453323364258,0.9959032535552979,0.0,0.1914101392030716,0.0
2446,15.370651245117188,0.9985119104385376,0.0002840909000951797,0.1975637972354889,0.0
2447,16.08266258239746,1.0,0.0,0.20094335079193115,0.0
2448,17.09202766418457,0.9989919662475586,0.0,0.21463897824287415,0.0
2449,15.941462516784668,0.9979497194290161,0.00024801588733680546,0.19917228817939758,0.0
2450,17.372447967529297,0.995172381401062,0.0002765486715361476,0.18466967344284058,0.00028498147730715573
2451,17.109601974487305,0.9977213144302368,0.0006022789748385549,0.18907728791236877,0.0
2452,15.041886329650879,0.9973392486572266,0.0005849295994266868,0.1821412444114685,0.0
2453,16.503421783447266,0.9963799118995667,0.0,0.20682436227798462,0.0
2454,17.247304916381836,0.9986978769302368,0.0003033980610780418,0.2022499144077301,0.0
2455,16.32683753967285,0.9979817867279053,0.00026939655072055757,0.2030724436044693,0.0
2456,17.37828826904297,0.9987499713897705,0.0,0.19085484743118286,0.0
2457,17.13044548034668,0.9985119104385376,0.00033602150506339967,0.19740457832813263,0.0
2458,16.138530731201172,0.9969673752784729,0.0005275945295579731,0.18735471367835999,0.0
2459,16.2166805267334,1.0,0.0005482035921886563,0.19318199157714844,0.0
2460,17.086145401000977,0.9987499713897705,0.0,0.19294151663780212,0.0
2461,15.320754051208496,0.9966739416122437,0.0,0.19890612363815308,0.0
2462,16.31082534790039,1.0,0.000294811325147748,0.21197465062141418,0.0
2463,16.954282760620117,1.0,0.0,0.20194126665592194,0.0
2464,15.511655807495117,0.998641312122345,0.000244140625,0.19201341271400452,0.0
2465,16.881938934326172,0.9989583492279053,0.0,0.19598589837551117,0.0
2466,16.14588165283203,0.9989224076271057,0.0,0.18702749907970428,0.0
2467,16.763259887695312,0.997726559638977,0.0003221649385523051,0.21823208034038544,0.0
2468,16.05084228515625,1.0,0.0,0.2022419571876526,0.0
2469,16.232648849487305,0.9975929260253906,0.0,0.19368746876716614,0.0
2470,15.436406135559082,1.0,0.0006237648194655776,0.19771571457386017,0.0
2471,16.234712600708008,0.9969664812088013,0.0005342270596884191,0.1869765818119049,0.0
2472,15.968971252441406,0.9987499713897705,0.0,0.20989838242530823,0.0
2473,16.76696014404297,0.9990234375,0.0,0.18679681420326233,0.0
2474,16.72159767150879,0.9990234375,0.0,0.1959015429019928,0.0
2475,17.518444061279297,0.9989919662475586,0.0002765486715361476,0.20069411396980286,0.00028818444116041064
2476,17.022226333618164,1.0,0.0,0.1987389475107193,0.0
2477,16.178936004638672,0.9966698288917542,0.0,0.20281243324279785,0.0
2478,15.85617733001709,0.9989583492279053,0.0005734427832067013,0.19542419910430908,0.0
2479,17.04391098022461,1.0,0.0005563725717365742,0.19061502814292908,0.0
2480,16.410154342651367,0.996465802192688,0.0,0.19686433672904968,0.0
2481,17.239091873168945,0.9943298101425171,0.0,0.19452494382858276,0.0
2482,16.59807777404785,1.0,0.0005253584822639823,0.18699565529823303,0.0
2483,15.66833782196045,0.9985795617103577,0.0,0.19711977243423462,0.0
2484,16.857969284057617,0.9973545074462891,0.0,0.1947287917137146,0.0
2485,17.136926651000977,0.9985795617103577,0.0,0.20773053169250488,0.0
2486,14.792601585388184,0.9990808963775635,0.0,0.20060352981090546,0.0
2487,16.764896392822266,0.9987499713897705,0.00025826445198617876,0.17141994833946228,0.0
2488,16.33511734008789,0.9978345632553101,0.00027173911803402007,0.20896270871162415,0.0
2489,15.401864051818848,0.9989224076271057,0.0,0.19528096914291382,0.0
2490,16.359783172607422,0.9978009462356567,0.0,0.20674234628677368,0.0
2491,15.258750915527344,0.9990530014038086,0.00027173911803402007,0.18935519456863403,0.0002772386942524463
2492,16.033479690551758,0.9944489002227783,0.0003004807804245502,0.18901711702346802,0.0
2493,15.41006851196289,0.9962359666824341,0.0008166969055309892,0.1902810037136078,0.0
2494,16.690000534057617,0.9973776340484619,0.0003124999930150807,0.20429229736328125,0.0
2495,16.196853637695312,0.9979053735733032,0.00030637255986221135,0.19782519340515137,0.0002768549311440438
2496,15.214365005493164,0.9965634346008301,0.0008058031089603901,0.20431530475616455,0.0005651313695125282
2497,16.752708435058594,0.9971933364868164,0.0,0.20409664511680603,0.0
2498,15.69382381439209,0.9971591234207153,0.0,0.1935877501964569,0.0
2499,16.306625366210938,0.9974839091300964,0.0003324467979837209,0.19422543048858643,0.000286861730273813
2500,17.114376068115234,0.9963799118995667,0.0008466880535706878,0.19432008266448975,0.0
2501,16.65981101989746,0.9972689151763916,0.0,0.20473918318748474,0.0
2502,16.855497360229492,1.0,0.00026939655072055757,0.20289483666419983,0.0
2503,14.68079948425293,0.9985119104385376,0.00028153153834864497,0.19541513919830322,0.0
2504,17.23021697998047,0.9988839626312256,0.0,0.2103436142206192,0.0
2505,15.407768249511719,1.0,0.0,0.19197288155555725,0.0
2506,18.06492042541504,0.9989919662475586,0.0,0.20207545161247253,0.0
2507,17.258729934692383,1.0,0.0,0.19701938331127167,0.0
2508,17.132246017456055,1.0,0.0002840909000951797,0.18927498161792755,0.0
2509,15.212700843811035,0.9970238208770752,0.0,0.20432190597057343,0.0
2510,17.4113712310791,0.9973913431167603,0.0002500000118743628,0.18400391936302185,0.0
2511,16.853782653808594,0.9975000023841858,0.0005461210967041552,0.18707171082496643,0.0
2512,15.076027870178223,0.9972826242446899,0.0,0.19244346022605896,0.0
2513,16.13161277770996,0.9975353479385376,0.00027173911803402007,0.20896825194358826,0.0
2514,16.34480857849121,0.9951777458190918,0.00029761905898340046,0.19399625062942505,0.0
2515,17.798097610473633,0.9961239695549011,0.0,0.20408892631530762,0.0
2516,16.353961944580078,1.0,0.0,0.18581253290176392,0.0
2517,16.1024169921875,0.9970787763595581,0.0,0.19769373536109924,0.0
2518,16.171409606933594,0.9963136911392212,0.0005082644638605416,0.1826687753200531,0.0
2519,16.167360305786133,0.9985795617103577,0.0,0.1891615241765976,0.0
2520,16.331127166748047,1.0,0.0002741228090599179,0.17872744798660278,0.0
2521,16.082565307617188,0.996921956539154,0.0,0.20746485888957977,0.0
2522,16.90306854248047,1.0,0.0005954261869192123,0.18792009353637695,0.0
2523,15.949193954467773,0.9966554045677185,0.0,0.1981973797082901,0.0
2524,17.29600715637207,0.998161792755127,0.0,0.19406090676784515,0.0
2525,16.292339324951172,0.9961597919464111,0.0,0.19565436244010925,0.0
2526,17.2973575592041,0.998641312122345,0.00026939655072055757,0.2023608237504959,0.00028851701063103974
2527,17.499549865722656,0.9964758157730103,0.0005682287737727165,0.19799396395683289,0.000286861730273813
2528,16.717426300048828,1.0,0.00031565656536258757,0.1899804323911667,0.0
2529,16.990955352783203,0.9988425970077515,0.0,0.20671266317367554,0.0
2530,16.226886749267578,0.9971330761909485,0.0005707881646230817,0.17787611484527588,0.0
2531,18.06715202331543,0.9990234375,0.0003094059356953949,0.19913583993911743,0.0
2532,16.160442352294922,0.9959756135940552,0.000564713089261204,0.18876007199287415,0.0
2533,16.558095932006836,1.0,0.0,0.19306570291519165,0.0
2534,16.890947341918945,0.998641312122345,0.000494449632242322,0.19237709045410156,0.0
2535,17.082271575927734,1.0,0.0,0.19130422174930573,0.0
2536,17.16080093383789,0.9987499713897705,0.00028153153834864497,0.19891424477100372,0.0
2537,15.655174255371094,0.9985119104385376,0.0,0.18288147449493408,0.0
2538,16.950986862182617,0.9959851503372192,0.00026939655072055757,0.20610027015209198,0.0
2539,16.92227554321289,1.0,0.0,0.20389866828918457,0.0
2540,16.902421951293945,0.9971978664398193,0.0,0.20216044783592224,0.0
2541,16.204809188842773,0.9977650046348572,0.0,0.18435266613960266,0.0
2542,16.222444534301758,0.9974361658096313,0.0002840909000951797,0.1923389434814453,0.0
2543,16.62712860107422,0.9976029992103577,0.00025826445198617876,0.2004145085811615,0.0002838489890564233
2544,16.523983001708984,0.9989224076271057,0.00035511364694684744,0.1990930438041687,0.0
2545,16.39531898498535,1.0,0.0,0.2066294252872467,0.0
2546,16.272459030151367,0.9962374567985535,0.0006009615608491004,0.19347570836544037,0.0
2547,16.9425106048584,0.9970825910568237,0.0005818965146318078,0.20388616621494293,0.0
2548,16.383445739746094,0.9968541860580444,0.00024801588733680546,0.19100943207740784,0.0
2549,17.446043014526367,0.9967339038848877,0.0,0.20207537710666656,0.0
2550,16.361154556274414,1.0,0.00028669723542407155,0.19017177820205688,0.0
2551,15.88591194152832,1.0,0.00030637255986221135,0.18913288414478302,0.0
2552,14.961263656616211,1.0,0.0,0.184248685836792,0.0
2553,16.131362915039062,0.9978758692741394,0.0,0.20800912380218506,0.0
2554,15.700868606567383,0.9988839626312256,0.00028153153834864497,0.19554737210273743,0.00028860027668997645
2555,16.52239418029785,0.9977899789810181,0.00028153153834864497,0.2013475000858307,0.0
2556,15.899816513061523,0.9977734088897705,0.0,0.19635841250419617,0.0
2557,16.408878326416016,0.9939112067222595,0.0002840909000951797,0.20134666562080383,0.0002840909000951797
2558,16.03682518005371,0.995721697807312,0.00028153153834864497,0.18755590915679932,0.0
2559,15.373135566711426,0.9970914721488953,0.0002840909000951797,0.20193910598754883,0.0002899391110986471
2560,17.106597900390625,0.9975996017456055,0.0003633720916695893,0.19686463475227356,0.0
2561,16.308961868286133,0.9983552694320679,0.0,0.1937568485736847,0.0
2562,16.721521377563477,0.9989224076271057,0.0002765486715361476,0.18882429599761963,0.0
2563,17.008975982666016,0.9962374567985535,0.0,0.1910085678100586,0.0
2564,17.05246353149414,1.0,0.000292056065518409,0.18832483887672424,0.0
2565,16.251283645629883,0.9966566562652588,0.0005000000237487257,0.1909450888633728,0.00027824152493849397
2566,15.805001258850098,0.9990808963775635,0.00028669723542407155,0.1945895403623581,0.0
2567,17.964353561401367,0.9964320063591003,0.0,0.21044911444187164,0.0
2568,17.181062698364258,0.9971874952316284,0.00028153153834864497,0.19249725341796875,0.00028743891743943095
2569,15.485905647277832,0.9989919662475586,0.0,0.19264546036720276,0.0
2570,15.549480438232422,0.998161792755127,0.0005276610027067363,0.19326181709766388,0.0
2571,14.848956108093262,0.9989919662475586,0.0,0.1826627403497696,0.0
2572,15.6510591506958,0.9951851963996887,0.0,0.19553059339523315,0.0
2573,15.598581314086914,0.9990234375,0.0,0.19625192880630493,0.0
2574,16.719341278076172,0.9984375238418579,0.0,0.20255792140960693,0.0
2575,15.960198402404785,0.9973958730697632,0.0,0.18460266292095184,0.0
2576,15.069426536560059,0.9984375238418579,0.0002460629912093282,0.19489461183547974,0.0
2577,15.963345527648926,1.0,0.0,0.17500685155391693,0.0
2578,17.71533966064453,0.9988425970077515,0.00031565656536258757,0.18733912706375122,0.0
2579,15.256940841674805,0.9985795617103577,0.0,0.20238849520683289,0.0
2580,16.40526008605957,0.9990530014038086,0.0,0.19351978600025177,0.0
2581,16.57903289794922,1.0,0.0,0.19414536654949188,0.0
2582,17.729127883911133,0.9986978769302368,0.0,0.19560635089874268,0.0
2583,17.490447998046875,0.9972618818283081,0.0,0.20740404725074768,0.0
2584,15.748217582702637,0.998641312122345,0.0003396739193703979,0.19815659523010254,0.0
2585,15.551509857177734,0.9977419376373291,0.0,0.18807019293308258,0.0
2586,15.893814086914062,0.9975481033325195,0.0,0.18951357901096344,0.0
2587,16.59670639038086,0.9979757070541382,0.0,0.18443460762500763,0.0
2588,16.727434158325195,0.9983552694320679,0.0,0.20411929488182068,0.0
2589,16.81532859802246,0.9965630769729614,0.0,0.18823419511318207,0.0
2590,16.588842391967773,0.9974343180656433,0.0,0.1938425600528717,0.0
2591,16.469396591186523,1.0,0.0,0.208161860704422,0.0
2592,15.348074913024902,1.0,0.0,0.1880597323179245,0.0
2593,17.500001907348633,0.9968030452728271,0.0006193583249114454,0.20584259927272797,0.0002783189411275089
2594,17.90003204345703,0.9986978769302368,0.0,0.19366449117660522,0.0
2595,15.008872032165527,0.9965659379959106,0.0003396739193703979,0.19290941953659058,0.0
2596,15.091404914855957,0.9985119104385376,0.0003124999930150807,0.18822559714317322,0.00028843380277976394
2597,17.11727523803711,0.9965401887893677,0.0,0.1924688220024109,0.0
2598,15.836801528930664,1.0,0.0,0.20060646533966064,0.0
2599,16.164806365966797,0.9987499713897705,0.0,0.21033334732055664,0.0
2600,16.4449405670166,0.9971874952316284,0.0,0.19856862723827362,0.0
2601,17.05050277709961,0.9980393648147583,0.0,0.19978982210159302,0.0
2602,16.482013702392578,0.9977083206176758,0.00028153153834864497,0.20037558674812317,0.0
2603,16.28293800354004,0.9971200823783875,0.0,0.19667968153953552,0.0
2604,16.16666030883789,0.9944067597389221,0.0007883033249527216,0.2088814079761505,0.0002857142826542258
2605,16.58254051208496,1.0,0.0,0.18659968674182892,0.0
2606,15.450385093688965,1.0,0.0,0.18788018822669983,0.0
2607,15.235998153686523,0.9978030323982239,0.0005484144203364849,0.19787238538265228,0.0
2608,15.86119556427002,1.0,0.0,0.1849118024110794,0.0
2609,16.234437942504883,0.9990530014038086,0.00027173911803402007,0.19465190172195435,0.0
2610,17.31214714050293,0.9989224076271057,0.0,0.20188181102275848,0.0
2611,16.60222625732422,0.9988425970077515,0.0,0.189774751663208,0.0
2612,15.84919548034668,0.9978955984115601,0.0002540650311857462,0.1905164271593094,0.0
2613,18.035037994384766,0.9985119104385376,0.0006193583249114454,0.21482190489768982,0.0
2614,17.357263565063477,1.0,0.00031565656536258757,0.20017148554325104,0.0
2615,16.721012115478516,0.9989583492279053,0.0,0.1959642916917801,0.0
2616,17.018909454345703,0.9967892169952393,0.0,0.20530548691749573,0.0
2617,17.287975311279297,1.0,0.0,0.19141104817390442,0.0
2618,15.461874008178711,0.995579719543457,0.0002460629912093282,0.1936543583869934,0.0
2619,16.328716278076172,0.9977222084999084,0.0,0.19414949417114258,0.0
2620,16.566551208496094,0.9985795617103577,0.0005818965146318078,0.1842888593673706,0.0
2621,16.134172439575195,1.0,0.0,0.20663508772850037,0.0
2622,16.366172790527344,0.9991071224212646,0.0008939690887928009,0.2025391161441803,0.0
2623,16.809629440307617,0.9990234375,0.0005531406495720148,0.20150220394134521,0.0
2624,17.179065704345703,0.9969231486320496,0.0,0.20878291130065918,0.0
2625,16.746788024902344,1.0,0.00030637255986221135,0.19590407609939575,0.0002857142826542258
2626,15.802406311035156,0.9984375238418579,0.0,0.19313740730285645,0.0
2627,15.178775787353516,0.9988425970077515,0.0,0.19786572456359863,0.0
2628,16.200864791870117,0.9989224076271057,0.0,0.2153594195842743,0.0
2629,16.700721740722656,1.0,0.0002840909000951797,0.18522483110427856,0.0
2630,17.192394256591797,1.0,0.0,0.1993894875049591,0.0
2631,16.69218635559082,0.9973392486572266,0.0002561475266702473,0.21027544140815735,0.0
2632,17.319908142089844,0.9965715408325195,0.0006237648194655776,0.20648276805877686,0.0
2633,16.803512573242188,1.0,0.00027901786961592734,0.20483241975307465,0.0
2634,16.627334594726562,1.0,0.0,0.1984615921974182,0.0
2635,16.57924461364746,0.9989919662475586,0.0,0.2092602401971817,0.0
2636,15.825737953186035,1.0,0.0002840909000951797,0.20495015382766724,0.0
2637,15.95022964477539,0.9983552694320679,0.00027901786961592734,0.18902790546417236,0.0
2638,16.058481216430664,0.9969882369041443,0.0005842391401529312,0.18831658363342285,0.0
2639,17.82706069946289,0.9985119104385376,0.00028153153834864497,0.18826176226139069,0.0
2640,16.319541931152344,0.9977213144302368,0.0,0.1953214704990387,0.0
2641,15.390018463134766,0.9964766502380371,0.0,0.19265159964561462,0.0
2642,15.94103717803955,0.9973787069320679,0.0003324467979837209,0.19648483395576477,0.0
2643,17.657459259033203,0.9979074001312256,0.0,0.2112254500389099,0.0
2644,16.906625747680664,0.9990234375,0.0005587483756244183,0.19659361243247986,0.0
2645,17.228593826293945,0.997880756855011,0.00025826445198617876,0.1946270763874054,0.0
2646,16.069683074951172,1.0,0.0,0.19680774211883545,0.0
2647,16.6647891998291,0.9969989061355591,0.0003094059356953949,0.19595980644226074,0.0
2648,17.324838638305664,0.9977650046348572,0.0,0.20440931618213654,0.0
2649,16.882970809936523,0.9953230619430542,0.0,0.19392578303813934,0.0
2650,16.421537399291992,0.9976029992103577,0.00023320894979406148,0.19945257902145386,0.0
2651,15.7183198928833,0.9987499713897705,0.0,0.20022621750831604,0.0
2652,16.334796905517578,1.0,0.0,0.2016901969909668,0.0
2653,16.602624893188477,0.9976898431777954,0.0009303943952545524,0.20390400290489197,0.0
2654,15.991341590881348,1.0,0.00026260505546815693,0.18976862728595734,0.0
2655,16.04359245300293,0.9984375238418579,0.0,0.2112550437450409,0.0
2656,15.21225357055664,1.0,0.00028669723542407155,0.18524610996246338,0.0
2657,17.611434936523438,1.0,0.000573587603867054,0.20455606281757355,0.0
2658,15.835262298583984,0.9989583492279053,0.0,0.1941419541835785,0.0
2659,16.755489349365234,0.99576735496521,0.0005927499150857329,0.19610047340393066,0.0
2660,17.160568237304688,0.9949525594711304,0.000294811325147748,0.19552575051784515,0.0
2661,16.256332397460938,0.9975928068161011,0.0,0.18075743317604065,0.0
2662,16.498926162719727,0.9965509176254272,0.0,0.20494872331619263,0.0
2663,16.182586669921875,0.9980449676513672,0.00016891892300918698,0.19991719722747803,0.0
2664,18.147659301757812,0.996995210647583,0.00027173911803402007,0.19197548925876617,0.0
2665,17.43461036682129,0.9978345632553101,0.00031565656536258757,0.18105165660381317,0.0
2666,16.530765533447266,0.9985119104385376,0.0,0.19954457879066467,0.0
2667,17.115062713623047,0.9988425970077515,0.0,0.18968994915485382,0.0
2668,16.242610931396484,0.998641312122345,0.00016891892300918698,0.20756573975086212,0.0
2669,16.494413375854492,1.0,0.0002765486715361476,0.20476004481315613,0.0
2670,16.357730865478516,0.9975818395614624,0.00027173911803402007,0.19406700134277344,0.0
2671,15.657047271728516,0.9978422522544861,0.0003094059356953949,0.19181737303733826,0.0
2672,16.624229431152344,0.9988425970077515,0.0005476190708577633,0.1873050332069397,0.0
2673,17.86282730102539,0.9989224076271057,0.0011382994707673788,0.19143560528755188,0.00028224667767062783
2674,17.034509658813477,1.0,0.0,0.2053583264350891,0.0
2675,16.311349868774414,0.9991071224212646,0.0005980998394079506,0.18325886130332947,0.0
2676,15.535441398620605,0.9990808963775635,0.00029761905898340046,0.19502025842666626,0.0
2677,16.057659149169922,1.0,0.0005449616583064198,0.20151135325431824,0.0
2678,16.0490779876709,0.9985119104385376,0.0006082294275984168,0.1902279108762741,0.0
2679,14.72404670715332,0.9973214268684387,0.0,0.1925431787967682,0.0
2680,16.855728149414062,0.9975818395614624,0.0,0.19578248262405396,0.0
2681,15.999519348144531,0.9993206262588501,0.0,0.19659538567066193,0.0
2682,16.385730743408203,0.9985795617103577,0.00025826445198617876,0.20366956293582916,0.0
2683,16.5177059173584,0.9985119104385376,0.0,0.20604605972766876,0.0
2684,17.50785255432129,1.0,0.0,0.19324235618114471,0.0
2685,16.282886505126953,0.9981305599212646,0.0,0.19404160976409912,0.0
2686,16.053747177124023,0.9949057102203369,0.0,0.20431967079639435,0.0
2687,16.644580841064453,0.9961044788360596,0.0005423553520813584,0.19011516869068146,0.0
2688,17.731998443603516,0.9954681396484375,0.0,0.19238904118537903,0.0
2689,16.5279483795166,0.9970841407775879,0.0002765486715361476,0.20024004578590393,0.00028727378230541945
2690,16.80318832397461,1.0,0.000292056065518409,0.1894649863243103,0.0
2691,17.107080459594727,0.9964615106582642,0.0,0.1858970820903778,0.0
2692,17.786046981811523,1.0,0.00023320894979406148,0.19900649785995483,0.0
2693,16.274799346923828,0.9953382015228271,0.0,0.19541463255882263,0.0
2694,17.2463321685791,0.9972392320632935,0.0002765486715361476,0.19917289912700653,0.0
2695,16.85799217224121,0.9980033040046692,0.0,0.1924733817577362,0.0
2696,16.515460968017578,1.0,0.00027173911803402007,0.19644075632095337,0.0
2697,16.002758026123047,0.9988425970077515,0.0,0.1862625777721405,0.0
2698,16.53984260559082,0.9988839626312256,0.0,0.19159850478172302,0.0
2699,16.135671615600586,0.9988425970077515,0.00028669723542407155,0.19502253830432892,0.0
2700,16.783428192138672,0.9976943731307983,0.0,0.1914833039045334,0.0
2701,16.08379554748535,0.9962906837463379,0.0,0.20023275911808014,0.0
2702,16.936378479003906,0.9966786503791809,0.0003033980610780418,0.1851494014263153,0.0
2703,16.848112106323242,0.9988839626312256,0.00029761905898340046,0.20121851563453674,0.0
2704,15.917311668395996,0.9966737031936646,0.0,0.18648412823677063,0.0
2705,16.692279815673828,0.9965087175369263,0.0003676470660138875,0.20559629797935486,0.0
2706,15.781861305236816,0.9977725744247437,0.0002540650311857462,0.1984194964170456,0.0
2707,18.15473175048828,1.0,0.0,0.19378246366977692,0.0
2708,16.9526309967041,0.9990234375,0.0002741228090599179,0.19899961352348328,0.0
2709,16.051517486572266,1.0,0.0,0.19757872819900513,0.0
2710,17.395490646362305,0.9989224076271057,0.0003004807804245502,0.20245271921157837,0.0
2711,17.028146743774414,0.994637131690979,0.00025201612152159214,0.19210314750671387,0.0
2712,15.874043464660645,0.9971533417701721,0.0,0.18431012332439423,0.0
2713,16.047515869140625,1.0,0.000292056065518409,0.1929851472377777,0.0
2714,16.8353214263916,0.9990234375,0.0,0.18697670102119446,0.0
2715,15.905170440673828,0.9982638955116272,0.0,0.1871570348739624,0.0
2716,15.485818862915039,1.0,0.0005413679755292833,0.1905728280544281,0.0
2717,15.652369499206543,0.9985119104385376,0.0003188775444868952,0.19548329710960388,0.0
2718,17.553470611572266,0.9977678656578064,0.0,0.21186888217926025,0.0
2719,15.80109977722168,0.9938161373138428,0.000292056065518409,0.1926843822002411,0.0
2720,16.59973907470703,0.9979648590087891,0.0003033980610780418,0.21164894104003906,0.0002825656847562641
2721,15.843271255493164,0.9974609613418579,0.0,0.19546082615852356,0.0
2722,17.758934020996094,1.0,0.0,0.1912972331047058,0.0
2723,17.016693115234375,1.0,0.0005393518367782235,0.19056235253810883,0.0
2724,18.227096557617188,1.0,0.00028669723542407155,0.1986268162727356,0.0
2725,16.105573654174805,1.0,0.0,0.20605531334877014,0.0
2726,16.96880340576172,0.9977419376373291,0.0,0.19096159934997559,0.0
2727,16.477861404418945,0.9970170259475708,0.0002765486715361476,0.19631439447402954,0.0002886836009565741
2728,15.857489585876465,0.9991319179534912,0.00017170330102089792,0.18387436866760254,0.0
2729,16.612077713012695,1.0,0.0,0.1874276101589203,0.0
2730,16.893144607543945,1.0,0.0,0.20407384634017944,0.0
2731,15.661209106445312,1.0,0.0,0.19274629652500153,0.0
2732,16.09718894958496,0.9978511333465576,0.0,0.18828196823596954,0.0
2733,17.374752044677734,1.0,0.0,0.20541724562644958,0.0
2734,16.3294677734375,0.9967482089996338,0.0,0.1858309805393219,0.0
2735,16.308124542236328,0.9974702596664429,0.0002765486715361476,0.2040661871433258,0.0
2736,17.182310104370117,0.9974221587181091,0.0,0.20188896358013153,0.0
2737,16.154462814331055,0.998161792755127,0.0,0.20142066478729248,0.0
2738,16.568696975708008,0.9990530014038086,0.00026709403027780354,0.19762176275253296,0.0
2739,16.834884643554688,0.998641312122345,0.0005853904294781387,0.18492141366004944,0.0
2740,15.788272857666016,0.9962615966796875,0.0,0.20512153208255768,0.0
2741,16.970590591430664,1.0,0.00027901786961592734,0.19109457731246948,0.0
2742,17.52252960205078,1.0,0.0,0.22093841433525085,0.0
2743,17.032419204711914,0.9989583492279053,0.0,0.21106496453285217,0.0
2744,16.451757431030273,0.9988425970077515,0.0,0.19346976280212402,0.0
2745,15.402985572814941,1.0,0.0,0.18269634246826172,0.0
2746,16.09356117248535,0.9946160316467285,0.0005954541265964508,0.19444340467453003,0.0002863688569050282
2747,17.197490692138672,0.9961061477661133,0.00028669723542407155,0.20380648970603943,0.0
2748,16.28070831298828,0.9989583492279053,0.0,0.19301728904247284,0.0
2749,15.851489067077637,0.9983552694320679,0.0,0.18548858165740967,0.0
2750,16.214712142944336,1.0,0.0002741228090599179,0.18248938024044037,0.0
2751,18.28312110900879,1.0,0.0004637593519873917,0.19598889350891113,0.0
2752,16.341236114501953,1.0,0.0006023538298904896,0.19012174010276794,0.0
2753,15.395904541015625,0.9987980723381042,0.00028669723542407155,0.19098147749900818,0.0
2754,15.508927345275879,0.9989919662475586,0.0,0.19698208570480347,0.0
2755,16.310741424560547,0.9990234375,0.0005915178917348385,0.21370252966880798,0.0
2756,16.439661026000977,0.9988839626312256,0.0,0.17946429550647736,0.0
2757,17.366235733032227,0.9980158805847168,0.0,0.2028738409280777,0.0
2758,16.754751205444336,0.9954501986503601,0.0,0.18856069445610046,0.0
2759,17.259992599487305,1.0,0.0008801940130069852,0.2006121277809143,0.0
2760,16.114046096801758,1.0,0.0,0.19269639253616333,0.0
2761,17.317562103271484,1.0,0.0,0.20034462213516235,0.0
2762,17.019546508789062,0.9970953464508057,0.0,0.19855867326259613,0.0
2763,16.466325759887695,0.9977650046348572,0.0,0.19244559109210968,0.0
2764,16.550567626953125,1.0,0.00027173911803402007,0.1983742117881775,0.0
2765,16.107816696166992,1.0,0.0005898326635360718,0.17350488901138306,0.0
2766,15.593390464782715,0.9986978769302368,0.0,0.20232558250427246,0.0
2767,15.783111572265625,0.9975404739379883,0.0,0.1971116065979004,0.0
2768,16.167316436767578,0.997592568397522,0.0002561475266702473,0.19247762858867645,0.0
2769,15.896330833435059,1.0,0.0,0.18546006083488464,0.0
2770,16.918235778808594,0.9988425970077515,0.00025201612152159214,0.20308002829551697,0.0
2771,16.801652908325195,1.0,0.0007939091301523149,0.18844947218894958,0.0
2772,15.888707160949707,0.9978448152542114,0.00028153153834864497,0.20432092249393463,0.0
2773,17.07618522644043,0.9986978769302368,0.0,0.20668548345565796,0.0
2774,15.051012992858887,0.9973776340484619,0.000645892636384815,0.19543790817260742,0.0
2775,16.10973358154297,0.9975252151489258,0.0,0.19566085934638977,0.0
2776,17.71307945251465,0.9962425231933594,0.0002540650311857462,0.19165492057800293,0.0
2777,17.10246467590332,1.0,0.0,0.19582104682922363,0.0
2778,17.319730758666992,0.9964224100112915,0.000292056065518409,0.17892542481422424,0.0
2779,16.309886932373047,0.9989919662475586,0.00026709403027780354,0.18135550618171692,0.0
2780,17.61284828186035,0.9990530014038086,0.0,0.2094971090555191,0.0
2781,15.929450035095215,0.9944509863853455,0.00033602150506339967,0.20999976992607117,0.0
2782,16.249191284179688,0.9969975352287292,0.00026709403027780354,0.18049375712871552,0.0002863688569050282
2783,18.48871421813965,0.9976339340209961,0.000294811325147748,0.19815057516098022,0.0
2784,17.333938598632812,0.9955724477767944,0.0,0.1959058940410614,0.0
2785,18.348037719726562,0.9990530014038086,0.00028935185400769114,0.1961250603199005,0.0
2786,15.719079971313477,0.9982638955116272,0.0,0.2128862738609314,0.0
2787,16.78042221069336,0.9988425970077515,0.0002741228090599179,0.18676088750362396,0.0
2788,15.41653060913086,1.0,0.0,0.19656586647033691,0.0
2789,15.963388442993164,0.9962616562843323,0.0002561475266702473,0.20241354405879974,0.0
2790,15.027364730834961,0.9984375238418579,0.00027901786961592734,0.19058844447135925,0.0
2791,15.43356704711914,0.9984375238418579,0.0002561475266702473,0.1937834620475769,0.00028288541943766177
2792,16.51113510131836,1.0,0.0,0.2028726488351822,0.0
2793,17.367937088012695,1.0,0.0004960630321875215,0.1882975548505783,0.0
2794,17.665264129638672,0.9969288110733032,0.0,0.19396637380123138,0.0
2795,17.30218505859375,0.998641312122345,0.0,0.1993284821510315,0.0
2796,16.90398406982422,1.0,0.0,0.2004309445619583,0.0
2797,17.143953323364258,0.9979369640350342,0.0,0.20889213681221008,0.0
2798,16.65333366394043,0.9973958730697632,0.0005231584655120969,0.20168915390968323,0.0
2799,15.744122505187988,0.9965415000915527,0.0,0.19671230018138885,0.0
2800,15.897425651550293,0.9960128664970398,0.0,0.19274643063545227,0.0
2801,17.340356826782227,1.0,0.000294811325147748,0.19936326146125793,0.0
2802,16.779850006103516,0.9934108853340149,0.0005187526112422347,0.20258283615112305,0.000286861730273813
2803,16.286165237426758,0.9989583492279053,0.0,0.18270951509475708,0.0
2804,15.746905326843262,0.9990530014038086,0.0,0.19432838261127472,0.0
2805,15.785944938659668,0.9987980723381042,0.0,0.1909472942352295,0.0
2806,16.489303588867188,0.9960300922393799,0.0005482877604663372,0.18042688071727753,0.0
2807,16.2301025390625,0.9977083206176758,0.0,0.18324902653694153,0.0
2808,18.019973754882812,1.0,0.0,0.1873769462108612,0.0
2809,16.553932189941406,0.9975637197494507,0.000563672452699393,0.20572397112846375,0.0
2810,15.988285064697266,0.9965171813964844,0.0005815085605718195,0.1881292760372162,0.0
2811,16.94554328918457,0.9985119104385376,0.0,0.19347622990608215,0.0
2812,17.503938674926758,0.9968137741088867,0.0,0.21211591362953186,0.0
2813,17.875696182250977,1.0,0.0,0.20193898677825928,0.0
2814,15.948929786682129,0.9965042471885681,0.0,0.20254157483577728,0.0
2815,16.716609954833984,0.9967013597488403,0.0,0.19126681983470917,0.0
2816,15.761957168579102,0.9984375238418579,0.0,0.18864986300468445,0.0
2817,17.674697875976562,0.9992377758026123,0.0,0.19092053174972534,0.0
2818,15.476922988891602,1.0,0.0,0.186649352312088,0.0
2819,15.347476959228516,1.0,0.0,0.19132567942142487,0.0
2820,17.15566635131836,1.0,0.00029761905898340046,0.20554670691490173,0.0
2821,16.752214431762695,0.9975379109382629,0.0,0.20057660341262817,0.0
2822,16.08336067199707,0.9941275715827942,0.0,0.20111754536628723,0.0
2823,16.65519905090332,0.9965042471885681,0.0,0.2081417739391327,0.0
2824,16.02839469909668,0.99629807472229,0.0003221649385523051,0.1986977458000183,0.0
2825,16.540258407592773,0.9989583492279053,0.0002741228090599179,0.19437916576862335,0.0
2826,15.961588859558105,0.9984375238418579,0.00017170330102089792,0.19983813166618347,0.0
2827,16.485254287719727,1.0,0.0005634746630676091,0.1817871630191803,0.0002846569987013936
2828,15.933177947998047,1.0,0.0,0.19289176166057587,0.0
2829,15.860751152038574,0.9970914125442505,0.0,0.20362740755081177,0.0
2830,16.358135223388672,0.9978063106536865,0.0,0.19272905588150024,0.0
2831,15.579158782958984,1.0,0.0,0.1944395899772644,0.0
2832,17.10095977783203,1.0,0.0,0.17840927839279175,0.0
2833,16.579816818237305,1.0,0.0,0.19638195633888245,0.0
2834,16.936073303222656,0.9990234375,0.00028669723542407155,0.1946529597043991,0.0
2835,15.577741622924805,0.9979166984558105,0.0,0.20608535408973694,0.0
2836,15.416314125061035,0.9991319179534912,0.0002840909000951797,0.1855728030204773,0.0
2837,16.409503936767578,1.0,0.0,0.18767625093460083,0.0
2838,16.025049209594727,0.998641312122345,0.0,0.20181134343147278,0.0
2839,16.549577713012695,0.998641312122345,0.000292056065518409,0.20463532209396362,0.0
2840,15.92463207244873,1.0,0.0,0.20504134893417358,0.0
2841,16.586355209350586,0.9989224076271057,0.0,0.1978922337293625,0.0
2842,17.82061195373535,0.9989919662475586,0.0,0.20243142545223236,0.0
2843,16.93140411376953,1.0,0.00027173911803402007,0.19392669200897217,0.0
2844,16.51561164855957,0.9982048273086548,0.0,0.19494333863258362,0.0
2845,16.742586135864258,0.9968006014823914,0.0,0.18487666547298431,0.0
2846,17.031753540039062,0.9980033040046692,0.00026939655072055757,0.1937691569328308,0.0
2847,16.47134017944336,0.9975404739379883,0.0002840909000951797,0.20420458912849426,0.00028620491502806544
2848,15.30663013458252,0.9989583492279053,0.00029761905898340046,0.1853116899728775,0.0
2849,16.36480712890625,1.0,0.0,0.19572561979293823,0.0
2850,16.0401611328125,0.9992559552192688,0.0,0.2017967253923416,0.0
2851,16.734886169433594,1.0,0.0,0.1866549849510193,0.0
2852,17.390493392944336,1.0,0.0005811450537294149,0.20157305896282196,0.0
2853,17.784116744995117,0.996666669845581,0.0,0.19251832365989685,0.0
2854,17.297388076782227,0.9967013597488403,0.0,0.19185853004455566,0.0
2855,16.499834060668945,0.9989224076271057,0.0,0.18879501521587372,0.0
2856,16.241783142089844,0.9984375238418579,0.0,0.18458615243434906,0.0
2857,16.964582443237305,0.998641312122345,0.0,0.18564465641975403,0.0
2858,17.149816513061523,0.998641312122345,0.0,0.19902074337005615,0.0
2859,16.156923294067383,1.0,0.0,0.19939729571342468,0.0
2860,17.10280418395996,0.9962752461433411,0.0,0.19622288644313812,0.0
2861,16.75432586669922,0.9989583492279053,0.00031565656536258757,0.20239363610744476,0.0
2862,17.416973114013672,1.0,0.0,0.2113674283027649,0.0
2863,16.290996551513672,1.0,0.000517412438057363,0.20887762308120728,0.0
2864,17.595264434814453,1.0,0.0,0.19981515407562256,0.0
2865,16.110010147094727,0.997726559638977,0.00028153153834864497,0.19146646559238434,0.0
2866,15.056739807128906,0.9977419376373291,0.0,0.18351030349731445,0.0
2867,16.34386444091797,0.9988839626312256,0.0,0.20080789923667908,0.0
2868,15.951556205749512,0.9974960088729858,0.0,0.1958838254213333,0.0
2869,15.794991493225098,0.9966869354248047,0.0,0.1880679577589035,0.0
2870,16.72819709777832,0.9988425970077515,0.0,0.20451009273529053,0.0
2871,16.65407371520996,1.0,0.0002540650311857462,0.19732338190078735,0.0002886836009565741
2872,16.230432510375977,0.9989583492279053,0.0,0.18626724183559418,0.0
2873,15.865057945251465,0.9988425970077515,0.0,0.18876025080680847,0.0
2874,17.121051788330078,0.998046875,0.00025201612152159214,0.19970747828483582,0.0
2875,16.348037719726562,0.9986978769302368,0.000597188132815063,0.19414111971855164,0.0
2876,15.699545860290527,0.9988839626312256,0.0,0.20998960733413696,0.0
2877,15.410619735717773,0.9985119104385376,0.0,0.18538899719715118,0.0
2878,15.56600570678711,0.9971591234207153,0.0003188775444868952,0.2128271609544754,0.0
2879,16.62808609008789,0.9987980723381042,0.0003289473825134337,0.2016478031873703,0.0
2880,16.265201568603516,0.9974702596664429,0.0,0.19732849299907684,0.0
2881,15.543787956237793,0.9988839626312256,0.0005820123478770256,0.19408322870731354,0.0
2882,16.426151275634766,1.0,0.0005859715747646987,0.19998984038829803,0.0
2883,16.77915382385254,0.9988839626312256,0.0,0.20245301723480225,0.0
2884,16.676382064819336,0.9961044788360596,0.0,0.19487041234970093,0.0
2885,17.25868797302246,0.9978423118591309,0.0,0.18831902742385864,0.0
2886,16.01953887939453,0.9976604580879211,0.0,0.19617429375648499,0.0
2887,15.930787086486816,1.0,0.0,0.1775093674659729,0.0
2888,16.331729888916016,0.9991987347602844,0.0,0.20132982730865479,0.0
2889,16.17425537109375,1.0,0.0,0.19313134253025055,0.0
2890,16.949636459350586,1.0,0.0,0.20599256455898285,0.0
2891,16.10036849975586,0.9973958730697632,0.0,0.1930798590183258,0.0
2892,15.752445220947266,0.9980154037475586,0.0,0.1923065483570099,0.0
2893,16.861173629760742,0.9987499713897705,0.0,0.193628191947937,0.0
2894,15.84129810333252,0.9990530014038086,0.0,0.2025512456893921,0.0
2895,16.368404388427734,0.9980543851852417,0.00035511364694684744,0.20253418385982513,0.0
2896,14.775699615478516,0.998149037361145,0.0,0.20763450860977173,0.0
2897,16.829132080078125,1.0,0.0,0.19324837625026703,0.0
2898,16.416536331176758,1.0,0.0,0.20943394303321838,0.0
2899,17.50701141357422,1.0,0.0005741677014157176,0.2071065902709961,0.0
2900,16.23476219177246,0.9990234375,0.0003221649385523051,0.20719046890735626,0.0
2901,16.73946762084961,0.9964869022369385,0.0,0.19341549277305603,0.0
2902,16.266965866088867,1.0,0.0,0.22045935690402985,0.0
2903,16.748857498168945,0.998641312122345,0.00029761905898340046,0.1987609565258026,0.0
2904,15.954804420471191,0.9980764389038086,0.0,0.18624109029769897,0.0
2905,16.950931549072266,0.9984375238418579,0.0,0.19134363532066345,0.0
2906,16.613187789916992,0.9987980723381042,0.00028153153834864497,0.19533339142799377,0.0
2907,16.224578857421875,0.9958842396736145,0.0005698773311451077,0.19574372470378876,0.0
2908,17.142518997192383,0.9978758692741394,0.0,0.1921081244945526,0.0
2909,16.733245849609375,0.9974343180656433,0.0,0.18834635615348816,0.0
2910,17.64909553527832,0.998046875,0.0003004807804245502,0.20512163639068604,0.0
2911,17.076242446899414,0.9970139265060425,0.0005876898067072034,0.18913985788822174,0.0
2912,16.59644889831543,0.9964286088943481,0.0,0.1993914395570755,0.0
2913,16.15092658996582,0.9985119104385376,0.0,0.20262745022773743,0.0
2914,16.478153228759766,0.9966428875923157,0.0,0.2124493569135666,0.0
2915,17.39249610900879,1.0,0.00028935185400769114,0.19619044661521912,0.00028425242635421455
2916,17.1380615234375,1.0,0.0006175530143082142,0.1925458461046219,0.0002840909000951797
2917,17.032583236694336,0.9988839626312256,0.0,0.19983164966106415,0.0
2918,16.697063446044922,0.9957945346832275,0.000292056065518409,0.19938185811042786,0.0
2919,16.603351593017578,0.9991071224212646,0.0,0.1952996850013733,0.0
2920,17.41234016418457,0.9970170259475708,0.0,0.18941232562065125,0.0
2921,14.845195770263672,1.0,0.0,0.2019815295934677,0.0
2922,16.1672420501709,1.0,0.0,0.201494961977005,0.0
2923,16.742813110351562,0.9970647692680359,0.00026483050896786153,0.19884712994098663,0.0
2924,15.744181632995605,0.9977114796638489,0.0,0.20239368081092834,0.0
2925,15.637903213500977,0.9988425970077515,0.0005746035603806376,0.2043968290090561,0.0
2926,15.715095520019531,1.0,0.0,0.2069290578365326,0.0
2927,16.711685180664062,0.9991987347602844,0.0,0.185795396566391,0.0
2928,16.655485153198242,1.0,0.00028669723542407155,0.2094758152961731,0.0002770083083305508
2929,17.4843807220459,0.9989583492279053,0.0,0.20475874841213226,0.0
2930,17.245698928833008,0.9990234375,0.0002561475266702473,0.19015295803546906,0.0
2931,16.667037963867188,1.0,0.0,0.2093273103237152,0.0
2932,16.057893753051758,0.9976339340209961,0.0,0.20762883126735687,0.0
2933,16.04775047302246,1.0,0.0003004807804245502,0.2155192494392395,0.00028003359329886734
2934,16.07655906677246,0.993755578994751,0.000292056065518409,0.19471707940101624,0.0
2935,16.107746124267578,0.9973958730697632,0.0,0.19020888209342957,0.0
2936,17.894332885742188,0.9986978769302368,0.0,0.1914972960948944,0.0
2937,16.508499145507812,0.997726559638977,0.00030637255986221135,0.1868133544921875,0.0
2938,17.894563674926758,0.9988839626312256,0.0005265487125143409,0.19374971091747284,0.0
2939,16.86591911315918,0.9979497194290161,0.0,0.1951221227645874,0.0
2940,15.46532917022705,1.0,0.0,0.18770146369934082,0.0
2941,16.60744857788086,0.9989583492279053,0.0,0.19528828561306,0.0
2942,15.858940124511719,0.9980295896530151,0.0,0.20090484619140625,0.0
2943,14.814115524291992,1.0,0.00028935185400769114,0.1863672137260437,0.0
2944,14.70506477355957,1.0,0.0,0.19983699917793274,0.0
2945,17.017017364501953,0.9985119104385376,0.0,0.18429827690124512,0.0
2946,15.908247947692871,1.0,0.0,0.20180049538612366,0.0
2947,17.652996063232422,0.9987980723381042,0.0,0.18506969511508942,0.0
2948,17.180038452148438,1.0,0.0002561475266702473,0.1855575442314148,0.0
2949,17.47148323059082,0.998415470123291,0.00027173911803402007,0.18893146514892578,0.0
2950,16.691984176635742,0.9989583492279053,0.0,0.20537108182907104,0.0
2951,17.443405151367188,0.9975379109382629,0.0,0.17807385325431824,0.0
2952,16.010587692260742,0.998641312122345,0.0,0.18547804653644562,0.0
2953,17.27903938293457,0.9971533417701721,0.000292056065518409,0.1994658261537552,0.0
2954,16.273042678833008,0.9959352612495422,0.0,0.20144836604595184,0.0
2955,16.73189926147461,0.9990530014038086,0.0,0.1983461081981659,0.0
2956,16.844635009765625,1.0,0.0002604166802484542,0.18150895833969116,0.0
2957,15.117734909057617,0.9990530014038086,0.0002297794126207009,0.18528154492378235,0.0
2958,17.26447105407715,0.9983552694320679,0.0002840909000951797,0.20058473944664001,0.0
2959,18.00531005859375,1.0,0.0002765486715361476,0.19252395629882812,0.0
2960,17.086593627929688,0.9968006014823914,0.0002561475266702473,0.18404386937618256,0.0
2961,17.199573516845703,1.0,0.0008335519232787192,0.19689300656318665,0.0002783189411275089
2962,14.767555236816406,0.9967412948608398,0.0,0.2133626937866211,0.0
2963,17.614229202270508,1.0,0.0,0.1914534866809845,0.0
2964,16.975934982299805,0.9989583492279053,0.0,0.18736708164215088,0.0
2965,16.92970848083496,0.9964713454246521,0.0,0.19307351112365723,0.0
2966,15.924599647521973,0.9975404739379883,0.0,0.1787804216146469,0.0
2967,15.857599258422852,0.9975961446762085,0.0,0.196634441614151,0.0
2968,16.799318313598633,0.9989583492279053,0.0,0.19548633694648743,0.0
2969,17.1165771484375,1.0,0.00028669723542407155,0.19489215314388275,0.0
2970,17.345874786376953,0.9988839626312256,0.0,0.2036476731300354,0.0
2971,15.312955856323242,0.9964554309844971,0.0,0.20482328534126282,0.0
2972,16.792577743530273,0.9977571964263916,0.0,0.19498075544834137,0.0
2973,15.814250946044922,1.0,0.0,0.2044362723827362,0.0
2974,17.180545806884766,1.0,0.0,0.18650902807712555,0.0
2975,15.893545150756836,0.9989919662475586,0.0003124999930150807,0.1977471262216568,0.0
2976,15.320650100708008,1.0,0.0,0.1881524920463562,0.0
2977,16.091354370117188,0.998641312122345,0.0,0.20266346633434296,0.0
2978,17.832441329956055,0.9988839626312256,0.0,0.205918088555336,0.0
2979,17.04428482055664,0.9970914721488953,0.0,0.19539660215377808,0.0
2980,16.210338592529297,0.9982084035873413,0.0,0.190413236618042,0.0
2981,15.001346588134766,0.998161792755127,0.0005468274466693401,0.19506141543388367,0.0
2982,16.116891860961914,0.9978422522544861,0.0,0.19140419363975525,0.0
2983,15.860100746154785,0.9974839091300964,0.0,0.1824304610490799,0.0
2984,16.393482208251953,0.9990808963775635,0.00027901786961592734,0.18844389915466309,0.0
2985,15.944504737854004,0.9954829216003418,0.0006004091119393706,0.192179873585701,0.0
2986,16.392019271850586,1.0,0.0,0.19140097498893738,0.0
2987,16.07599639892578,0.9992377758026123,0.0,0.19772988557815552,0.0
2988,15.601137161254883,0.9978819489479065,0.0002741228090599179,0.19218775629997253,0.0
2989,16.527040481567383,0.9980449676513672,0.00027901786961592734,0.20525270700454712,0.000277315586572513
2990,16.991565704345703,0.996279776096344,0.0,0.1856929212808609,0.0
2991,16.20429039001465,0.9988425970077515,0.000854453188367188,0.19303545355796814,0.0
2992,15.975993156433105,0.9965400099754333,0.0002840909000951797,0.19740843772888184,0.0
2993,16.03776741027832,0.9970531463623047,0.0,0.18056035041809082,0.0
2994,16.181690216064453,0.9992377758026123,0.0,0.20945698022842407,0.0
2995,17.262489318847656,0.9940808415412903,0.0,0.1979779303073883,0.0
2996,17.294443130493164,0.9989224076271057,0.0,0.19892635941505432,0.0
2997,16.86182403564453,0.9976339340209961,0.00027901786961592734,0.19698043167591095,0.0
2998,16.463253021240234,0.997664749622345,0.0,0.1901809722185135,0.0
2999,15.989409446716309,1.0,0.0,0.19137544929981232,0.0
